employee_id,hire_date,exit_date,exit_type,exit_reason,country,site,department,job_level,gender,age,contract_type,work_model,fte,base_salary_eur,salary_band_mid_eur,compa_ratio,tenure_months,months_since_promotion,performance_rating,engagement_score
E00001,2021-07-17,,,,PL,Krakow,Customer Service,L2,F,30,Permanent,Hybrid,1.0,24050,23600,1.019,59,59,3,50
E00002,2022-03-04,,,,PL,Krakow,Sales,L1,M,32,Permanent,Hybrid,1.0,21800,22000,0.991,51,51,3,62
E00003,2018-10-06,,,,ES,Barcelona,Customer Service,L2,M,47,Permanent,Hybrid,1.0,29450,28100,1.048,92,92,2,69
E00004,2022-08-04,,,,PL,Krakow,Customer Service,L2,M,35,Permanent,Remote,1.0,26550,23600,1.125,46,13,3,61
E00005,2023-04-05,,,,DE,Munich,Operations,L1,M,25,Permanent,Hybrid,1.0,41350,36100,1.145,38,38,3,72
E00006,2026-03-03,,,,PL,Krakow,Customer Service,L6,M,31,Permanent,Onsite,1.0,77250,75600,1.022,3,3,3,61
E00007,2024-12-05,,,,IT,Milan,Finance,L3,M,43,Permanent,Hybrid,1.0,42650,45800,0.931,18,18,4,71
E00008,2020-12-30,,,,PL,Krakow,Customer Service,L3,M,35,Permanent,Remote,1.0,31200,30200,1.033,66,14,3,63
E00009,2022-05-05,,,,DE,Munich,HR,L2,F,37,Permanent,Onsite,1.0,44900,47500,0.945,49,13,3,65
E00010,2023-05-07,,,,PL,Krakow,Customer Service,L1,F,27,Permanent,Hybrid,1.0,18550,18900,0.981,37,37,3,66
E00011,2024-02-02,,,,DE,Munich,Finance,L3,F,22,Permanent,Onsite,1.0,69750,66900,1.043,28,25,2,62
E00012,2025-04-01,2025-08-01,Involuntary,End of fixed-term contract,IT,Milan,Customer Service,L2,F,35,Fixed-term,Remote,1.0,25100,29200,0.86,4,4,4,47
E00013,2012-07-25,,,,IT,Milan,Operations,L1,F,50,Permanent,Onsite,1.0,28100,24700,1.138,167,21,3,70
E00014,2017-07-01,,,,IT,Milan,Operations,L1,F,51,Permanent,Onsite,1.0,25550,24700,1.034,107,107,2,52
E00015,2016-12-22,,,,PL,Krakow,Operations,L3,M,40,Permanent,Hybrid,1.0,34300,31900,1.075,114,42,1,55
E00016,2026-03-09,,,,PL,Krakow,Operations,L1,F,30,Fixed-term,Onsite,1.0,15550,20000,0.777,3,3,4,68
E00017,2025-03-22,,,,IT,Milan,Customer Service,L1,F,25,Permanent,Remote,1.0,18550,23400,0.793,15,15,3,45
E00018,2022-01-02,,,,IT,Milan,HR,L1,F,40,Permanent,Remote,1.0,23050,26000,0.887,53,11,2,68
E00019,2025-10-27,2026-04-15,Voluntary,Manager / leadership,ES,Barcelona,Finance,L1,F,27,Fixed-term,Remote,1.0,24250,27500,0.882,6,6,4,56
E00020,2025-02-02,,,,ES,Barcelona,Sales,L4,M,37,Fixed-term,Remote,1.0,54850,55100,0.995,16,16,4,68
E00021,2024-10-21,,,,PL,Krakow,Customer Service,L1,M,24,Permanent,Remote,1.0,17850,18900,0.944,20,20,5,73
E00022,2024-08-07,,,,DE,Munich,Operations,L3,M,20,Permanent,Onsite,1.0,60050,57800,1.039,22,16,3,80
E00023,2023-10-10,,,,PL,Krakow,Tech,L1,M,31,Permanent,Remote,0.8,28100,26200,1.073,32,25,3,67
E00024,2024-03-06,2026-05-09,Voluntary,Compensation,IT,Milan,Operations,L3,M,37,Permanent,Onsite,1.0,32150,39500,0.814,26,26,3,38
E00025,2025-12-19,,,,IT,Milan,Operations,L4,F,40,Permanent,Onsite,1.0,49050,51900,0.945,6,6,3,67
E00026,2015-03-01,2025-07-21,Voluntary,Work-life balance,DE,Munich,Customer Service,L2,F,49,Permanent,Hybrid,1.0,42250,42800,0.987,124,13,3,59
E00027,2025-07-14,,,,ES,Barcelona,Operations,L4,M,28,Permanent,Onsite,1.0,53400,49900,1.07,11,11,2,74
E00028,2022-04-12,,,,PL,Krakow,Customer Service,L1,M,31,Permanent,Hybrid,1.0,19600,18900,1.037,50,40,1,48
E00029,2019-12-23,,,,ES,Barcelona,Customer Service,L2,M,36,Permanent,Hybrid,1.0,27900,28100,0.993,78,78,3,50
E00030,2024-06-30,,,,PL,Krakow,Customer Service,L3,F,20,Permanent,Hybrid,1.0,32050,30200,1.061,24,24,3,84
E00031,2021-09-10,,,,ES,Barcelona,Operations,L4,M,47,Permanent,Hybrid,1.0,55850,49900,1.119,57,57,4,63
E00032,2024-09-22,,,,IT,Milan,HR,L2,F,35,Permanent,Onsite,1.0,30000,32500,0.923,21,14,4,88
E00033,2024-12-25,,,,PL,Krakow,Finance,L1,M,37,Permanent,Hybrid,1.0,22300,23100,0.965,18,18,3,87
E00034,2022-01-22,2026-05-23,Voluntary,Relocation,IT,Milan,HR,L3,M,31,Fixed-term,Onsite,1.0,38900,41600,0.935,52,33,3,62
E00035,2022-07-15,,,,IT,Milan,Operations,L3,M,41,Permanent,Hybrid,1.0,42800,39500,1.084,47,26,3,59
E00036,2022-09-24,,,,DE,Munich,Operations,L3,M,27,Permanent,Onsite,1.0,64350,57800,1.113,45,45,3,82
E00037,2021-12-23,,,,PL,Krakow,Operations,L2,F,37,Permanent,Hybrid,1.0,23750,24900,0.954,54,47,3,65
E00038,2024-12-17,,,,IT,Milan,Customer Service,L1,F,37,Permanent,Hybrid,1.0,21500,23400,0.919,18,18,3,54
E00039,2023-12-21,,,,IT,Milan,Finance,L1,F,32,Permanent,Remote,1.0,31400,28600,1.098,30,30,4,55
E00040,2012-07-19,,,,PL,Krakow,Operations,L2,M,46,Permanent,Onsite,1.0,25400,24900,1.02,167,167,2,67
E00041,2025-04-26,,,,PL,Krakow,Tech,L2,F,25,Permanent,Onsite,1.0,25050,32800,0.764,14,10,3,40
E00042,2023-06-02,,,,IT,Milan,Customer Service,L2,M,31,Permanent,Onsite,0.8,32450,29200,1.111,36,19,4,58
E00043,2026-02-25,,,,IT,Milan,Tech,L4,M,37,Permanent,Remote,1.0,65050,68200,0.954,4,4,3,62
E00044,2024-11-08,,,,PL,Krakow,Operations,L3,M,25,Permanent,Hybrid,1.0,34100,31900,1.069,19,19,2,56
E00045,2023-09-14,,,,IT,Milan,Finance,L2,F,35,Permanent,Remote,1.0,34050,35800,0.951,33,20,2,63
E00046,2012-07-14,,,,IT,Milan,Tech,L2,F,52,Fixed-term,Hybrid,1.0,39350,40600,0.969,167,19,3,74
E00047,2025-12-27,,,,IT,Milan,Tech,L3,F,36,Permanent,Hybrid,1.0,45000,52000,0.865,6,6,5,61
E00048,2025-02-21,,,,PL,Krakow,Tech,L2,F,20,Permanent,Hybrid,1.0,34850,32800,1.062,16,10,5,65
E00049,2025-10-03,,,,ES,Barcelona,Customer Service,L5,F,21,Permanent,Hybrid,1.0,62050,65200,0.952,8,8,5,85
E00050,2024-11-23,,,,ES,Barcelona,Finance,L4,F,24,Permanent,Onsite,1.0,54000,57800,0.934,19,19,3,77
E00051,2026-03-31,,,,DE,Munich,Customer Service,L1,F,25,Permanent,Onsite,1.0,31700,34200,0.927,3,3,2,54
E00052,2025-07-25,2025-08-15,Involuntary,End of fixed-term contract,ES,Barcelona,Customer Service,L2,F,29,Fixed-term,Remote,1.0,29000,28100,1.032,1,1,3,58
E00053,2024-09-08,,,,PL,Krakow,HR,L4,F,33,Permanent,Hybrid,1.0,52850,44100,1.198,21,15,4,78
E00054,2024-09-18,,,,ES,Barcelona,Customer Service,L4,M,29,Permanent,Hybrid,0.8,40100,47200,0.85,21,21,3,53
E00055,2024-08-24,,,,PL,Krakow,Customer Service,L4,F,40,Fixed-term,Remote,1.0,38100,39700,0.96,22,22,4,73
E00056,2014-04-22,2026-05-26,Voluntary,Career progression,PL,Krakow,Customer Service,L5,F,39,Permanent,Hybrid,1.0,60700,54800,1.108,145,145,3,61
E00057,2022-05-19,,,,IT,Milan,Operations,L3,F,27,Permanent,Hybrid,1.0,37050,39500,0.938,49,37,3,63
E00058,2025-11-20,,,,PL,Krakow,Operations,L1,M,33,Permanent,Remote,1.0,16650,20000,0.833,7,7,4,47
E00059,2024-07-11,,,,DE,Munich,Customer Service,L2,F,38,Permanent,Hybrid,1.0,41600,42800,0.972,23,23,4,78
E00060,2025-10-02,2026-02-26,Voluntary,Better external offer,PL,Krakow,Customer Service,L4,F,27,Permanent,Onsite,1.0,34850,39700,0.878,4,4,3,71
E00061,2025-11-24,,,,PL,Krakow,Sales,L1,M,26,Fixed-term,Onsite,1.0,21550,22000,0.98,7,7,4,77
E00062,2020-10-16,,,,IT,Milan,Operations,L5,F,34,Fixed-term,Remote,1.0,71050,71600,0.992,68,10,3,76
E00063,2022-01-18,,,,IT,Milan,Customer Service,L3,M,28,Permanent,Onsite,1.0,39750,37400,1.063,53,27,4,52
E00064,2026-01-20,,,,IT,Milan,Operations,L2,F,36,Permanent,Hybrid,0.8,26700,30900,0.864,5,5,4,64
E00065,2018-11-12,2025-07-05,Voluntary,Personal reasons,ES,Barcelona,Tech,L3,M,42,Permanent,Hybrid,1.0,40500,50000,0.81,80,3,3,60
E00066,2019-07-26,,,,PL,Krakow,Sales,L3,M,37,Permanent,Onsite,1.0,32950,35300,0.933,83,5,3,50
E00067,2021-05-02,,,,IT,Milan,Customer Service,L3,F,41,Permanent,Hybrid,1.0,40950,37400,1.095,61,32,3,57
E00068,2024-01-07,,,,PL,Krakow,Tech,L2,M,24,Permanent,Onsite,0.8,33600,32800,1.024,29,15,3,90
E00069,2025-04-14,,,,IT,Milan,HR,L3,M,37,Permanent,Remote,1.0,43150,41600,1.037,14,4,4,72
E00070,2024-07-30,,,,ES,Barcelona,Tech,L3,M,45,Permanent,Onsite,1.0,59300,50000,1.186,23,23,3,72
E00071,2021-04-19,2026-05-03,Voluntary,Personal reasons,IT,Milan,Finance,L3,F,20,Permanent,Onsite,1.0,45700,45800,0.998,61,33,3,60
E00072,2023-10-24,,,,DE,Munich,Tech,L1,M,29,Permanent,Remote,1.0,41350,47500,0.871,32,32,5,55
E00073,2025-12-31,,,,PL,Krakow,Sales,L3,F,26,Permanent,Onsite,1.0,30950,35300,0.877,6,6,3,50
E00074,2024-03-01,,,,PL,Krakow,Sales,L3,F,36,Fixed-term,Hybrid,1.0,30000,35300,0.85,27,4,3,53
E00075,2022-07-20,,,,PL,Krakow,Finance,L2,M,39,Permanent,Hybrid,1.0,30200,28900,1.045,47,24,4,71
E00076,2024-07-02,,,,IT,Milan,Operations,L5,M,22,Permanent,Onsite,1.0,79400,71600,1.109,23,16,3,68
E00077,2016-01-06,,,,PL,Krakow,Operations,L1,F,53,Permanent,Hybrid,1.0,21350,20000,1.067,125,31,3,49
E00078,2022-09-22,,,,PL,Krakow,Customer Service,L1,M,26,Permanent,Hybrid,1.0,20750,18900,1.098,45,45,4,67
E00079,2015-10-14,,,,DE,Munich,Operations,L4,F,49,Permanent,Hybrid,1.0,69000,75800,0.91,128,128,3,43
E00080,2026-01-04,2026-02-27,Involuntary,Performance,PL,Krakow,HR,L3,F,30,Fixed-term,Hybrid,1.0,29400,33600,0.875,1,1,3,55
E00081,2016-10-20,,,,IT,Milan,HR,L2,F,42,Fixed-term,Hybrid,0.8,33400,32500,1.028,116,31,3,51
E00082,2024-04-06,,,,IT,Milan,Customer Service,L5,M,36,Permanent,Hybrid,1.0,70850,67900,1.043,26,26,4,61
E00083,2025-05-21,,,,IT,Milan,Customer Service,L2,M,27,Permanent,Onsite,1.0,27650,29200,0.947,13,13,1,61
E00084,2025-04-02,2025-12-21,Voluntary,Compensation,PL,Krakow,Sales,L2,F,34,Fixed-term,Onsite,1.0,23900,27600,0.866,8,0,4,61
E00085,2025-05-06,,,,DE,Munich,Customer Service,L3,F,34,Permanent,Hybrid,0.8,54950,54700,1.005,13,13,3,84
E00086,2024-07-12,,,,DE,Munich,Customer Service,L4,F,34,Permanent,Onsite,1.0,79200,71800,1.103,23,23,2,69
E00087,2025-02-21,2025-09-09,Involuntary,End of fixed-term contract,IT,Milan,Customer Service,L1,F,28,Fixed-term,Remote,1.0,20550,23400,0.878,7,7,5,75
E00088,2022-02-03,,,,IT,Milan,Tech,L2,M,37,Permanent,Hybrid,1.0,38500,40600,0.948,52,17,4,76
E00089,2024-10-08,,,,PL,Krakow,Operations,L1,F,36,Permanent,Hybrid,1.0,21200,20000,1.06,20,9,3,84
E00090,2024-01-13,,,,ES,Barcelona,Operations,L1,M,45,Fixed-term,Onsite,1.0,19600,23800,0.824,29,16,3,56
E00091,2012-07-07,,,,DE,Munich,Customer Service,L2,F,60,Permanent,Onsite,1.0,43950,42800,1.027,167,26,2,85
E00092,2013-09-13,,,,PL,Krakow,Sales,L4,F,44,Permanent,Onsite,1.0,46500,46300,1.004,153,32,2,60
E00093,2025-03-16,2025-08-26,Voluntary,Compensation,PL,Krakow,Operations,L1,M,39,Permanent,Hybrid,1.0,18300,20000,0.915,5,5,3,57
E00094,2019-10-26,,,,IT,Milan,Tech,L3,M,56,Permanent,Hybrid,1.0,58800,52000,1.131,80,80,3,59
E00095,2020-08-13,,,,PL,Krakow,Tech,L2,F,39,Permanent,Hybrid,1.0,34200,32800,1.043,70,16,3,56
E00096,2024-04-06,,,,IT,Milan,Operations,L3,F,42,Fixed-term,Hybrid,1.0,41850,39500,1.059,26,21,4,68
E00097,2024-02-11,,,,IT,Milan,HR,L2,M,37,Permanent,Hybrid,1.0,32950,32500,1.014,28,21,3,75
E00098,2024-10-18,,,,PL,Krakow,Finance,L3,M,29,Permanent,Hybrid,1.0,38600,37000,1.043,20,16,3,70
E00099,2025-09-11,,,,PL,Krakow,HR,L2,F,34,Permanent,Hybrid,1.0,24450,26200,0.933,9,9,3,83
E00100,2020-02-21,,,,ES,Barcelona,Sales,L2,F,38,Permanent,Hybrid,1.0,33200,32800,1.012,76,76,3,49
E00101,2023-05-31,2026-05-05,Voluntary,Career progression,PL,Krakow,Customer Service,L3,M,39,Permanent,Remote,1.0,34300,30200,1.136,36,36,3,53
E00102,2024-05-15,,,,IT,Milan,Operations,L1,M,37,Permanent,Hybrid,1.0,24250,24700,0.982,25,25,3,61
E00103,2021-10-22,,,,ES,Barcelona,Operations,L2,M,20,Permanent,Hybrid,1.0,31200,29700,1.051,56,48,4,55
E00104,2025-02-16,,,,PL,Krakow,Tech,L5,M,41,Permanent,Hybrid,1.0,72500,76100,0.953,16,16,3,80
E00105,2022-05-19,,,,PL,Krakow,Customer Service,L2,M,38,Fixed-term,Hybrid,1.0,24950,23600,1.057,49,49,2,65
E00106,2022-06-14,,,,IT,Milan,HR,L5,F,40,Permanent,Onsite,1.0,91750,75400,1.217,48,8,3,67
E00107,2017-04-11,,,,ES,Barcelona,Customer Service,L4,F,50,Fixed-term,Hybrid,1.0,53750,47200,1.139,110,110,3,48
E00108,2025-10-08,,,,PL,Krakow,Tech,L2,M,29,Permanent,Hybrid,1.0,31800,32800,0.97,8,8,4,74
E00109,2025-12-05,2026-04-11,Voluntary,Better external offer,ES,Barcelona,Finance,L4,M,22,Fixed-term,Hybrid,1.0,55200,57800,0.955,4,4,3,82
E00110,2024-04-20,2025-11-12,Voluntary,Better external offer,IT,Milan,Operations,L1,M,40,Permanent,Hybrid,1.0,23100,24700,0.935,19,4,3,75
E00111,2024-02-20,,,,DE,Munich,Tech,L2,M,37,Permanent,Onsite,1.0,53350,59400,0.898,28,15,3,49
E00112,2019-08-20,,,,ES,Barcelona,Customer Service,L2,F,33,Permanent,Onsite,1.0,27850,28100,0.991,82,22,3,66
E00113,2023-07-11,,,,DE,Munich,Operations,L4,M,34,Fixed-term,Remote,1.0,77500,75800,1.022,35,13,2,75
E00114,2017-09-01,,,,ES,Barcelona,Operations,L4,M,40,Permanent,Hybrid,1.0,46900,49900,0.94,105,105,3,61
E00115,2023-07-26,,,,IT,Milan,Customer Service,L2,M,27,Permanent,Remote,1.0,30450,29200,1.043,35,5,3,54
E00116,2022-03-07,,,,IT,Milan,Customer Service,L3,F,35,Permanent,Remote,1.0,39100,37400,1.045,51,51,3,67
E00117,2025-04-20,,,,PL,Krakow,Tech,L3,F,27,Permanent,Onsite,1.0,41050,42000,0.977,14,14,3,68
E00118,2024-08-04,,,,DE,Munich,Operations,L2,M,24,Permanent,Onsite,1.0,46300,45100,1.027,22,18,3,64
E00119,2019-12-23,,,,IT,Milan,Customer Service,L3,M,48,Permanent,Hybrid,1.0,39500,37400,1.056,78,78,4,57
E00120,2025-08-22,,,,IT,Milan,Finance,L2,M,33,Fixed-term,Onsite,1.0,33800,35800,0.944,10,10,4,70
E00121,2024-02-22,,,,PL,Krakow,Operations,L2,F,40,Permanent,Hybrid,1.0,21050,24900,0.845,28,10,2,75
E00122,2020-01-19,,,,PL,Krakow,Customer Service,L2,F,38,Permanent,Onsite,1.0,26700,23600,1.131,77,21,4,73
E00123,2023-07-02,,,,IT,Milan,Finance,L6,M,34,Permanent,Remote,1.0,103450,114400,0.904,35,35,3,39
E00124,2024-03-17,,,,PL,Krakow,Tech,L3,M,41,Permanent,Hybrid,1.0,43500,42000,1.036,27,17,3,69
E00125,2024-08-01,,,,PL,Krakow,Customer Service,L3,F,24,Fixed-term,Hybrid,1.0,31400,30200,1.04,22,17,3,55
E00126,2025-09-12,,,,PL,Krakow,Tech,L1,F,24,Fixed-term,Remote,1.0,29450,26200,1.124,9,9,4,63
E00127,2022-09-26,,,,ES,Barcelona,Tech,L2,M,40,Permanent,Onsite,1.0,39200,39100,1.003,45,45,2,61
E00128,2025-07-23,2025-10-24,Voluntary,Personal reasons,PL,Krakow,Finance,L2,M,26,Fixed-term,Hybrid,1.0,25200,28900,0.872,3,3,3,50
E00129,2025-05-12,2026-01-22,Voluntary,Relocation,PL,Krakow,Tech,L4,M,26,Fixed-term,Onsite,1.0,46600,55100,0.846,8,8,3,53
E00130,2026-05-11,,,,PL,Krakow,Sales,L2,F,35,Permanent,Hybrid,1.0,25000,27600,0.906,1,1,2,54
E00131,2021-10-07,,,,ES,Barcelona,Customer Service,L2,M,40,Permanent,Hybrid,1.0,31000,28100,1.103,56,8,3,74
E00132,2025-10-09,,,,IT,Milan,Customer Service,L3,M,20,Fixed-term,Hybrid,1.0,38750,37400,1.036,8,8,4,64
E00133,2024-08-22,,,,PL,Krakow,Sales,L2,F,27,Permanent,Hybrid,1.0,27150,27600,0.984,22,12,2,70
E00134,2022-01-08,,,,DE,Munich,Tech,L5,M,50,Permanent,Onsite,1.0,151500,137800,1.099,53,53,3,62
E00135,2023-06-26,,,,PL,Krakow,Operations,L3,M,26,Permanent,Remote,1.0,31550,31900,0.989,36,20,2,56
E00136,2024-06-24,,,,DE,Munich,Customer Service,L6,M,36,Permanent,Hybrid,1.0,138500,136800,1.012,24,15,3,79
E00137,2024-03-03,,,,PL,Krakow,Operations,L1,F,36,Permanent,Onsite,0.8,18450,20000,0.922,27,12,2,60
E00138,2025-10-23,,,,IT,Milan,Sales,L1,F,29,Fixed-term,Hybrid,0.8,26200,27300,0.96,8,8,3,65
E00139,2022-03-24,2025-09-07,Voluntary,Manager / leadership,PL,Krakow,Customer Service,L3,F,40,Permanent,Onsite,1.0,27250,30200,0.902,42,42,3,43
E00140,2025-12-14,2026-03-15,Voluntary,Compensation,ES,Barcelona,Operations,L2,F,35,Fixed-term,Onsite,1.0,23250,29700,0.783,3,3,2,55
E00141,2024-10-20,2025-09-10,Voluntary,Work-life balance,DE,Munich,Operations,L2,F,44,Permanent,Hybrid,1.0,39400,45100,0.874,11,11,3,46
E00142,2023-05-13,,,,ES,Barcelona,Operations,L1,F,26,Permanent,Hybrid,1.0,25950,23800,1.09,37,37,4,73
E00143,2023-09-02,,,,IT,Milan,Operations,L3,M,20,Permanent,Onsite,1.0,37950,39500,0.961,33,15,3,75
E00144,2019-08-26,,,,IT,Milan,Finance,L1,F,46,Permanent,Onsite,1.0,27100,28600,0.948,82,82,3,53
E00145,2025-02-09,,,,IT,Milan,Customer Service,L1,F,35,Permanent,Remote,1.0,24750,23400,1.058,16,6,4,70
E00146,2025-02-25,,,,DE,Munich,Sales,L1,F,26,Fixed-term,Hybrid,1.0,38250,39900,0.959,16,12,4,80
E00147,2026-03-23,,,,ES,Barcelona,Operations,L5,M,33,Permanent,Onsite,1.0,61500,68900,0.893,3,3,5,48
E00148,2020-09-23,,,,IT,Milan,Tech,L1,M,41,Permanent,Hybrid,1.0,36300,32500,1.117,69,20,1,69
E00149,2025-02-07,2025-10-15,Voluntary,Compensation,IT,Milan,Tech,L1,M,22,Fixed-term,Onsite,1.0,28150,32500,0.866,8,6,3,52
E00150,2026-05-03,,,,IT,Milan,Tech,L2,F,33,Fixed-term,Hybrid,1.0,36750,40600,0.905,1,1,2,71
E00151,2025-09-30,,,,DE,Munich,Sales,L1,M,35,Fixed-term,Onsite,1.0,40250,39900,1.009,9,9,3,70
E00152,2024-03-07,,,,IT,Milan,Customer Service,L3,F,37,Permanent,Onsite,1.0,39450,37400,1.055,27,17,4,63
E00153,2018-02-14,,,,PL,Krakow,Sales,L2,F,40,Permanent,Remote,1.0,31200,27600,1.13,100,100,3,65
E00154,2012-07-18,,,,PL,Krakow,Tech,L1,F,44,Permanent,Onsite,1.0,27050,26200,1.032,167,26,3,65
E00155,2023-12-25,,,,PL,Krakow,Tech,L2,F,25,Permanent,Onsite,1.0,36400,32800,1.11,30,12,3,65
E00156,2022-05-05,,,,ES,Barcelona,Customer Service,L3,F,28,Permanent,Remote,1.0,31750,36000,0.882,49,30,3,40
E00157,2020-09-01,,,,IT,Milan,Finance,L3,F,43,Permanent,Hybrid,1.0,45350,45800,0.99,69,69,4,69
E00158,2026-01-30,,,,ES,Barcelona,Tech,L1,M,21,Fixed-term,Remote,1.0,29250,31200,0.938,5,5,3,59
E00159,2026-02-15,,,,PL,Krakow,Operations,L3,F,36,Permanent,Hybrid,1.0,29250,31900,0.917,4,4,4,54
E00160,2021-10-11,,,,PL,Krakow,Operations,L2,M,27,Permanent,Remote,1.0,25800,24900,1.036,56,14,1,72
E00161,2022-05-23,,,,DE,Munich,Finance,L5,F,38,Permanent,Remote,1.0,150550,121200,1.242,49,11,3,69
E00162,2023-04-19,,,,PL,Krakow,Finance,L2,M,45,Permanent,Remote,1.0,31200,28900,1.08,38,38,3,71
E00163,2025-05-18,,,,DE,Munich,Operations,L2,F,31,Fixed-term,Hybrid,1.0,44850,45100,0.994,13,13,4,81
E00164,2023-03-27,,,,IT,Milan,Sales,L2,M,36,Permanent,Hybrid,1.0,36300,34100,1.065,39,13,5,76
E00165,2026-01-25,,,,DE,Munich,Customer Service,L2,M,34,Permanent,Remote,1.0,41850,42800,0.978,5,5,3,62
E00166,2019-08-02,,,,IT,Milan,Tech,L4,F,30,Permanent,Onsite,1.0,69650,68200,1.021,82,82,1,52
E00167,2023-01-08,,,,IT,Milan,Customer Service,L4,F,39,Permanent,Hybrid,1.0,46350,49100,0.944,41,41,3,50
E00168,2023-11-10,2025-07-13,Voluntary,Better external offer,PL,Krakow,Customer Service,L2,M,32,Permanent,Hybrid,1.0,24300,23600,1.03,20,20,4,59
E00169,2025-11-07,2026-02-21,Involuntary,Restructuring,PL,Krakow,Sales,L6,M,33,Fixed-term,Onsite,1.0,70300,88200,0.797,3,3,3,39
E00170,2023-02-10,,,,IT,Milan,Operations,L3,F,32,Permanent,Remote,1.0,38150,39500,0.966,40,18,3,68
E00171,2025-09-21,2026-01-19,Voluntary,Manager / leadership,IT,Milan,Operations,L1,M,31,Fixed-term,Hybrid,1.0,19250,24700,0.779,4,4,2,60
E00172,2024-12-05,,,,IT,Milan,Sales,L3,M,26,Permanent,Hybrid,1.0,44900,43700,1.027,18,12,4,72
E00173,2025-11-21,,,,DE,Munich,Operations,L3,F,21,Permanent,Onsite,1.0,62550,57800,1.082,7,7,5,83
E00174,2025-06-01,,,,IT,Milan,Sales,L1,M,30,Permanent,Hybrid,0.8,22750,27300,0.833,12,12,3,42
E00175,2018-12-12,,,,PL,Krakow,Operations,L1,F,23,Permanent,Onsite,1.0,20600,20000,1.03,90,90,2,51
E00176,2021-09-01,,,,ES,Barcelona,Customer Service,L1,F,47,Permanent,Hybrid,1.0,22350,22500,0.993,57,25,3,58
E00177,2022-08-02,,,,PL,Krakow,Tech,L5,M,20,Permanent,Hybrid,0.8,73000,76100,0.959,46,15,3,70
E00178,2025-02-14,,,,IT,Milan,Customer Service,L1,M,35,Permanent,Hybrid,1.0,25600,23400,1.094,16,16,2,71
E00179,2022-04-12,2025-07-03,Voluntary,Relocation,PL,Krakow,Customer Service,L3,F,35,Permanent,Onsite,1.0,28750,30200,0.952,39,39,3,45
E00180,2023-09-24,,,,PL,Krakow,Customer Service,L4,M,38,Fixed-term,Hybrid,1.0,40700,39700,1.025,33,9,3,69
E00181,2023-04-22,,,,DE,Munich,Customer Service,L4,F,44,Permanent,Hybrid,1.0,74900,71800,1.043,38,38,3,45
E00182,2023-02-02,,,,PL,Krakow,Operations,L2,F,37,Permanent,Onsite,1.0,24750,24900,0.994,40,40,3,65
E00183,2022-06-09,,,,IT,Milan,Customer Service,L1,F,44,Permanent,Hybrid,1.0,24300,23400,1.038,48,48,4,77
E00184,2021-06-09,,,,DE,Munich,HR,L1,F,26,Permanent,Hybrid,1.0,40650,38000,1.07,60,31,4,53
E00185,2019-05-30,,,,IT,Milan,Operations,L2,F,38,Permanent,Hybrid,1.0,29950,30900,0.969,85,85,3,67
E00186,2024-01-26,,,,PL,Krakow,HR,L3,F,27,Permanent,Hybrid,1.0,33050,33600,0.984,29,7,1,74
E00187,2022-08-26,,,,IT,Milan,Customer Service,L1,F,38,Fixed-term,Onsite,1.0,23350,23400,0.998,46,3,3,56
E00188,2025-05-21,2025-10-21,Voluntary,Career progression,DE,Munich,Operations,L2,F,26,Fixed-term,Remote,1.0,38700,45100,0.858,5,5,4,54
E00189,2025-01-19,,,,DE,Munich,Operations,L2,F,38,Fixed-term,Onsite,1.0,41050,45100,0.91,17,14,4,51
E00190,2024-05-31,,,,DE,Munich,Tech,L6,M,44,Permanent,Onsite,1.0,191400,190000,1.007,25,16,3,64
E00191,2023-12-23,,,,IT,Milan,Tech,L2,F,37,Permanent,Hybrid,1.0,38800,40600,0.956,30,30,3,54
E00192,2023-12-18,,,,PL,Krakow,Customer Service,L2,M,29,Permanent,Hybrid,1.0,22750,23600,0.964,30,16,3,64
E00193,2025-08-04,,,,PL,Krakow,HR,L4,M,26,Fixed-term,Onsite,1.0,42100,44100,0.955,10,10,3,63
E00194,2022-11-14,,,,PL,Krakow,Sales,L1,M,37,Permanent,Hybrid,1.0,22950,22000,1.043,43,43,4,76
E00195,2024-08-04,,,,IT,Milan,Sales,L2,F,41,Permanent,Onsite,1.0,35350,34100,1.037,22,12,3,85
E00196,2026-05-04,,,,DE,Munich,Customer Service,L4,M,33,Fixed-term,Onsite,1.0,65950,71800,0.919,1,1,3,39
E00197,2026-05-14,,,,PL,Krakow,Customer Service,L1,M,22,Fixed-term,Onsite,1.0,16550,18900,0.876,1,1,3,39
E00198,2022-02-02,,,,PL,Krakow,Customer Service,L4,F,31,Permanent,Remote,1.0,40100,39700,1.01,52,17,3,71
E00199,2026-03-18,,,,DE,Munich,Operations,L1,F,33,Permanent,Hybrid,1.0,33300,36100,0.922,3,3,3,70
E00200,2020-10-23,,,,IT,Milan,Customer Service,L1,F,40,Permanent,Hybrid,1.0,20250,23400,0.865,68,17,4,53
E00201,2024-01-21,,,,PL,Krakow,Operations,L1,F,40,Permanent,Hybrid,1.0,17850,20000,0.892,29,5,4,67
E00202,2025-01-20,,,,DE,Munich,Tech,L1,F,34,Permanent,Remote,1.0,36950,47500,0.778,17,4,3,50
E00203,2019-02-21,,,,DE,Munich,Sales,L1,M,49,Permanent,Hybrid,0.8,43900,39900,1.1,88,18,4,72
E00204,2019-06-14,2025-11-25,Voluntary,Career progression,DE,Munich,Customer Service,L4,M,35,Permanent,Onsite,1.0,78250,71800,1.09,77,77,4,61
E00205,2021-10-12,,,,IT,Milan,Operations,L2,M,35,Permanent,Onsite,1.0,31800,30900,1.029,56,16,3,78
E00206,2023-05-15,,,,PL,Krakow,Customer Service,L1,F,32,Permanent,Onsite,1.0,20400,18900,1.079,37,37,3,44
E00207,2020-03-13,2025-08-17,Voluntary,Career progression,PL,Krakow,Customer Service,L4,M,31,Fixed-term,Hybrid,1.0,39500,39700,0.995,65,23,3,60
E00208,2022-05-04,,,,DE,Munich,Tech,L3,M,51,Permanent,Hybrid,1.0,78550,76000,1.034,49,38,4,57
E00209,2024-10-13,,,,DE,Munich,Customer Service,L3,M,46,Permanent,Remote,1.0,50200,54700,0.918,20,12,2,57
E00210,2016-09-05,2025-07-02,Voluntary,Compensation,IT,Milan,Sales,L4,M,38,Fixed-term,Hybrid,1.0,51800,57300,0.904,106,35,2,43
E00211,2021-11-25,2025-12-13,Voluntary,Personal reasons,DE,Munich,Tech,L3,M,41,Permanent,Hybrid,1.0,73550,76000,0.968,49,49,2,62
E00212,2021-02-16,,,,ES,Barcelona,Tech,L1,F,32,Fixed-term,Onsite,1.0,30350,31200,0.973,64,31,3,70
E00213,2015-02-09,,,,IT,Milan,Tech,L5,M,60,Permanent,Remote,1.0,101400,94200,1.076,136,20,3,60
E00214,2025-08-20,2026-06-27,Voluntary,Compensation,PL,Krakow,Sales,L1,M,35,Fixed-term,Hybrid,0.8,20100,22000,0.914,10,10,3,67
E00215,2023-01-19,,,,PL,Krakow,HR,L1,M,32,Permanent,Hybrid,1.0,19850,21000,0.945,41,14,3,75
E00216,2025-07-11,,,,PL,Krakow,Operations,L1,F,36,Permanent,Onsite,1.0,17850,20000,0.892,11,11,2,58
E00217,2024-07-03,,,,ES,Barcelona,Customer Service,L1,M,26,Fixed-term,Onsite,1.0,22200,22500,0.987,23,23,4,70
E00218,2015-04-30,,,,IT,Milan,Operations,L5,F,49,Permanent,Onsite,1.0,80550,71600,1.125,134,13,4,61
E00219,2022-02-01,2025-11-22,Voluntary,Career progression,DE,Munich,Customer Service,L3,F,32,Permanent,Hybrid,0.8,49500,54700,0.905,45,45,3,36
E00220,2021-05-22,,,,DE,Munich,Operations,L3,M,36,Permanent,Onsite,0.8,64050,57800,1.108,61,15,4,85
E00221,2019-10-20,2025-09-14,Voluntary,Compensation,IT,Milan,Customer Service,L3,M,29,Permanent,Onsite,1.0,32200,37400,0.861,71,71,4,40
E00222,2024-12-23,,,,IT,Milan,Tech,L2,M,22,Permanent,Hybrid,1.0,42400,40600,1.044,18,18,4,81
E00223,2024-02-08,,,,ES,Barcelona,Finance,L5,M,35,Permanent,Remote,0.8,86350,79800,1.082,28,28,3,63
E00224,2022-05-18,,,,IT,Milan,Operations,L2,M,31,Permanent,Hybrid,1.0,34350,30900,1.112,49,49,4,74
E00225,2025-01-04,2025-08-08,Voluntary,Work-life balance,DE,Munich,Finance,L2,F,37,Fixed-term,Hybrid,1.0,51750,52300,0.989,7,3,3,59
E00226,2026-04-16,,,,DE,Munich,Tech,L3,F,30,Fixed-term,Onsite,1.0,61400,76000,0.808,2,2,3,55
E00227,2023-03-16,,,,PL,Krakow,Tech,L4,M,34,Permanent,Remote,1.0,61850,55100,1.123,39,39,4,61
E00228,2023-08-11,,,,IT,Milan,Customer Service,L1,M,31,Fixed-term,Hybrid,1.0,24250,23400,1.036,34,17,4,66
E00229,2020-01-11,,,,IT,Milan,Tech,L2,M,45,Permanent,Hybrid,1.0,45300,40600,1.116,77,38,1,53
E00230,2022-12-21,,,,PL,Krakow,Customer Service,L1,F,35,Permanent,Hybrid,0.8,16700,18900,0.884,42,42,2,39
E00231,2023-07-08,,,,PL,Krakow,Customer Service,L3,F,33,Fixed-term,Onsite,1.0,30200,30200,1.0,35,21,4,66
E00232,2025-10-24,,,,PL,Krakow,Operations,L1,F,24,Permanent,Hybrid,1.0,17200,20000,0.86,8,8,3,59
E00233,2025-12-19,,,,ES,Barcelona,Operations,L2,F,37,Permanent,Onsite,1.0,24750,29700,0.833,6,6,3,49
E00234,2024-02-14,,,,PL,Krakow,Operations,L4,M,30,Permanent,Onsite,1.0,46200,41900,1.103,28,7,2,70
E00235,2021-11-17,,,,IT,Milan,Finance,L2,F,30,Permanent,Onsite,1.0,35750,35800,0.999,55,55,2,63
E00236,2024-09-16,,,,PL,Krakow,Tech,L3,M,30,Permanent,Hybrid,1.0,42150,42000,1.004,21,21,3,60
E00237,2025-11-11,,,,DE,Munich,Sales,L2,M,36,Permanent,Hybrid,1.0,40950,49900,0.821,7,7,4,52
E00238,2021-08-11,,,,IT,Milan,Customer Service,L2,M,28,Permanent,Remote,1.0,29550,29200,1.012,58,27,3,63
E00239,2025-07-01,2026-01-18,Voluntary,Career progression,IT,Milan,Customer Service,L3,F,20,Fixed-term,Hybrid,0.8,27550,37400,0.737,6,6,3,55
E00240,2023-06-10,,,,DE,Munich,Finance,L2,M,38,Permanent,Remote,1.0,59850,52300,1.144,36,12,3,69
E00241,2020-06-21,,,,ES,Barcelona,Sales,L5,M,32,Permanent,Hybrid,1.0,83550,76100,1.098,72,28,4,58
E00242,2020-09-10,,,,PL,Krakow,Sales,L1,M,49,Permanent,Hybrid,1.0,22900,22000,1.041,69,35,2,56
E00243,2017-11-05,,,,ES,Barcelona,Customer Service,L5,M,39,Permanent,Remote,1.0,71500,65200,1.097,103,17,4,71
E00244,2019-10-10,2025-07-02,Voluntary,Career progression,PL,Krakow,Customer Service,L4,M,51,Fixed-term,Hybrid,0.8,40250,39700,1.014,69,29,3,66
E00245,2024-06-04,,,,DE,Munich,Operations,L2,F,37,Permanent,Hybrid,1.0,47700,45100,1.058,24,12,2,86
E00246,2025-08-12,,,,IT,Milan,Customer Service,L5,F,25,Fixed-term,Hybrid,1.0,70900,67900,1.044,10,10,3,70
E00247,2015-04-24,,,,IT,Milan,Operations,L2,F,36,Fixed-term,Onsite,0.8,31850,30900,1.031,134,16,3,83
E00248,2020-02-22,,,,IT,Milan,Customer Service,L1,F,31,Fixed-term,Hybrid,1.0,25550,23400,1.092,76,76,2,38
E00249,2024-09-14,2025-10-28,Voluntary,Relocation,PL,Krakow,Tech,L1,M,33,Permanent,Hybrid,1.0,26350,26200,1.006,13,9,3,67
E00250,2024-12-22,2025-08-15,Involuntary,Conduct,PL,Krakow,Finance,L1,F,26,Permanent,Remote,1.0,20950,23100,0.907,8,8,3,49
E00251,2022-04-04,2025-10-15,Voluntary,Manager / leadership,IT,Milan,Sales,L3,M,46,Permanent,Hybrid,1.0,49950,43700,1.143,42,13,5,81
E00252,2024-06-15,,,,ES,Barcelona,Operations,L1,M,45,Fixed-term,Hybrid,1.0,24500,23800,1.029,24,21,3,80
E00253,2022-10-16,2025-09-09,Voluntary,Personal reasons,DE,Munich,Customer Service,L3,M,23,Permanent,Hybrid,0.8,54200,54700,0.991,35,35,3,60
E00254,2023-07-15,,,,PL,Krakow,Sales,L1,F,38,Permanent,Hybrid,1.0,22250,22000,1.011,35,35,1,68
E00255,2024-10-13,,,,PL,Krakow,Customer Service,L3,F,23,Permanent,Onsite,1.0,28800,30200,0.954,20,20,3,64
E00256,2024-02-14,2026-05-10,Voluntary,Personal reasons,IT,Milan,Customer Service,L1,F,31,Permanent,Hybrid,1.0,23600,23400,1.009,27,27,3,44
E00257,2020-06-13,2026-05-19,Voluntary,Work-life balance,IT,Milan,Operations,L2,F,43,Permanent,Hybrid,1.0,31400,30900,1.016,71,71,3,60
E00258,2022-01-13,,,,IT,Milan,Operations,L1,M,37,Permanent,Hybrid,1.0,25400,24700,1.028,53,13,3,64
E00259,2024-02-10,,,,DE,Munich,Sales,L2,F,40,Permanent,Onsite,1.0,47900,49900,0.96,28,28,2,61
E00260,2023-03-02,,,,IT,Milan,Customer Service,L4,M,22,Permanent,Remote,1.0,50600,49100,1.031,39,6,3,70
E00261,2024-08-22,,,,PL,Krakow,Operations,L2,M,26,Permanent,Remote,1.0,23050,24900,0.926,22,12,3,63
E00262,2017-09-01,,,,PL,Krakow,Sales,L2,M,32,Permanent,Hybrid,1.0,29800,27600,1.08,105,22,4,68
E00263,2020-07-21,2025-08-18,Voluntary,Compensation,PL,Krakow,Operations,L1,M,30,Permanent,Onsite,1.0,19850,20000,0.993,61,61,3,61
E00264,2023-03-21,,,,ES,Barcelona,Customer Service,L2,F,28,Permanent,Hybrid,1.0,26100,28100,0.929,39,3,4,60
E00265,2018-06-24,,,,PL,Krakow,Tech,L2,M,45,Permanent,Hybrid,1.0,31800,32800,0.97,96,96,4,64
E00266,2023-01-22,2026-01-26,Voluntary,Compensation,PL,Krakow,Customer Service,L2,F,35,Permanent,Onsite,1.0,20400,23600,0.864,36,12,2,38
E00267,2018-02-09,,,,DE,Munich,Operations,L3,M,38,Permanent,Hybrid,1.0,63200,57800,1.093,100,100,3,70
E00268,2026-03-30,2026-06-07,Voluntary,Better external offer,PL,Krakow,Operations,L5,F,35,Fixed-term,Hybrid,1.0,51500,57900,0.889,3,3,1,43
E00269,2026-04-03,,,,PL,Krakow,Tech,L5,F,30,Fixed-term,Hybrid,1.0,64450,76100,0.847,2,2,3,58
E00270,2020-07-20,,,,PL,Krakow,Operations,L4,M,34,Permanent,Hybrid,1.0,38500,41900,0.919,71,17,4,72
E00271,2021-02-08,,,,IT,Milan,Tech,L3,F,34,Permanent,Onsite,1.0,57650,52000,1.109,64,64,3,53
E00272,2025-11-14,,,,PL,Krakow,Customer Service,L2,M,37,Fixed-term,Hybrid,1.0,22600,23600,0.958,7,7,2,74
E00273,2025-07-24,2025-10-27,Voluntary,Personal reasons,DE,Munich,Customer Service,L3,M,27,Fixed-term,Hybrid,1.0,46350,54700,0.847,3,3,3,62
E00274,2022-12-26,,,,IT,Milan,Operations,L4,M,30,Permanent,Hybrid,1.0,51100,51900,0.985,42,13,3,82
E00275,2024-10-06,,,,PL,Krakow,Sales,L2,F,24,Permanent,Onsite,1.0,26500,27600,0.96,20,20,3,67
E00276,2023-03-20,,,,IT,Milan,Customer Service,L2,M,47,Permanent,Remote,1.0,31550,29200,1.08,39,39,2,69
E00277,2023-12-02,,,,ES,Barcelona,Operations,L3,M,23,Fixed-term,Hybrid,1.0,39150,38000,1.03,30,30,3,68
E00278,2012-12-25,,,,PL,Krakow,Operations,L3,F,43,Fixed-term,Remote,1.0,34850,31900,1.092,162,43,3,64
E00279,2022-04-17,,,,DE,Munich,Operations,L3,M,44,Permanent,Onsite,1.0,57550,57800,0.996,50,50,2,56
E00280,2012-07-04,,,,PL,Krakow,Sales,L2,F,48,Permanent,Onsite,1.0,27300,27600,0.989,167,13,4,74
E00281,2020-03-23,,,,ES,Barcelona,HR,L2,M,36,Permanent,Onsite,1.0,30900,31200,0.99,75,15,3,74
E00282,2022-12-11,2025-09-01,Voluntary,Better external offer,PL,Krakow,Tech,L2,M,25,Permanent,Hybrid,1.0,35850,32800,1.093,33,33,5,54
E00283,2015-07-19,,,,DE,Munich,Customer Service,L1,F,42,Permanent,Hybrid,1.0,37350,34200,1.092,131,131,4,68
E00284,2020-11-13,,,,DE,Munich,Tech,L2,M,46,Permanent,Onsite,1.0,54000,59400,0.909,67,6,3,31
E00285,2025-10-01,,,,PL,Krakow,Finance,L3,F,38,Permanent,Hybrid,1.0,31850,37000,0.861,8,8,3,48
E00286,2018-03-02,2025-12-13,Voluntary,Work-life balance,PL,Krakow,Customer Service,L2,M,33,Permanent,Onsite,1.0,20200,23600,0.856,93,93,2,41
E00287,2024-09-23,,,,PL,Krakow,Sales,L2,M,22,Fixed-term,Hybrid,1.0,31550,27600,1.143,21,21,4,77
E00288,2015-04-23,,,,ES,Barcelona,Customer Service,L1,M,31,Permanent,Hybrid,1.0,24150,22500,1.073,134,14,3,71
E00289,2023-03-31,,,,PL,Krakow,Customer Service,L2,M,35,Permanent,Hybrid,1.0,24950,23600,1.057,39,20,3,69
E00290,2023-04-13,2026-06-07,Voluntary,Relocation,IT,Milan,Customer Service,L3,M,36,Permanent,Hybrid,1.0,39200,37400,1.048,38,25,4,59
E00291,2025-07-31,,,,IT,Milan,Finance,L2,F,25,Permanent,Onsite,1.0,29000,35800,0.81,11,11,5,67
E00292,2023-06-19,,,,PL,Krakow,HR,L2,F,38,Permanent,Hybrid,1.0,22100,26200,0.844,36,36,2,51
E00293,2024-09-05,,,,IT,Milan,Tech,L2,F,28,Permanent,Hybrid,1.0,42200,40600,1.039,21,10,1,65
E00294,2024-10-15,,,,PL,Krakow,Customer Service,L1,F,31,Permanent,Remote,1.0,16850,18900,0.892,20,10,4,62
E00295,2025-06-24,,,,IT,Milan,Sales,L2,M,37,Fixed-term,Remote,1.0,31500,34100,0.924,12,12,3,67
E00296,2019-05-08,2026-04-23,Voluntary,Work-life balance,IT,Milan,Customer Service,L4,F,34,Permanent,Remote,1.0,49600,49100,1.01,83,83,3,59
E00297,2024-01-14,,,,ES,Barcelona,Operations,L1,F,25,Permanent,Remote,1.0,23500,23800,0.987,29,24,3,76
E00298,2022-03-02,,,,DE,Munich,Operations,L1,M,36,Permanent,Onsite,1.0,36250,36100,1.004,51,51,4,58
E00299,2025-05-03,2026-03-01,Voluntary,Compensation,IT,Milan,Operations,L3,M,20,Fixed-term,Hybrid,1.0,35050,39500,0.887,10,10,2,49
E00300,2025-11-20,,,,IT,Milan,Tech,L2,F,23,Permanent,Remote,1.0,37950,40600,0.935,7,7,3,71
E00301,2017-03-18,,,,IT,Milan,Sales,L4,F,43,Permanent,Hybrid,1.0,47700,57300,0.832,111,29,3,50
E00302,2022-05-10,,,,PL,Krakow,Finance,L2,M,41,Permanent,Hybrid,1.0,30300,28900,1.048,49,49,4,64
E00303,2020-10-12,,,,DE,Munich,Sales,L2,M,39,Permanent,Hybrid,1.0,54550,49900,1.093,68,68,3,54
E00304,2022-05-22,,,,PL,Krakow,Operations,L3,F,28,Permanent,Onsite,1.0,32500,31900,1.019,49,12,5,74
E00305,2025-11-17,,,,DE,Munich,Operations,L2,M,35,Fixed-term,Hybrid,1.0,41950,45100,0.93,7,7,3,70
E00306,2016-04-10,,,,PL,Krakow,Tech,L5,M,42,Permanent,Remote,1.0,73950,76100,0.972,122,8,4,73
E00307,2024-04-19,,,,ES,Barcelona,Customer Service,L2,F,26,Permanent,Onsite,1.0,29550,28100,1.052,26,9,3,54
E00308,2026-03-15,,,,ES,Barcelona,Tech,L1,F,35,Fixed-term,Onsite,1.0,27600,31200,0.885,3,3,4,40
E00309,2025-05-30,,,,PL,Krakow,Operations,L4,M,34,Permanent,Onsite,1.0,38000,41900,0.907,13,13,5,54
E00310,2012-07-24,,,,PL,Krakow,Sales,L1,M,39,Permanent,Hybrid,1.0,22400,22000,1.018,167,27,3,53
E00311,2024-01-17,,,,PL,Krakow,Finance,L2,F,22,Permanent,Hybrid,1.0,32150,28900,1.112,29,29,4,53
E00312,2012-07-19,,,,IT,Milan,Operations,L1,F,40,Permanent,Onsite,1.0,25050,24700,1.014,167,167,3,63
E00313,2024-11-24,,,,PL,Krakow,Finance,L3,M,23,Fixed-term,Hybrid,1.0,37000,37000,1.0,19,19,2,69
E00314,2022-12-23,,,,ES,Barcelona,Sales,L1,F,43,Permanent,Hybrid,1.0,27000,26200,1.031,42,18,3,63
E00315,2024-06-24,,,,DE,Munich,Operations,L2,M,25,Permanent,Hybrid,1.0,36650,45100,0.813,24,15,5,72
E00316,2024-06-22,,,,PL,Krakow,Customer Service,L1,M,24,Permanent,Onsite,1.0,16600,18900,0.878,24,11,1,48
E00317,2025-07-19,2025-11-20,Voluntary,Relocation,PL,Krakow,Tech,L2,M,34,Fixed-term,Onsite,1.0,29600,32800,0.902,4,4,2,48
E00318,2022-04-13,,,,ES,Barcelona,Tech,L5,M,43,Fixed-term,Onsite,1.0,97200,90600,1.073,50,26,4,75
E00319,2020-08-01,,,,IT,Milan,Operations,L6,M,45,Permanent,Hybrid,1.0,96750,98800,0.979,70,70,4,76
E00320,2025-05-15,2026-04-24,Voluntary,Compensation,DE,Munich,Customer Service,L1,F,20,Permanent,Onsite,1.0,26850,34200,0.785,11,11,3,50
E00321,2023-11-21,,,,PL,Krakow,Finance,L4,M,29,Fixed-term,Hybrid,1.0,50550,48500,1.042,31,14,3,70
E00322,2022-10-31,,,,ES,Barcelona,Customer Service,L2,M,38,Permanent,Hybrid,0.8,27250,28100,0.97,44,19,4,76
E00323,2020-10-15,,,,IT,Milan,HR,L1,F,41,Fixed-term,Hybrid,1.0,24150,26000,0.929,68,68,4,65
E00324,2025-09-01,,,,DE,Munich,Operations,L3,M,30,Fixed-term,Hybrid,1.0,59900,57800,1.036,9,9,2,73
E00325,2020-07-15,,,,DE,Munich,Operations,L1,M,37,Permanent,Hybrid,1.0,36450,36100,1.01,71,31,3,68
E00326,2025-11-07,,,,PL,Krakow,HR,L1,F,20,Permanent,Remote,1.0,20500,21000,0.976,7,7,2,58
E00327,2025-12-09,,,,IT,Milan,Operations,L1,F,33,Permanent,Onsite,0.8,19000,24700,0.769,6,6,3,45
E00328,2020-12-30,,,,IT,Milan,Operations,L5,M,44,Fixed-term,Onsite,1.0,90450,71600,1.263,66,48,3,60
E00329,2017-11-04,,,,IT,Milan,Customer Service,L1,M,52,Permanent,Hybrid,1.0,24850,23400,1.062,103,103,4,59
E00330,2025-09-22,2026-06-26,Involuntary,Restructuring,ES,Barcelona,Customer Service,L4,M,24,Fixed-term,Hybrid,1.0,42400,47200,0.898,9,9,3,60
E00331,2024-06-18,,,,ES,Barcelona,Customer Service,L3,F,29,Permanent,Onsite,1.0,36600,36000,1.017,24,9,2,62
E00332,2018-09-24,2025-07-11,Voluntary,Work-life balance,ES,Barcelona,Operations,L1,F,56,Permanent,Onsite,1.0,22750,23800,0.956,82,82,3,58
E00333,2019-03-13,2026-05-03,Voluntary,Compensation,PL,Krakow,Operations,L1,F,47,Permanent,Onsite,1.0,18750,20000,0.938,86,86,5,63
E00334,2020-04-06,2026-01-28,Involuntary,Conduct,IT,Milan,Operations,L2,M,33,Permanent,Hybrid,1.0,27800,30900,0.9,69,69,3,44
E00335,2013-03-04,,,,IT,Milan,Operations,L3,M,44,Permanent,Hybrid,0.8,44000,39500,1.114,159,37,2,55
E00336,2020-08-01,,,,PL,Krakow,Customer Service,L5,M,32,Permanent,Remote,0.8,65700,54800,1.199,70,70,2,60
E00337,2021-04-09,,,,PL,Krakow,Tech,L3,M,39,Fixed-term,Onsite,1.0,45950,42000,1.094,62,13,4,80
E00338,2023-12-03,,,,DE,Munich,Customer Service,L1,F,22,Fixed-term,Hybrid,1.0,33450,34200,0.978,30,30,3,37
E00339,2025-05-02,2025-10-20,Voluntary,Better external offer,IT,Milan,Finance,L1,F,25,Fixed-term,Onsite,1.0,30500,28600,1.066,5,5,3,63
E00340,2025-12-07,,,,PL,Krakow,Operations,L3,F,29,Permanent,Onsite,1.0,28600,31900,0.897,6,6,3,52
E00341,2025-06-08,2026-01-09,Voluntary,Personal reasons,PL,Krakow,Finance,L2,M,39,Permanent,Remote,1.0,28250,28900,0.978,7,7,3,63
E00342,2025-03-08,,,,DE,Munich,Customer Service,L1,F,32,Fixed-term,Hybrid,1.0,36750,34200,1.075,15,15,3,68
E00343,2014-01-15,,,,DE,Munich,HR,L5,F,43,Permanent,Remote,1.0,101000,110200,0.917,149,24,2,48
E00344,2023-08-11,2025-10-08,Voluntary,Relocation,DE,Munich,Sales,L4,F,36,Permanent,Onsite,1.0,91150,83800,1.088,26,26,3,43
E00345,2013-05-15,,,,IT,Milan,Finance,L3,M,34,Fixed-term,Hybrid,1.0,41450,45800,0.905,157,157,4,55
E00346,2021-10-13,,,,PL,Krakow,HR,L4,F,37,Fixed-term,Hybrid,1.0,51100,44100,1.159,56,11,3,73
E00347,2021-08-12,,,,ES,Barcelona,HR,L1,M,37,Permanent,Onsite,1.0,27050,25000,1.082,58,13,4,82
E00348,2025-04-03,2025-12-28,Voluntary,Work-life balance,PL,Krakow,Tech,L2,M,39,Permanent,Remote,1.0,30150,32800,0.919,8,8,3,47
E00349,2023-04-26,,,,IT,Milan,HR,L1,M,25,Permanent,Hybrid,1.0,21300,26000,0.819,38,4,3,54
E00350,2022-07-01,,,,DE,Munich,Operations,L1,F,20,Permanent,Onsite,1.0,35100,36100,0.972,47,47,2,47
E00351,2022-06-17,,,,DE,Munich,Tech,L2,M,35,Permanent,Onsite,1.0,63350,59400,1.066,48,48,4,66
E00352,2015-06-21,,,,DE,Munich,Sales,L2,M,46,Permanent,Hybrid,1.0,49300,49900,0.988,132,41,3,69
E00353,2022-03-26,,,,ES,Barcelona,Tech,L3,F,37,Permanent,Hybrid,1.0,55200,50000,1.104,51,51,5,75
E00354,2026-02-17,,,,IT,Milan,Operations,L2,F,28,Fixed-term,Onsite,1.0,29100,30900,0.942,4,4,4,68
E00355,2016-02-10,,,,IT,Milan,Operations,L1,M,49,Permanent,Hybrid,1.0,22550,24700,0.913,124,124,4,39
E00356,2021-08-15,,,,ES,Barcelona,Customer Service,L3,F,31,Permanent,Onsite,1.0,37050,36000,1.029,58,58,4,55
E00357,2023-10-11,2025-07-04,Voluntary,Compensation,PL,Krakow,Sales,L2,F,34,Permanent,Hybrid,1.0,27600,27600,1.0,21,21,3,83
E00358,2025-11-14,,,,PL,Krakow,Customer Service,L4,F,35,Permanent,Hybrid,1.0,36550,39700,0.921,7,7,3,72
E00359,2024-11-05,,,,ES,Barcelona,Sales,L4,F,36,Permanent,Onsite,1.0,53000,55100,0.962,19,19,3,66
E00360,2024-07-08,,,,DE,Munich,Operations,L2,M,25,Permanent,Hybrid,0.8,45800,45100,1.016,23,4,4,68
E00361,2022-10-21,,,,IT,Milan,Tech,L2,F,39,Permanent,Onsite,1.0,34900,40600,0.86,44,13,3,42
E00362,2025-01-13,,,,IT,Milan,Operations,L5,M,30,Fixed-term,Hybrid,1.0,77900,71600,1.088,17,9,3,60
E00363,2025-12-08,,,,PL,Krakow,Operations,L2,M,38,Fixed-term,Hybrid,1.0,22550,24900,0.906,6,6,2,48
E00364,2024-12-11,,,,IT,Milan,Finance,L2,F,26,Permanent,Hybrid,0.8,36600,35800,1.022,18,15,2,79
E00365,2026-03-30,,,,DE,Munich,Operations,L2,F,31,Permanent,Hybrid,1.0,42900,45100,0.951,3,3,3,74
E00366,2019-08-25,2026-02-10,Voluntary,Work-life balance,PL,Krakow,Operations,L2,F,44,Permanent,Onsite,1.0,26750,24900,1.074,78,22,5,52
E00367,2025-01-25,,,,IT,Milan,Tech,L2,F,31,Permanent,Hybrid,1.0,35350,40600,0.871,17,11,4,62
E00368,2021-08-19,,,,ES,Barcelona,Tech,L1,M,29,Permanent,Onsite,1.0,29150,31200,0.934,58,22,3,71
E00369,2026-03-13,,,,PL,Krakow,Operations,L2,M,26,Permanent,Hybrid,1.0,23950,24900,0.962,3,3,1,65
E00370,2025-06-24,2026-04-05,Voluntary,Work-life balance,ES,Barcelona,Operations,L4,F,33,Fixed-term,Hybrid,1.0,44350,49900,0.889,10,10,4,64
E00371,2025-10-23,,,,ES,Barcelona,Operations,L2,M,35,Permanent,Onsite,1.0,31050,29700,1.045,8,8,4,73
E00372,2021-07-23,,,,PL,Krakow,Sales,L2,M,30,Permanent,Remote,1.0,29050,27600,1.053,59,15,3,70
E00373,2018-09-10,,,,PL,Krakow,Operations,L3,M,37,Permanent,Remote,1.0,34600,31900,1.085,93,93,4,59
E00374,2021-11-20,,,,DE,Munich,Customer Service,L2,M,39,Permanent,Remote,1.0,38750,42800,0.905,55,55,5,46
E00375,2022-08-23,,,,IT,Milan,Customer Service,L4,M,38,Permanent,Onsite,1.0,47350,49100,0.964,46,27,4,65
E00376,2024-04-16,,,,IT,Milan,Customer Service,L2,F,34,Permanent,Onsite,1.0,29250,29200,1.002,26,18,2,72
E00377,2019-12-27,,,,IT,Milan,Customer Service,L2,M,28,Permanent,Remote,1.0,33200,29200,1.137,78,78,2,50
E00378,2019-11-30,,,,IT,Milan,Operations,L2,F,52,Permanent,Remote,1.0,29400,30900,0.951,79,13,3,74
E00379,2025-10-13,,,,IT,Milan,Customer Service,L2,M,44,Permanent,Hybrid,1.0,25300,29200,0.866,8,8,4,70
E00380,2021-12-05,,,,PL,Krakow,Customer Service,L1,M,38,Permanent,Onsite,1.0,20500,18900,1.085,54,18,3,65
E00381,2021-11-07,2025-07-17,Voluntary,Compensation,PL,Krakow,Sales,L3,M,29,Fixed-term,Hybrid,1.0,36000,35300,1.02,44,44,3,49
E00382,2012-12-04,,,,DE,Munich,Customer Service,L2,F,47,Permanent,Hybrid,1.0,41450,42800,0.968,162,38,2,67
E00383,2019-11-12,2026-05-25,Voluntary,Career progression,IT,Milan,Customer Service,L1,M,42,Permanent,Hybrid,1.0,22200,23400,0.949,78,78,4,87
E00384,2026-04-06,,,,IT,Milan,Finance,L3,M,22,Permanent,Remote,1.0,42050,45800,0.918,2,2,3,49
E00385,2025-08-25,,,,IT,Milan,Sales,L1,F,22,Permanent,Onsite,1.0,25100,27300,0.919,10,10,3,49
E00386,2022-03-12,,,,DE,Munich,Tech,L4,F,36,Permanent,Hybrid,1.0,98950,99800,0.991,51,28,3,57
E00387,2015-10-25,2025-10-07,Involuntary,Performance,PL,Krakow,Customer Service,L3,F,46,Permanent,Hybrid,1.0,31250,30200,1.035,120,120,2,53
E00388,2019-10-24,,,,IT,Milan,HR,L4,F,29,Permanent,Hybrid,1.0,45900,54600,0.841,80,30,4,41
E00389,2024-09-18,,,,IT,Milan,Operations,L1,F,31,Permanent,Hybrid,1.0,20200,24700,0.818,21,4,3,58
E00390,2025-02-24,,,,IT,Milan,Operations,L3,M,33,Permanent,Onsite,1.0,39800,39500,1.008,16,16,2,68
E00391,2025-06-01,,,,PL,Krakow,Customer Service,L3,M,44,Permanent,Remote,1.0,29250,30200,0.969,12,12,3,58
E00392,2017-06-05,,,,DE,Munich,Operations,L4,F,38,Fixed-term,Hybrid,1.0,67700,75800,0.893,108,3,2,63
E00393,2022-09-10,2025-11-27,Voluntary,Manager / leadership,ES,Barcelona,HR,L3,F,46,Permanent,Hybrid,1.0,39200,40000,0.98,38,38,3,49
E00394,2019-09-16,,,,IT,Milan,Operations,L1,F,33,Permanent,Hybrid,1.0,27150,24700,1.099,81,81,2,42
E00395,2020-03-30,2026-03-16,Voluntary,Career progression,ES,Barcelona,Tech,L1,M,37,Permanent,Hybrid,1.0,29850,31200,0.957,72,27,5,66
E00396,2025-07-30,,,,DE,Munich,HR,L4,M,29,Permanent,Hybrid,0.8,78000,79800,0.977,11,11,4,89
E00397,2025-04-09,,,,IT,Milan,Customer Service,L2,F,42,Fixed-term,Onsite,1.0,24350,29200,0.834,14,14,3,40
E00398,2022-06-14,,,,PL,Krakow,HR,L1,F,33,Permanent,Hybrid,1.0,23500,21000,1.119,48,15,3,72
E00399,2026-06-12,,,,PL,Krakow,Customer Service,L4,M,26,Fixed-term,Onsite,1.0,40000,39700,1.008,0,0,4,66
E00400,2015-12-26,,,,ES,Barcelona,Tech,L1,F,58,Permanent,Remote,1.0,30750,31200,0.986,126,126,3,58
E00401,2021-04-26,,,,IT,Milan,Operations,L3,M,29,Permanent,Remote,1.0,38250,39500,0.968,62,19,4,87
E00402,2024-09-03,,,,PL,Krakow,Customer Service,L2,M,25,Permanent,Hybrid,1.0,22800,23600,0.966,21,17,5,74
E00403,2026-02-11,,,,PL,Krakow,Sales,L3,M,37,Permanent,Onsite,1.0,33300,35300,0.943,4,4,2,60
E00404,2023-08-22,,,,PL,Krakow,Customer Service,L2,M,25,Fixed-term,Onsite,1.0,27450,23600,1.163,34,34,3,41
E00405,2022-07-09,,,,PL,Krakow,Operations,L2,M,24,Permanent,Remote,1.0,25150,24900,1.01,47,21,3,69
E00406,2025-02-08,,,,PL,Krakow,Customer Service,L4,M,37,Fixed-term,Hybrid,1.0,38450,39700,0.969,16,9,2,65
E00407,2012-07-20,,,,DE,Munich,Operations,L6,M,53,Permanent,Onsite,1.0,141300,144400,0.979,167,24,2,79
E00408,2025-10-13,,,,PL,Krakow,Customer Service,L3,F,37,Permanent,Hybrid,1.0,29700,30200,0.983,8,8,3,69
E00409,2023-09-25,,,,PL,Krakow,Operations,L2,M,22,Permanent,Remote,1.0,25550,24900,1.026,33,16,3,69
E00410,2025-12-09,,,,PL,Krakow,HR,L1,M,28,Permanent,Hybrid,1.0,20900,21000,0.995,6,6,2,71
E00411,2025-12-27,,,,ES,Barcelona,Customer Service,L4,M,20,Permanent,Hybrid,1.0,44150,47200,0.935,6,6,4,76
E00412,2025-12-19,,,,DE,Munich,Tech,L1,M,30,Fixed-term,Remote,1.0,48050,47500,1.012,6,6,3,56
E00413,2023-08-18,,,,DE,Munich,Sales,L3,F,35,Permanent,Onsite,1.0,50750,63800,0.795,34,4,3,51
E00414,2026-01-09,,,,IT,Milan,Finance,L4,M,40,Fixed-term,Hybrid,1.0,58300,60100,0.97,5,5,4,82
E00415,2026-02-12,,,,IT,Milan,Customer Service,L1,F,46,Fixed-term,Onsite,1.0,22800,23400,0.974,4,4,2,74
E00416,2023-04-15,,,,ES,Barcelona,Finance,L1,F,35,Permanent,Hybrid,1.0,28500,27500,1.036,38,38,3,65
E00417,2023-05-09,,,,IT,Milan,HR,L3,F,24,Permanent,Onsite,1.0,44250,41600,1.064,37,37,3,61
E00418,2014-11-19,,,,ES,Barcelona,Tech,L1,M,63,Permanent,Onsite,1.0,32150,31200,1.03,139,18,3,62
E00419,2024-10-04,,,,IT,Milan,Sales,L3,F,47,Permanent,Hybrid,1.0,42300,43700,0.968,20,17,4,62
E00420,2015-03-22,2026-01-08,Involuntary,Performance,IT,Milan,Tech,L2,F,48,Permanent,Hybrid,1.0,38750,40600,0.954,130,130,3,52
E00421,2018-05-14,,,,IT,Milan,Finance,L3,M,36,Permanent,Hybrid,1.0,52850,45800,1.154,97,97,4,64
E00422,2024-12-11,,,,ES,Barcelona,Operations,L1,F,31,Permanent,Hybrid,1.0,20250,23800,0.851,18,16,1,59
E00423,2025-03-05,,,,IT,Milan,HR,L3,F,28,Permanent,Hybrid,1.0,35500,41600,0.853,15,15,2,66
E00424,2012-07-17,,,,PL,Krakow,Sales,L1,M,45,Permanent,Hybrid,1.0,19150,22000,0.87,167,27,4,65
E00425,2025-12-31,,,,IT,Milan,Operations,L2,F,22,Fixed-term,Hybrid,1.0,29400,30900,0.951,6,6,3,71
E00426,2024-12-03,2025-08-18,Voluntary,Manager / leadership,PL,Krakow,Customer Service,L1,F,25,Permanent,Remote,1.0,18300,18900,0.968,8,0,3,57
E00427,2024-07-14,2025-08-25,Voluntary,Manager / leadership,PL,Krakow,Customer Service,L1,F,35,Permanent,Hybrid,1.0,18850,18900,0.997,13,0,2,62
E00428,2025-03-03,,,,PL,Krakow,Customer Service,L3,M,22,Permanent,Hybrid,1.0,31950,30200,1.058,15,10,3,73
E00429,2026-03-18,,,,IT,Milan,Operations,L3,F,36,Permanent,Hybrid,0.8,39350,39500,0.996,3,3,3,85
E00430,2024-11-23,,,,PL,Krakow,Operations,L5,M,20,Permanent,Remote,1.0,58350,57900,1.008,19,14,2,83
E00431,2025-10-06,2025-12-14,Involuntary,Conduct,IT,Milan,Operations,L5,M,27,Permanent,Onsite,1.0,50800,71600,0.709,2,2,3,54
E00432,2025-08-18,,,,DE,Munich,Customer Service,L1,F,20,Permanent,Hybrid,1.0,32200,34200,0.942,10,10,4,73
E00433,2017-10-30,,,,PL,Krakow,Customer Service,L2,M,37,Permanent,Hybrid,1.0,25700,23600,1.089,104,14,3,73
E00434,2025-01-13,2025-09-13,Voluntary,Manager / leadership,DE,Munich,Customer Service,L3,M,32,Fixed-term,Remote,1.0,47050,54700,0.86,8,6,2,60
E00435,2013-03-31,,,,IT,Milan,Operations,L2,M,41,Permanent,Hybrid,1.0,29150,30900,0.943,159,159,3,65
E00436,2020-10-05,2026-05-14,Voluntary,Work-life balance,PL,Krakow,Operations,L3,M,38,Permanent,Hybrid,1.0,28950,31900,0.908,67,16,3,45
E00437,2026-05-06,,,,IT,Milan,Operations,L5,M,29,Permanent,Hybrid,1.0,69000,71600,0.964,1,1,3,76
E00438,2024-12-13,,,,PL,Krakow,Customer Service,L1,F,32,Permanent,Hybrid,1.0,16800,18900,0.889,18,18,3,55
E00439,2026-03-01,,,,PL,Krakow,Tech,L4,M,26,Fixed-term,Onsite,1.0,56400,55100,1.024,3,3,4,82
E00440,2021-04-10,,,,ES,Barcelona,Sales,L2,F,35,Permanent,Onsite,1.0,34700,32800,1.058,62,22,4,79
E00441,2021-04-13,,,,DE,Munich,Operations,L2,M,45,Permanent,Remote,1.0,50250,45100,1.114,62,62,3,55
E00442,2022-08-06,,,,ES,Barcelona,Operations,L3,M,32,Permanent,Onsite,1.0,36100,38000,0.95,46,46,1,39
E00443,2022-11-11,,,,ES,Barcelona,Operations,L3,M,25,Permanent,Hybrid,1.0,41650,38000,1.096,43,18,4,78
E00444,2025-11-08,2026-05-10,Voluntary,Work-life balance,IT,Milan,Tech,L2,F,25,Permanent,Hybrid,1.0,41050,40600,1.011,6,6,4,95
E00445,2025-05-09,,,,PL,Krakow,Sales,L2,M,28,Fixed-term,Onsite,1.0,23900,27600,0.866,13,13,3,52
E00446,2017-09-13,,,,IT,Milan,Operations,L4,M,44,Permanent,Remote,1.0,53950,51900,1.039,105,105,4,53
E00447,2024-05-21,,,,DE,Munich,Operations,L1,M,23,Fixed-term,Hybrid,1.0,35250,36100,0.976,25,10,3,90
E00448,2023-04-01,,,,DE,Munich,Customer Service,L2,M,27,Permanent,Hybrid,1.0,43900,42800,1.026,38,38,2,57
E00449,2026-04-21,,,,PL,Krakow,Operations,L2,F,30,Permanent,Onsite,1.0,25200,24900,1.012,2,2,5,83
E00450,2023-09-01,,,,IT,Milan,Customer Service,L1,F,40,Permanent,Hybrid,1.0,23700,23400,1.013,33,25,3,58
E00451,2022-04-18,,,,PL,Krakow,Tech,L3,F,31,Fixed-term,Hybrid,1.0,36350,42000,0.865,50,50,2,60
E00452,2020-08-04,,,,IT,Milan,Tech,L1,M,47,Permanent,Hybrid,1.0,34400,32500,1.058,70,26,4,72
E00453,2026-06-06,,,,IT,Milan,Operations,L1,M,28,Permanent,Hybrid,1.0,19450,24700,0.787,0,0,3,54
E00454,2022-11-21,,,,ES,Barcelona,Finance,L1,M,42,Permanent,Hybrid,0.8,26500,27500,0.964,43,24,5,75
E00455,2023-09-30,,,,ES,Barcelona,Operations,L2,M,21,Permanent,Onsite,1.0,27000,29700,0.909,33,18,2,58
E00456,2016-01-09,,,,IT,Milan,Customer Service,L5,M,35,Permanent,Onsite,1.0,79200,67900,1.166,125,125,4,52
E00457,2012-07-22,2026-04-27,Voluntary,Career progression,PL,Krakow,Customer Service,L1,M,47,Permanent,Hybrid,1.0,18500,18900,0.979,165,165,4,63
E00458,2019-11-06,,,,IT,Milan,Customer Service,L1,F,33,Permanent,Hybrid,1.0,24600,23400,1.051,79,25,3,50
E00459,2024-09-12,,,,ES,Barcelona,Operations,L5,M,31,Permanent,Onsite,1.0,58650,68900,0.851,21,21,3,40
E00460,2024-03-12,,,,PL,Krakow,Customer Service,L3,F,28,Permanent,Hybrid,1.0,30500,30200,1.01,27,2,4,65
E00461,2024-10-02,,,,PL,Krakow,Operations,L3,F,44,Permanent,Onsite,1.0,32400,31900,1.016,20,20,3,86
E00462,2022-06-22,2025-11-05,Voluntary,Work-life balance,PL,Krakow,Operations,L3,M,20,Permanent,Onsite,1.0,33700,31900,1.056,41,41,3,64
E00463,2025-11-01,2025-12-26,Voluntary,Better external offer,IT,Milan,Customer Service,L3,M,37,Fixed-term,Hybrid,1.0,33250,37400,0.889,1,1,3,45
E00464,2024-04-22,,,,ES,Barcelona,Tech,L2,F,43,Permanent,Onsite,0.8,41700,39100,1.066,26,26,3,45
E00465,2024-06-08,,,,IT,Milan,Operations,L1,M,38,Permanent,Hybrid,1.0,26700,24700,1.081,24,24,4,83
E00466,2018-03-20,,,,IT,Milan,Customer Service,L3,F,53,Permanent,Hybrid,1.0,40600,37400,1.086,99,99,2,56
E00467,2022-05-01,,,,DE,Munich,Customer Service,L2,M,30,Permanent,Remote,1.0,44000,42800,1.028,49,38,3,61
E00468,2022-07-01,,,,ES,Barcelona,HR,L4,M,48,Permanent,Remote,1.0,48300,52500,0.92,47,47,4,61
E00469,2024-02-26,,,,PL,Krakow,HR,L3,F,29,Fixed-term,Remote,1.0,34700,33600,1.033,28,3,3,69
E00470,2026-01-14,,,,PL,Krakow,Tech,L2,M,44,Permanent,Hybrid,1.0,25550,32800,0.779,5,5,3,52
E00471,2023-05-05,,,,IT,Milan,Sales,L2,M,45,Permanent,Hybrid,1.0,34200,34100,1.003,37,37,4,62
E00472,2025-01-20,2025-12-01,Voluntary,Work-life balance,IT,Milan,HR,L2,F,34,Fixed-term,Onsite,1.0,30200,32500,0.929,11,0,3,51
E00473,2021-09-19,,,,PL,Krakow,Tech,L2,M,46,Permanent,Hybrid,1.0,33150,32800,1.011,57,57,2,71
E00474,2024-07-09,,,,ES,Barcelona,Tech,L1,F,20,Fixed-term,Hybrid,1.0,29500,31200,0.946,23,23,3,62
E00475,2025-07-26,,,,IT,Milan,Operations,L2,F,26,Fixed-term,Onsite,1.0,27350,30900,0.885,11,11,4,56
E00476,2022-12-09,,,,DE,Munich,Customer Service,L4,M,25,Permanent,Onsite,0.8,86000,71800,1.198,42,42,4,46
E00477,2012-07-27,,,,ES,Barcelona,Customer Service,L2,F,51,Permanent,Hybrid,1.0,28650,28100,1.02,167,167,3,60
E00478,2024-10-27,,,,ES,Barcelona,Sales,L2,F,41,Permanent,Hybrid,1.0,28250,32800,0.861,20,20,3,61
E00479,2023-03-27,,,,DE,Munich,Sales,L1,M,36,Permanent,Remote,1.0,40000,39900,1.003,39,39,5,64
E00480,2024-10-07,,,,DE,Munich,Tech,L5,M,28,Permanent,Onsite,1.0,151350,137800,1.098,20,19,3,71
E00481,2026-02-19,2026-06-24,Voluntary,Relocation,PL,Krakow,Tech,L2,F,31,Permanent,Hybrid,1.0,29400,32800,0.896,4,4,4,69
E00482,2017-10-05,,,,PL,Krakow,Tech,L1,F,39,Permanent,Onsite,1.0,24300,26200,0.927,104,8,4,72
E00483,2019-03-30,,,,DE,Munich,Customer Service,L3,F,41,Permanent,Hybrid,1.0,52950,54700,0.968,87,87,3,55
E00484,2016-06-08,,,,PL,Krakow,Operations,L2,F,50,Permanent,Onsite,1.0,23600,24900,0.948,120,120,3,75
E00485,2026-05-04,,,,PL,Krakow,Operations,L3,M,35,Permanent,Hybrid,1.0,22950,31900,0.719,1,1,3,58
E00486,2024-04-16,,,,ES,Barcelona,Operations,L1,F,26,Permanent,Onsite,1.0,22550,23800,0.947,26,15,3,69
E00487,2025-06-16,,,,PL,Krakow,Sales,L2,M,24,Permanent,Hybrid,1.0,26050,27600,0.944,12,12,4,78
E00488,2025-07-09,,,,ES,Barcelona,Operations,L1,M,33,Permanent,Hybrid,1.0,21750,23800,0.914,11,11,2,57
E00489,2023-05-12,,,,IT,Milan,Sales,L3,M,34,Permanent,Hybrid,1.0,45400,43700,1.039,37,37,3,58
E00490,2022-03-11,,,,ES,Barcelona,Sales,L1,M,34,Permanent,Remote,1.0,26950,26200,1.029,51,32,3,40
E00491,2016-05-01,,,,PL,Krakow,Customer Service,L1,M,36,Permanent,Hybrid,1.0,23050,18900,1.22,121,28,4,68
E00492,2025-05-30,,,,DE,Munich,Operations,L1,F,31,Fixed-term,Onsite,1.0,28950,36100,0.802,13,13,4,48
E00493,2023-11-01,,,,PL,Krakow,HR,L3,M,35,Permanent,Hybrid,1.0,36600,33600,1.089,31,31,5,77
E00494,2025-07-20,,,,ES,Barcelona,Finance,L2,F,33,Permanent,Onsite,1.0,34400,34400,1.0,11,11,3,63
E00495,2018-10-11,,,,PL,Krakow,Operations,L2,F,31,Permanent,Remote,1.0,25700,24900,1.032,92,92,4,60
E00496,2023-10-14,,,,PL,Krakow,Operations,L2,M,32,Permanent,Hybrid,1.0,26100,24900,1.048,32,19,2,76
E00497,2014-11-02,2026-03-10,Voluntary,Career progression,PL,Krakow,Customer Service,L3,M,35,Permanent,Hybrid,1.0,29700,30200,0.983,136,35,3,47
E00498,2023-10-07,,,,IT,Milan,Customer Service,L1,F,31,Permanent,Hybrid,1.0,21750,23400,0.929,32,12,2,74
E00499,2022-01-12,2026-04-25,Voluntary,Compensation,IT,Milan,Customer Service,L1,F,29,Permanent,Hybrid,1.0,20100,23400,0.859,51,51,5,41
E00500,2024-04-01,2025-11-22,Involuntary,Conduct,IT,Milan,Customer Service,L6,M,32,Permanent,Remote,0.8,101800,93600,1.088,19,19,3,54
E00501,2025-02-04,,,,IT,Milan,Operations,L5,M,35,Fixed-term,Hybrid,1.0,72850,71600,1.017,16,5,3,67
E00502,2024-10-11,,,,IT,Milan,Customer Service,L2,M,28,Permanent,Hybrid,0.8,27100,29200,0.928,20,5,2,61
E00503,2024-06-16,,,,ES,Barcelona,Finance,L4,F,32,Permanent,Onsite,1.0,62350,57800,1.079,24,24,2,76
E00504,2024-09-02,,,,DE,Munich,Finance,L3,F,43,Fixed-term,Hybrid,0.8,67550,66900,1.01,21,21,3,68
E00505,2024-06-26,,,,PL,Krakow,Sales,L3,M,38,Permanent,Onsite,1.0,37050,35300,1.05,24,24,3,69
E00506,2023-10-08,,,,PL,Krakow,Customer Service,L5,M,33,Permanent,Hybrid,1.0,63650,54800,1.161,32,32,3,57
E00507,2025-03-17,,,,ES,Barcelona,Customer Service,L4,M,22,Permanent,Remote,1.0,41100,47200,0.871,15,8,2,43
E00508,2025-03-30,2026-05-05,Involuntary,Conduct,PL,Krakow,Customer Service,L2,M,42,Permanent,Onsite,1.0,22350,23600,0.947,14,14,3,54
E00509,2020-06-03,,,,DE,Munich,Customer Service,L2,F,36,Permanent,Hybrid,1.0,39350,42800,0.919,72,21,4,65
E00510,2020-04-05,,,,IT,Milan,Customer Service,L2,M,37,Fixed-term,Remote,1.0,30900,29200,1.058,74,74,3,38
E00511,2022-12-07,,,,PL,Krakow,Customer Service,L4,M,36,Permanent,Onsite,1.0,48800,39700,1.229,42,42,4,57
E00512,2020-07-15,,,,IT,Milan,Customer Service,L3,M,42,Permanent,Hybrid,1.0,40200,37400,1.075,71,10,3,69
E00513,2022-09-20,,,,ES,Barcelona,Customer Service,L2,F,42,Permanent,Hybrid,1.0,25400,28100,0.904,45,45,2,38
E00514,2023-03-16,,,,IT,Milan,HR,L5,M,35,Fixed-term,Onsite,1.0,83800,75400,1.111,39,13,4,81
E00515,2019-03-24,,,,IT,Milan,Finance,L4,M,39,Permanent,Onsite,1.0,66500,60100,1.106,87,8,3,64
E00516,2024-04-12,,,,ES,Barcelona,Customer Service,L2,F,32,Fixed-term,Remote,1.0,27000,28100,0.961,26,26,3,52
E00517,2020-12-07,2025-08-09,Voluntary,Relocation,IT,Milan,Customer Service,L3,M,40,Fixed-term,Hybrid,1.0,38750,37400,1.036,56,34,4,62
E00518,2019-05-13,,,,ES,Barcelona,Sales,L2,F,37,Permanent,Remote,1.0,32250,32800,0.983,85,18,1,65
E00519,2026-04-01,,,,DE,Munich,Customer Service,L4,M,38,Permanent,Hybrid,1.0,66150,71800,0.921,2,2,3,64
E00520,2026-01-18,,,,PL,Krakow,Tech,L1,F,32,Permanent,Remote,1.0,23600,26200,0.901,5,5,4,51
E00521,2013-03-06,,,,PL,Krakow,Customer Service,L5,M,52,Permanent,Remote,1.0,58050,54800,1.059,159,8,3,68
E00522,2025-06-10,2025-10-01,Involuntary,Performance,PL,Krakow,Customer Service,L2,F,33,Fixed-term,Onsite,1.0,21650,23600,0.917,4,4,3,41
E00523,2023-05-25,,,,PL,Krakow,Customer Service,L2,M,36,Permanent,Remote,1.0,24550,23600,1.04,37,31,3,61
E00524,2023-11-23,,,,IT,Milan,Tech,L2,M,24,Permanent,Remote,1.0,40050,40600,0.986,31,31,2,63
E00525,2021-05-16,,,,DE,Munich,Finance,L4,M,36,Fixed-term,Hybrid,1.0,79700,87800,0.908,61,17,3,48
E00526,2026-03-20,,,,DE,Munich,Operations,L1,M,37,Permanent,Remote,1.0,33300,36100,0.922,3,3,4,75
E00527,2025-12-14,2026-05-01,Voluntary,Compensation,IT,Milan,Customer Service,L3,F,23,Permanent,Hybrid,1.0,34300,37400,0.917,5,5,3,53
E00528,2019-08-10,,,,ES,Barcelona,Finance,L1,F,28,Fixed-term,Remote,1.0,29050,27500,1.056,82,82,5,64
E00529,2023-03-07,,,,PL,Krakow,Customer Service,L1,F,30,Permanent,Onsite,1.0,19250,18900,1.019,39,17,2,47
E00530,2012-07-22,,,,DE,Munich,Customer Service,L2,F,57,Permanent,Remote,1.0,45800,42800,1.07,167,167,3,46
E00531,2025-07-30,,,,IT,Milan,Sales,L4,M,34,Permanent,Hybrid,1.0,50850,57300,0.887,11,11,3,40
E00532,2018-04-23,,,,DE,Munich,Customer Service,L4,F,43,Permanent,Onsite,1.0,86250,71800,1.201,98,45,3,46
E00533,2023-06-20,,,,PL,Krakow,Finance,L1,M,49,Permanent,Hybrid,1.0,22600,23100,0.978,36,36,3,72
E00534,2024-01-03,,,,ES,Barcelona,Operations,L2,F,29,Permanent,Onsite,1.0,27450,29700,0.924,29,29,3,46
E00535,2024-10-09,,,,IT,Milan,Customer Service,L3,M,25,Permanent,Onsite,1.0,36950,37400,0.988,20,11,3,63
E00536,2023-02-11,2026-04-16,Involuntary,End of fixed-term contract,IT,Milan,Customer Service,L2,F,27,Permanent,Onsite,1.0,26300,29200,0.901,38,28,2,42
E00537,2022-11-19,,,,IT,Milan,HR,L1,M,32,Permanent,Hybrid,1.0,26500,26000,1.019,43,43,3,65
E00538,2020-03-23,,,,IT,Milan,HR,L5,M,47,Permanent,Hybrid,0.8,73500,75400,0.975,75,16,4,68
E00539,2019-11-22,,,,ES,Barcelona,Customer Service,L1,M,32,Fixed-term,Hybrid,1.0,27350,22500,1.216,79,13,3,53
E00540,2018-02-12,,,,IT,Milan,Tech,L5,F,37,Permanent,Onsite,1.0,91000,94200,0.966,100,100,4,51
E00541,2021-05-19,,,,PL,Krakow,Customer Service,L1,F,41,Permanent,Onsite,1.0,18750,18900,0.992,61,61,3,48
E00542,2020-11-23,,,,ES,Barcelona,Customer Service,L2,F,37,Permanent,Hybrid,1.0,28650,28100,1.02,67,37,2,54
E00543,2017-12-03,,,,IT,Milan,Customer Service,L1,M,44,Fixed-term,Hybrid,1.0,24200,23400,1.034,102,18,3,57
E00544,2025-12-11,,,,IT,Milan,Customer Service,L3,M,24,Fixed-term,Onsite,1.0,32050,37400,0.857,6,6,3,47
E00545,2025-02-22,2025-12-28,Voluntary,Compensation,IT,Milan,Finance,L1,F,37,Fixed-term,Hybrid,1.0,28600,28600,1.0,10,7,3,62
E00546,2021-09-02,,,,ES,Barcelona,Customer Service,L1,M,38,Permanent,Remote,1.0,21550,22500,0.958,57,38,3,38
E00547,2023-01-04,,,,PL,Krakow,Operations,L3,F,43,Permanent,Onsite,1.0,31650,31900,0.992,41,33,3,60
E00548,2024-11-09,,,,PL,Krakow,Customer Service,L1,F,27,Permanent,Hybrid,1.0,18450,18900,0.976,19,16,3,77
E00549,2019-09-19,,,,IT,Milan,Customer Service,L3,M,38,Permanent,Hybrid,1.0,35750,37400,0.956,81,22,5,75
E00550,2022-06-30,,,,PL,Krakow,Operations,L3,F,38,Permanent,Remote,1.0,37250,31900,1.168,48,6,3,69
E00551,2023-07-19,,,,DE,Munich,Customer Service,L3,F,23,Permanent,Onsite,1.0,67950,54700,1.242,35,24,4,72
E00552,2025-08-22,2025-10-21,Voluntary,Better external offer,IT,Milan,HR,L4,M,27,Fixed-term,Remote,1.0,58950,54600,1.08,2,2,4,82
E00553,2025-11-13,,,,PL,Krakow,Tech,L4,F,24,Permanent,Remote,1.0,52550,55100,0.954,7,7,3,68
E00554,2025-11-21,2026-01-21,Voluntary,Better external offer,PL,Krakow,Customer Service,L3,F,20,Permanent,Hybrid,1.0,25600,30200,0.848,2,2,5,57
E00555,2023-03-27,,,,DE,Munich,Customer Service,L1,F,41,Permanent,Remote,1.0,32950,34200,0.963,39,39,2,48
E00556,2024-04-26,2026-02-02,Voluntary,Better external offer,PL,Krakow,Customer Service,L2,F,39,Permanent,Hybrid,1.0,24850,23600,1.053,22,22,3,66
E00557,2025-07-13,2025-12-17,Voluntary,Career progression,PL,Krakow,Customer Service,L2,F,35,Fixed-term,Onsite,1.0,22450,23600,0.951,5,5,3,72
E00558,2022-06-06,,,,PL,Krakow,Operations,L2,M,37,Permanent,Onsite,1.0,23950,24900,0.962,48,48,4,55
E00559,2025-10-20,,,,IT,Milan,Finance,L3,M,20,Fixed-term,Hybrid,1.0,39250,45800,0.857,8,8,3,72
E00560,2026-01-14,,,,PL,Krakow,Customer Service,L1,M,45,Permanent,Onsite,1.0,18000,18900,0.952,5,5,3,64
E00561,2025-04-15,,,,PL,Krakow,Customer Service,L1,M,29,Fixed-term,Onsite,1.0,18750,18900,0.992,14,12,5,78
E00562,2020-12-26,,,,IT,Milan,Operations,L3,M,45,Permanent,Hybrid,1.0,44000,39500,1.114,66,36,3,66
E00563,2025-05-20,,,,DE,Munich,HR,L2,M,25,Fixed-term,Remote,1.0,51150,47500,1.077,13,13,2,62
E00564,2023-03-26,,,,PL,Krakow,HR,L2,F,29,Fixed-term,Onsite,1.0,27450,26200,1.048,39,39,5,64
E00565,2025-03-25,,,,IT,Milan,HR,L3,M,25,Permanent,Hybrid,1.0,40950,41600,0.984,15,15,3,69
E00566,2023-03-22,,,,ES,Barcelona,Sales,L2,M,35,Permanent,Hybrid,1.0,33750,32800,1.029,39,39,3,74
E00567,2025-03-18,,,,PL,Krakow,HR,L1,F,38,Fixed-term,Onsite,1.0,17600,21000,0.838,15,15,3,58
E00568,2020-04-15,,,,ES,Barcelona,Operations,L1,M,32,Permanent,Hybrid,1.0,28850,23800,1.212,74,19,3,72
E00569,2025-05-04,2025-07-08,Voluntary,Career progression,PL,Krakow,Sales,L3,F,42,Fixed-term,Remote,1.0,29450,35300,0.834,2,2,3,57
E00570,2025-11-25,,,,DE,Munich,Customer Service,L2,M,22,Fixed-term,Onsite,1.0,40250,42800,0.94,7,7,4,69
E00571,2019-09-08,,,,DE,Munich,Operations,L1,M,52,Permanent,Hybrid,1.0,35050,36100,0.971,81,81,2,53
E00572,2017-04-14,2025-07-08,Voluntary,Compensation,IT,Milan,Customer Service,L2,F,53,Permanent,Onsite,1.0,25150,29200,0.861,99,26,3,43
E00573,2023-07-09,,,,DE,Munich,Tech,L1,M,38,Permanent,Hybrid,1.0,52100,47500,1.097,35,35,4,72
E00574,2026-02-20,,,,IT,Milan,Customer Service,L2,F,44,Permanent,Onsite,1.0,27600,29200,0.945,4,4,5,82
E00575,2022-09-22,,,,PL,Krakow,Sales,L2,F,24,Permanent,Onsite,1.0,29000,27600,1.051,45,35,2,48
E00576,2022-09-21,,,,PL,Krakow,Customer Service,L3,F,38,Permanent,Hybrid,1.0,29800,30200,0.987,45,45,4,65
E00577,2020-06-06,,,,ES,Barcelona,Operations,L3,M,40,Permanent,Remote,1.0,35600,38000,0.937,72,8,3,69
E00578,2025-12-04,,,,PL,Krakow,Tech,L1,F,32,Fixed-term,Hybrid,1.0,23050,26200,0.88,6,6,3,66
E00579,2025-04-30,,,,IT,Milan,Tech,L3,M,23,Fixed-term,Hybrid,1.0,53100,52000,1.021,14,14,3,74
E00580,2026-01-12,2026-05-06,Voluntary,Compensation,PL,Krakow,Operations,L3,M,37,Fixed-term,Hybrid,0.8,26900,31900,0.843,4,4,3,57
E00581,2024-08-04,,,,DE,Munich,Customer Service,L4,F,45,Permanent,Remote,1.0,73850,71800,1.029,22,12,2,61
E00582,2025-05-24,,,,ES,Barcelona,Customer Service,L1,F,29,Permanent,Remote,1.0,24450,22500,1.087,13,13,3,54
E00583,2024-04-01,,,,DE,Munich,Sales,L2,F,34,Permanent,Hybrid,1.0,50000,49900,1.002,26,10,3,77
E00584,2025-07-12,2026-01-21,Voluntary,Work-life balance,IT,Milan,HR,L1,M,32,Fixed-term,Onsite,1.0,21900,26000,0.842,6,6,3,53
E00585,2024-07-07,,,,ES,Barcelona,HR,L2,F,33,Permanent,Onsite,0.8,30850,31200,0.989,23,4,4,68
E00586,2022-11-08,,,,IT,Milan,Operations,L2,F,23,Permanent,Hybrid,1.0,33500,30900,1.084,43,12,3,54
E00587,2019-05-08,,,,PL,Krakow,Operations,L2,M,35,Permanent,Hybrid,1.0,25400,24900,1.02,85,21,2,61
E00588,2021-02-06,,,,PL,Krakow,Tech,L1,M,35,Permanent,Hybrid,1.0,25000,26200,0.954,64,64,3,73
E00589,2024-11-05,,,,IT,Milan,Tech,L2,M,26,Permanent,Hybrid,1.0,36400,40600,0.897,19,17,4,53
E00590,2021-09-26,,,,IT,Milan,Sales,L1,F,34,Permanent,Hybrid,1.0,23800,27300,0.872,57,57,3,31
E00591,2025-10-23,2026-03-19,Voluntary,Better external offer,PL,Krakow,Tech,L3,M,37,Fixed-term,Onsite,1.0,47100,42000,1.121,5,5,5,66
E00592,2022-05-30,2026-05-16,Involuntary,Performance,IT,Milan,Customer Service,L2,F,26,Permanent,Hybrid,1.0,28550,29200,0.978,48,18,3,64
E00593,2023-02-01,,,,IT,Milan,Customer Service,L5,F,33,Permanent,Hybrid,1.0,78650,67900,1.158,40,40,2,46
E00594,2024-12-07,2026-05-04,Involuntary,Conduct,DE,Munich,Customer Service,L2,F,25,Permanent,Onsite,1.0,38350,42800,0.896,17,9,3,45
E00595,2024-07-13,,,,PL,Krakow,Operations,L1,F,23,Permanent,Onsite,1.0,20250,20000,1.012,23,23,5,67
E00596,2025-09-02,2026-05-21,Voluntary,Compensation,IT,Milan,Customer Service,L2,F,34,Permanent,Onsite,1.0,24100,29200,0.825,8,8,3,45
E00597,2016-11-15,,,,PL,Krakow,HR,L1,F,42,Permanent,Hybrid,1.0,19050,21000,0.907,115,33,3,38
E00598,2020-06-06,,,,IT,Milan,Tech,L5,M,37,Permanent,Onsite,1.0,93050,94200,0.988,72,18,3,70
E00599,2020-05-17,,,,PL,Krakow,Operations,L2,M,43,Permanent,Onsite,1.0,23950,24900,0.962,73,17,2,75
E00600,2024-05-13,,,,PL,Krakow,Finance,L1,F,20,Permanent,Hybrid,1.0,21400,23100,0.926,25,25,3,40
E00601,2024-07-22,,,,ES,Barcelona,Finance,L4,F,24,Permanent,Onsite,1.0,64650,57800,1.119,23,23,3,73
E00602,2021-04-22,2025-11-05,Voluntary,Career progression,ES,Barcelona,Tech,L3,M,34,Fixed-term,Hybrid,1.0,42100,50000,0.842,55,18,3,39
E00603,2025-03-18,,,,PL,Krakow,Tech,L5,F,24,Permanent,Hybrid,1.0,70800,76100,0.93,15,15,2,63
E00604,2025-01-08,,,,PL,Krakow,Customer Service,L4,F,20,Fixed-term,Remote,1.0,40550,39700,1.021,17,14,4,65
E00605,2015-01-24,,,,DE,Munich,Sales,L1,M,31,Permanent,Hybrid,1.0,41550,39900,1.041,137,20,3,77
E00606,2024-02-03,,,,DE,Munich,Finance,L1,M,38,Permanent,Hybrid,1.0,41150,41800,0.984,28,18,3,73
E00607,2017-04-21,,,,PL,Krakow,Sales,L3,F,41,Permanent,Remote,1.0,40850,35300,1.157,110,110,3,56
E00608,2020-04-08,,,,ES,Barcelona,Tech,L2,F,32,Permanent,Onsite,1.0,38400,39100,0.982,74,74,3,60
E00609,2025-06-15,,,,IT,Milan,Tech,L3,M,35,Fixed-term,Hybrid,1.0,53000,52000,1.019,12,12,4,82
E00610,2024-11-09,,,,IT,Milan,Customer Service,L4,M,25,Fixed-term,Onsite,1.0,49550,49100,1.009,19,19,3,73
E00611,2025-05-27,,,,ES,Barcelona,Tech,L3,F,44,Fixed-term,Hybrid,1.0,49600,50000,0.992,13,13,3,85
E00612,2024-06-04,,,,DE,Munich,Operations,L4,F,33,Fixed-term,Onsite,1.0,71750,75800,0.947,24,24,3,67
E00613,2026-04-05,,,,DE,Munich,Operations,L2,M,29,Permanent,Hybrid,1.0,43100,45100,0.956,2,2,4,82
E00614,2026-01-14,,,,ES,Barcelona,Customer Service,L1,M,24,Permanent,Hybrid,1.0,21150,22500,0.94,5,5,4,80
E00615,2021-11-30,,,,ES,Barcelona,Finance,L1,F,34,Permanent,Onsite,1.0,24950,27500,0.907,55,13,3,59
E00616,2022-08-08,,,,IT,Milan,Customer Service,L1,F,35,Permanent,Hybrid,1.0,25600,23400,1.094,46,20,3,64
E00617,2026-02-13,,,,DE,Munich,Sales,L2,M,20,Permanent,Remote,1.0,43450,49900,0.871,4,4,2,44
E00618,2023-07-24,,,,IT,Milan,Tech,L2,M,25,Permanent,Hybrid,1.0,44800,40600,1.103,35,18,4,82
E00619,2024-03-17,,,,PL,Krakow,Operations,L5,F,39,Permanent,Onsite,1.0,57850,57900,0.999,27,27,4,72
E00620,2025-07-15,2025-12-17,Involuntary,End of fixed-term contract,PL,Krakow,HR,L1,F,31,Fixed-term,Hybrid,1.0,18200,21000,0.867,5,5,3,50
E00621,2022-02-21,,,,ES,Barcelona,Tech,L1,F,29,Permanent,Hybrid,1.0,29650,31200,0.95,52,49,4,76
E00622,2026-03-06,,,,PL,Krakow,Customer Service,L2,M,27,Fixed-term,Hybrid,1.0,21150,23600,0.896,3,3,3,50
E00623,2023-05-19,,,,ES,Barcelona,Customer Service,L4,M,44,Permanent,Hybrid,1.0,46550,47200,0.986,37,8,3,76
E00624,2019-07-25,,,,PL,Krakow,Tech,L2,M,32,Permanent,Hybrid,1.0,29700,32800,0.905,83,83,3,38
E00625,2025-08-12,2025-09-06,Voluntary,Career progression,PL,Krakow,Customer Service,L1,M,29,Fixed-term,Onsite,1.0,19550,18900,1.034,1,1,3,66
E00626,2015-12-22,,,,PL,Krakow,Finance,L4,M,34,Permanent,Hybrid,1.0,51650,48500,1.065,126,126,4,62
E00627,2022-10-06,,,,ES,Barcelona,Sales,L2,F,38,Permanent,Hybrid,1.0,37250,32800,1.136,44,2,3,75
E00628,2024-04-21,,,,ES,Barcelona,Tech,L1,F,35,Permanent,Hybrid,1.0,32000,31200,1.026,26,14,3,74
E00629,2022-11-21,,,,DE,Munich,Tech,L1,F,40,Permanent,Remote,1.0,46350,47500,0.976,43,43,3,58
E00630,2019-10-10,,,,ES,Barcelona,Customer Service,L3,F,52,Permanent,Hybrid,0.8,44150,36000,1.226,80,80,3,65
E00631,2025-11-18,,,,IT,Milan,Sales,L1,F,23,Permanent,Hybrid,1.0,24800,27300,0.908,7,7,3,65
E00632,2021-11-17,,,,PL,Krakow,Operations,L1,F,41,Permanent,Onsite,1.0,20300,20000,1.015,55,38,4,74
E00633,2024-10-08,,,,ES,Barcelona,Sales,L3,F,26,Permanent,Remote,1.0,43050,42000,1.025,20,20,3,62
E00634,2022-08-31,,,,PL,Krakow,Operations,L3,M,37,Permanent,Remote,1.0,32050,31900,1.005,46,24,3,75
E00635,2025-08-07,,,,PL,Krakow,Sales,L2,F,32,Fixed-term,Hybrid,0.8,27800,27600,1.007,10,10,3,80
E00636,2024-07-20,,,,DE,Munich,Tech,L4,F,39,Permanent,Onsite,1.0,105400,99800,1.056,23,13,3,63
E00637,2023-12-31,2025-07-19,Voluntary,Work-life balance,PL,Krakow,Customer Service,L3,M,46,Fixed-term,Hybrid,1.0,28050,30200,0.929,19,9,5,74
E00638,2025-04-23,,,,ES,Barcelona,Finance,L5,M,21,Fixed-term,Hybrid,1.0,66600,79800,0.835,14,6,3,62
E00639,2019-07-23,2026-02-15,Voluntary,Career progression,IT,Milan,Customer Service,L2,F,31,Permanent,Hybrid,1.0,25050,29200,0.858,79,79,3,30
E00640,2026-02-23,,,,DE,Munich,Finance,L3,M,31,Fixed-term,Onsite,1.0,64400,66900,0.963,4,4,3,67
E00641,2025-06-15,,,,ES,Barcelona,Customer Service,L4,F,27,Permanent,Hybrid,1.0,39750,47200,0.842,12,12,3,56
E00642,2025-12-13,,,,PL,Krakow,Customer Service,L2,M,21,Fixed-term,Onsite,1.0,23300,23600,0.987,6,6,4,63
E00643,2026-03-21,,,,IT,Milan,Customer Service,L2,M,29,Fixed-term,Onsite,1.0,24600,29200,0.842,3,3,4,56
E00644,2012-07-12,,,,PL,Krakow,Operations,L2,M,54,Fixed-term,Onsite,1.0,25750,24900,1.034,167,167,3,48
E00645,2026-02-10,,,,PL,Krakow,Customer Service,L4,M,24,Permanent,Hybrid,1.0,38850,39700,0.979,4,4,1,79
E00646,2026-03-23,,,,PL,Krakow,Customer Service,L3,F,20,Permanent,Onsite,1.0,27200,30200,0.901,3,3,4,44
E00647,2021-09-02,2026-05-16,Voluntary,Work-life balance,IT,Milan,Operations,L1,M,37,Fixed-term,Onsite,1.0,25350,24700,1.026,56,4,5,83
E00648,2025-05-16,,,,DE,Munich,Operations,L1,F,34,Fixed-term,Onsite,1.0,29300,36100,0.812,13,13,4,69
E00649,2025-05-06,,,,PL,Krakow,Customer Service,L2,F,23,Fixed-term,Onsite,1.0,22650,23600,0.96,13,13,3,65
E00650,2023-02-09,,,,IT,Milan,Customer Service,L3,M,27,Permanent,Hybrid,1.0,39150,37400,1.047,40,10,4,74
E00651,2026-01-10,,,,PL,Krakow,Operations,L3,M,25,Fixed-term,Onsite,1.0,26100,31900,0.818,5,5,3,59
E00652,2025-01-06,,,,PL,Krakow,Operations,L3,M,24,Permanent,Hybrid,1.0,30550,31900,0.958,17,17,2,88
E00653,2025-04-07,,,,ES,Barcelona,HR,L2,F,27,Fixed-term,Onsite,1.0,30350,31200,0.973,14,14,3,80
E00654,2025-10-17,,,,PL,Krakow,Finance,L2,M,35,Permanent,Onsite,1.0,23450,28900,0.811,8,8,3,54
E00655,2024-09-18,,,,PL,Krakow,Operations,L1,M,23,Permanent,Hybrid,1.0,19100,20000,0.955,21,17,3,70
E00656,2016-06-09,,,,IT,Milan,Operations,L4,F,40,Permanent,Hybrid,1.0,52800,51900,1.017,120,20,3,79
E00657,2025-03-02,,,,DE,Munich,Finance,L4,M,34,Fixed-term,Remote,1.0,87200,87800,0.993,15,15,3,80
E00658,2023-12-09,2025-11-21,Voluntary,Compensation,DE,Munich,Tech,L2,F,41,Permanent,Hybrid,1.0,52800,59400,0.889,23,10,3,52
E00659,2024-08-03,,,,DE,Munich,Tech,L4,M,38,Permanent,Onsite,1.0,94100,99800,0.943,22,22,4,74
E00660,2023-05-24,2025-11-09,Involuntary,End of fixed-term contract,IT,Milan,Operations,L4,M,28,Fixed-term,Onsite,1.0,53300,51900,1.027,30,6,3,65
E00661,2022-11-07,,,,DE,Munich,Customer Service,L4,F,40,Permanent,Onsite,1.0,73200,71800,1.019,43,43,3,27
E00662,2019-09-10,,,,PL,Krakow,Customer Service,L2,F,45,Fixed-term,Hybrid,1.0,22500,23600,0.953,81,18,3,69
E00663,2025-07-18,2025-11-17,Voluntary,Compensation,IT,Milan,Tech,L3,F,45,Permanent,Onsite,1.0,43600,52000,0.838,4,4,3,45
E00664,2021-05-25,,,,PL,Krakow,Customer Service,L2,F,27,Permanent,Onsite,0.8,23200,23600,0.983,61,27,3,45
E00665,2020-05-04,,,,PL,Krakow,Tech,L1,F,42,Permanent,Onsite,1.0,27050,26200,1.032,73,23,4,84
E00666,2025-06-17,,,,IT,Milan,Customer Service,L1,F,20,Permanent,Onsite,1.0,23700,23400,1.013,12,12,3,38
E00667,2024-02-19,,,,PL,Krakow,Customer Service,L3,F,33,Permanent,Onsite,1.0,28900,30200,0.957,28,28,3,47
E00668,2026-02-08,,,,PL,Krakow,HR,L2,F,29,Permanent,Hybrid,1.0,21950,26200,0.838,4,4,3,63
E00669,2022-07-06,2026-01-18,Involuntary,Restructuring,PL,Krakow,Tech,L5,F,41,Permanent,Hybrid,1.0,64450,76100,0.847,42,36,3,31
E00670,2025-11-10,,,,ES,Barcelona,Operations,L4,F,32,Permanent,Hybrid,1.0,48750,49900,0.977,7,7,2,80
E00671,2022-08-25,,,,PL,Krakow,Customer Service,L4,F,29,Permanent,Onsite,1.0,45450,39700,1.145,46,46,3,56
E00672,2023-10-31,,,,IT,Milan,Operations,L2,M,25,Permanent,Hybrid,1.0,36050,30900,1.167,32,17,2,73
E00673,2025-10-23,,,,PL,Krakow,Customer Service,L2,M,31,Fixed-term,Hybrid,1.0,23000,23600,0.975,8,8,3,64
E00674,2025-12-22,,,,PL,Krakow,Customer Service,L1,M,39,Permanent,Hybrid,1.0,17100,18900,0.905,6,6,3,57
E00675,2022-10-25,,,,IT,Milan,Tech,L5,F,41,Fixed-term,Hybrid,1.0,97950,94200,1.04,44,44,3,60
E00676,2021-08-16,,,,DE,Munich,Operations,L3,M,29,Permanent,Hybrid,1.0,57800,57800,1.0,58,25,5,52
E00677,2022-11-19,,,,IT,Milan,Operations,L4,M,25,Permanent,Remote,0.8,55650,51900,1.072,43,16,3,63
E00678,2021-03-20,2026-03-12,Voluntary,Career progression,PL,Krakow,Customer Service,L4,M,40,Permanent,Remote,0.8,36500,39700,0.919,60,9,4,58
E00679,2015-08-09,,,,PL,Krakow,Finance,L3,M,48,Permanent,Remote,1.0,36350,37000,0.982,130,130,4,60
E00680,2019-01-05,,,,ES,Barcelona,Customer Service,L5,F,33,Permanent,Hybrid,1.0,67600,65200,1.037,89,9,2,59
E00681,2021-07-06,,,,DE,Munich,Customer Service,L2,M,39,Permanent,Hybrid,1.0,46400,42800,1.084,59,4,3,81
E00682,2022-10-22,,,,PL,Krakow,Operations,L1,M,26,Permanent,Remote,1.0,19250,20000,0.963,44,44,3,61
E00683,2021-07-25,,,,PL,Krakow,Customer Service,L1,M,33,Permanent,Onsite,1.0,18150,18900,0.96,59,59,2,53
E00684,2026-05-12,,,,DE,Munich,Operations,L5,M,35,Permanent,Hybrid,0.8,90900,104700,0.868,1,1,1,41
E00685,2026-01-01,,,,PL,Krakow,Tech,L2,F,44,Permanent,Remote,1.0,32550,32800,0.992,5,5,4,73
E00686,2015-03-03,,,,ES,Barcelona,Customer Service,L2,F,45,Permanent,Hybrid,1.0,23700,28100,0.843,135,135,4,49
E00687,2025-07-10,,,,PL,Krakow,Finance,L1,F,26,Fixed-term,Hybrid,1.0,22050,23100,0.955,11,11,3,75
E00688,2020-06-30,,,,ES,Barcelona,Sales,L4,M,44,Permanent,Hybrid,1.0,58550,55100,1.063,72,21,3,63
E00689,2026-01-23,,,,PL,Krakow,Customer Service,L3,M,20,Fixed-term,Hybrid,1.0,35250,30200,1.167,5,5,4,74
E00690,2026-03-03,,,,DE,Munich,Customer Service,L4,F,24,Permanent,Remote,1.0,64850,71800,0.903,3,3,3,47
E00691,2025-05-07,,,,PL,Krakow,Operations,L5,M,37,Permanent,Onsite,1.0,63200,57900,1.092,13,13,2,68
E00692,2022-08-06,2025-11-15,Involuntary,End of fixed-term contract,ES,Barcelona,Customer Service,L1,M,39,Fixed-term,Onsite,1.0,22100,22500,0.982,39,7,5,65
E00693,2016-11-07,,,,ES,Barcelona,Finance,L2,F,43,Permanent,Onsite,1.0,32950,34400,0.958,115,115,4,68
E00694,2025-10-18,2025-11-03,Involuntary,Restructuring,ES,Barcelona,HR,L5,F,28,Permanent,Remote,1.0,64300,72500,0.887,1,1,4,55
E00695,2025-03-20,,,,DE,Munich,Sales,L1,F,33,Permanent,Onsite,1.0,41400,39900,1.038,15,15,4,60
E00696,2022-12-05,,,,ES,Barcelona,Customer Service,L4,F,35,Permanent,Hybrid,1.0,40950,47200,0.868,42,42,5,41
E00697,2024-05-27,,,,ES,Barcelona,Tech,L4,M,41,Fixed-term,Onsite,0.8,58850,65600,0.897,25,25,3,48
E00698,2024-06-23,,,,DE,Munich,Operations,L3,F,28,Permanent,Onsite,1.0,57550,57800,0.996,24,16,2,75
E00699,2023-03-19,2026-06-07,Voluntary,Compensation,IT,Milan,Customer Service,L5,F,25,Permanent,Onsite,1.0,74400,67900,1.096,39,19,3,55
E00700,2026-01-02,,,,DE,Munich,Tech,L1,M,26,Fixed-term,Hybrid,1.0,44350,47500,0.934,5,5,3,69
E00701,2025-09-26,,,,PL,Krakow,Sales,L3,M,28,Permanent,Remote,1.0,35950,35300,1.018,9,9,3,61
E00702,2022-11-14,,,,IT,Milan,Finance,L1,M,36,Permanent,Hybrid,1.0,27850,28600,0.974,43,43,3,64
E00703,2022-11-16,,,,IT,Milan,Customer Service,L2,F,28,Permanent,Hybrid,1.0,31750,29200,1.087,43,31,3,69
E00704,2020-03-09,,,,PL,Krakow,HR,L1,M,45,Permanent,Onsite,1.0,21350,21000,1.017,75,75,2,57
E00705,2020-09-08,,,,DE,Munich,Customer Service,L4,M,43,Permanent,Hybrid,1.0,75050,71800,1.045,69,24,3,58
E00706,2012-07-08,,,,ES,Barcelona,HR,L3,M,39,Permanent,Onsite,1.0,47050,40000,1.176,167,167,3,72
E00707,2012-07-17,,,,DE,Munich,Tech,L1,M,50,Permanent,Onsite,0.8,43800,47500,0.922,167,24,5,77
E00708,2025-08-16,,,,PL,Krakow,Operations,L2,M,38,Permanent,Hybrid,0.8,22050,24900,0.886,10,10,3,73
E00709,2024-06-08,,,,PL,Krakow,Operations,L3,F,30,Permanent,Remote,0.8,29300,31900,0.918,24,8,3,46
E00710,2013-01-15,,,,PL,Krakow,Sales,L2,F,49,Fixed-term,Onsite,1.0,29150,27600,1.056,161,35,1,49
E00711,2020-09-14,,,,IT,Milan,Operations,L3,M,32,Permanent,Onsite,1.0,41950,39500,1.062,69,22,3,72
E00712,2026-03-17,,,,PL,Krakow,Operations,L3,M,22,Permanent,Hybrid,1.0,30300,31900,0.95,3,3,1,65
E00713,2025-07-27,,,,ES,Barcelona,Customer Service,L3,F,36,Fixed-term,Hybrid,1.0,35850,36000,0.996,11,11,4,75
E00714,2025-09-08,,,,PL,Krakow,HR,L4,M,23,Fixed-term,Hybrid,1.0,36900,44100,0.837,9,9,2,52
E00715,2022-09-06,,,,DE,Munich,Finance,L4,M,34,Permanent,Hybrid,1.0,104150,87800,1.186,45,45,4,57
E00716,2022-08-15,,,,DE,Munich,Finance,L1,F,33,Permanent,Onsite,1.0,38050,41800,0.91,46,46,2,34
E00717,2024-12-12,,,,PL,Krakow,Operations,L2,F,40,Permanent,Onsite,1.0,23750,24900,0.954,18,4,4,84
E00718,2026-04-05,,,,PL,Krakow,Tech,L3,M,20,Permanent,Hybrid,1.0,36600,42000,0.871,2,2,3,54
E00719,2021-12-18,,,,PL,Krakow,Customer Service,L1,F,51,Permanent,Onsite,1.0,19450,18900,1.029,54,2,3,49
E00720,2026-05-07,,,,ES,Barcelona,Finance,L2,M,30,Permanent,Remote,1.0,37700,34400,1.096,1,1,4,60
E00721,2025-06-07,2025-09-02,Involuntary,End of fixed-term contract,IT,Milan,Finance,L2,M,28,Permanent,Onsite,1.0,31950,35800,0.892,3,3,3,60
E00722,2022-02-11,,,,IT,Milan,Operations,L5,F,30,Permanent,Onsite,1.0,83900,71600,1.172,52,52,4,64
E00723,2026-02-11,,,,IT,Milan,Operations,L1,F,27,Fixed-term,Onsite,1.0,18350,24700,0.743,4,4,2,50
E00724,2023-02-09,2025-12-07,Voluntary,Compensation,DE,Munich,Customer Service,L1,F,38,Permanent,Remote,1.0,36300,34200,1.061,34,34,3,48
E00725,2024-02-18,,,,PL,Krakow,Operations,L3,F,30,Fixed-term,Hybrid,1.0,31550,31900,0.989,28,13,3,69
E00726,2024-08-25,,,,PL,Krakow,Customer Service,L1,F,20,Permanent,Hybrid,1.0,17200,18900,0.91,22,3,4,61
E00727,2024-02-19,,,,DE,Munich,Operations,L5,F,35,Permanent,Hybrid,1.0,102750,104700,0.981,28,28,3,78
E00728,2025-10-22,2026-02-24,Involuntary,Conduct,ES,Barcelona,Operations,L1,M,46,Fixed-term,Onsite,1.0,17450,23800,0.733,4,4,3,44
E00729,2025-10-07,,,,ES,Barcelona,Operations,L2,M,28,Permanent,Onsite,1.0,29350,29700,0.988,8,8,3,60
E00730,2024-12-24,,,,IT,Milan,Customer Service,L1,M,33,Permanent,Remote,1.0,23650,23400,1.011,18,16,3,62
E00731,2021-02-17,,,,PL,Krakow,Customer Service,L6,M,42,Permanent,Remote,1.0,84150,75600,1.113,64,64,4,76
E00732,2026-04-26,,,,DE,Munich,Finance,L3,M,33,Permanent,Onsite,1.0,62950,66900,0.941,2,2,3,71
E00733,2024-12-05,,,,ES,Barcelona,Operations,L2,F,40,Permanent,Onsite,1.0,30650,29700,1.032,18,18,3,76
E00734,2024-02-03,,,,ES,Barcelona,HR,L3,F,31,Permanent,Onsite,0.8,40850,40000,1.021,28,13,3,66
E00735,2026-02-04,,,,PL,Krakow,Tech,L2,F,24,Fixed-term,Remote,1.0,32050,32800,0.977,4,4,3,64
E00736,2026-01-12,,,,ES,Barcelona,Customer Service,L3,M,33,Fixed-term,Remote,1.0,34950,36000,0.971,5,5,3,72
E00737,2012-07-21,,,,IT,Milan,HR,L2,F,41,Fixed-term,Onsite,0.8,32350,32500,0.995,167,4,3,61
E00738,2019-06-12,,,,DE,Munich,Sales,L2,M,46,Permanent,Hybrid,1.0,54300,49900,1.088,84,84,2,67
E00739,2025-09-06,,,,ES,Barcelona,Finance,L4,F,23,Permanent,Remote,1.0,55200,57800,0.955,9,9,1,52
E00740,2018-12-03,,,,IT,Milan,Tech,L4,M,44,Fixed-term,Remote,1.0,71350,68200,1.046,90,90,3,59
E00741,2025-06-21,,,,IT,Milan,Sales,L2,M,34,Fixed-term,Onsite,1.0,31400,34100,0.921,12,12,2,67
E00742,2022-01-01,,,,IT,Milan,Customer Service,L2,M,38,Permanent,Hybrid,1.0,26700,29200,0.914,53,16,3,48
E00743,2022-05-05,,,,PL,Krakow,Customer Service,L1,M,35,Permanent,Onsite,1.0,20050,18900,1.061,49,8,4,68
E00744,2022-03-02,2025-08-07,Voluntary,Work-life balance,IT,Milan,Tech,L5,M,36,Permanent,Onsite,1.0,90100,94200,0.956,41,41,3,59
E00745,2019-01-24,2025-08-07,Voluntary,Manager / leadership,IT,Milan,Customer Service,L3,F,51,Fixed-term,Hybrid,1.0,37100,37400,0.992,79,79,4,62
E00746,2026-02-20,,,,PL,Krakow,HR,L3,F,43,Fixed-term,Hybrid,1.0,35750,33600,1.064,4,4,3,80
E00747,2023-01-12,,,,DE,Munich,Finance,L2,F,48,Permanent,Remote,1.0,62650,52300,1.198,41,41,3,59
E00748,2025-03-20,,,,ES,Barcelona,Sales,L2,F,23,Permanent,Hybrid,1.0,28450,32800,0.867,15,15,3,62
E00749,2022-01-09,,,,IT,Milan,Operations,L1,M,43,Permanent,Hybrid,1.0,24050,24700,0.974,53,28,4,60
E00750,2025-03-30,2025-09-07,Voluntary,Better external offer,ES,Barcelona,Sales,L3,M,33,Fixed-term,Hybrid,0.8,38250,42000,0.911,6,1,4,54
E00751,2024-08-14,,,,PL,Krakow,Customer Service,L3,M,25,Permanent,Hybrid,1.0,28450,30200,0.942,22,22,3,91
E00752,2023-05-23,,,,PL,Krakow,Finance,L3,M,34,Permanent,Hybrid,1.0,35550,37000,0.961,37,37,3,55
E00753,2024-08-03,,,,IT,Milan,Customer Service,L3,F,29,Permanent,Hybrid,1.0,37850,37400,1.012,22,12,3,64
E00754,2024-03-26,,,,PL,Krakow,Customer Service,L1,F,27,Permanent,Hybrid,1.0,18200,18900,0.963,27,27,4,62
E00755,2026-01-01,,,,PL,Krakow,Finance,L1,M,29,Permanent,Hybrid,1.0,22000,23100,0.952,5,5,2,75
E00756,2023-10-06,,,,IT,Milan,Operations,L4,M,43,Permanent,Hybrid,0.8,59900,51900,1.154,32,17,2,66
E00757,2023-12-24,,,,IT,Milan,Customer Service,L1,M,29,Permanent,Hybrid,1.0,25550,23400,1.092,30,14,2,69
E00758,2023-09-11,,,,PL,Krakow,Operations,L1,M,20,Permanent,Hybrid,1.0,19750,20000,0.988,33,16,2,82
E00759,2026-03-20,,,,PL,Krakow,Customer Service,L1,F,32,Fixed-term,Hybrid,1.0,15800,18900,0.836,3,3,4,69
E00760,2025-02-19,2025-11-16,Voluntary,Compensation,IT,Milan,Tech,L1,M,21,Fixed-term,Hybrid,1.0,29250,32500,0.9,9,9,3,61
E00761,2021-03-15,,,,DE,Munich,Sales,L2,F,34,Permanent,Hybrid,1.0,62500,49900,1.253,63,38,4,57
E00762,2025-12-06,2026-05-06,Voluntary,Work-life balance,ES,Barcelona,Operations,L2,M,42,Permanent,Onsite,1.0,26800,29700,0.902,5,5,1,54
E00763,2022-07-25,,,,ES,Barcelona,HR,L5,F,36,Permanent,Hybrid,1.0,70200,72500,0.968,47,47,4,63
E00764,2025-12-30,,,,DE,Munich,Operations,L3,F,20,Fixed-term,Hybrid,1.0,54650,57800,0.946,6,6,3,65
E00765,2014-12-22,,,,DE,Munich,Customer Service,L2,M,54,Fixed-term,Remote,0.8,44150,42800,1.032,138,44,3,68
E00766,2025-08-10,2026-04-20,Voluntary,Relocation,PL,Krakow,Tech,L2,M,28,Permanent,Onsite,1.0,30350,32800,0.925,8,8,5,68
E00767,2026-02-03,,,,ES,Barcelona,Tech,L2,M,24,Fixed-term,Hybrid,1.0,38800,39100,0.992,4,4,3,61
E00768,2025-08-05,,,,PL,Krakow,Finance,L1,M,26,Fixed-term,Onsite,1.0,24050,23100,1.041,10,10,3,78
E00769,2024-10-11,,,,DE,Munich,Tech,L4,M,25,Permanent,Onsite,1.0,106400,99800,1.066,20,15,5,84
E00770,2013-12-15,,,,DE,Munich,Sales,L3,M,56,Permanent,Hybrid,0.8,71550,63800,1.121,150,23,2,70
E00771,2025-02-12,,,,IT,Milan,Customer Service,L3,F,36,Permanent,Hybrid,1.0,35150,37400,0.94,16,16,3,60
E00772,2025-04-24,,,,DE,Munich,HR,L2,F,27,Permanent,Hybrid,1.0,44300,47500,0.933,14,10,1,72
E00773,2021-09-13,,,,PL,Krakow,Tech,L1,M,30,Permanent,Hybrid,1.0,29550,26200,1.128,57,29,3,59
E00774,2026-03-08,,,,PL,Krakow,Tech,L1,M,22,Permanent,Onsite,1.0,27200,26200,1.038,3,3,3,63
E00775,2020-02-14,,,,IT,Milan,Operations,L1,F,28,Permanent,Hybrid,1.0,27200,24700,1.101,76,76,3,76
E00776,2026-01-03,,,,PL,Krakow,Sales,L4,M,40,Permanent,Onsite,1.0,41050,46300,0.887,5,5,3,42
E00777,2026-03-21,,,,PL,Krakow,Customer Service,L2,F,20,Fixed-term,Hybrid,1.0,23700,23600,1.004,3,3,3,61
E00778,2025-08-16,,,,PL,Krakow,Customer Service,L1,M,27,Permanent,Hybrid,1.0,19150,18900,1.013,10,10,1,68
E00779,2024-03-21,,,,PL,Krakow,Sales,L2,F,30,Permanent,Onsite,1.0,27750,27600,1.005,27,19,2,74
E00780,2025-03-26,,,,IT,Milan,Operations,L6,M,43,Permanent,Hybrid,1.0,89550,98800,0.906,15,15,3,66
E00781,2023-10-16,,,,PL,Krakow,Finance,L1,M,32,Permanent,Onsite,0.8,21200,23100,0.918,32,32,4,47
E00782,2024-10-14,,,,IT,Milan,Finance,L1,M,39,Permanent,Onsite,1.0,28150,28600,0.984,20,16,3,71
E00783,2021-02-09,2026-04-11,Voluntary,Manager / leadership,PL,Krakow,Tech,L3,M,27,Permanent,Onsite,1.0,43450,42000,1.035,62,62,3,64
E00784,2024-12-26,,,,PL,Krakow,Finance,L4,M,27,Permanent,Onsite,1.0,44600,48500,0.92,18,18,3,53
E00785,2025-07-16,,,,IT,Milan,Tech,L3,M,25,Permanent,Onsite,1.0,40450,52000,0.778,11,11,3,45
E00786,2025-09-07,,,,PL,Krakow,Customer Service,L3,M,21,Permanent,Onsite,1.0,30700,30200,1.017,9,9,3,58
E00787,2022-11-02,,,,PL,Krakow,Operations,L2,M,32,Permanent,Hybrid,1.0,26350,24900,1.058,43,6,4,87
E00788,2018-06-30,,,,DE,Munich,HR,L3,F,46,Permanent,Hybrid,1.0,60150,60800,0.989,96,96,3,43
E00789,2025-06-11,2025-07-21,Voluntary,Compensation,IT,Milan,Customer Service,L3,M,20,Fixed-term,Onsite,1.0,30400,37400,0.813,1,1,3,48
E00790,2025-08-06,,,,IT,Milan,Operations,L1,F,22,Permanent,Hybrid,1.0,24450,24700,0.99,10,10,3,74
E00791,2025-06-12,,,,ES,Barcelona,Sales,L1,M,29,Permanent,Remote,1.0,24700,26200,0.943,12,12,3,58
E00792,2024-08-08,,,,PL,Krakow,Sales,L1,F,28,Fixed-term,Onsite,1.0,24150,22000,1.098,22,15,2,66
E00793,2024-06-10,,,,PL,Krakow,Customer Service,L2,F,20,Permanent,Hybrid,1.0,28400,23600,1.203,24,15,3,53
E00794,2025-10-31,2025-11-28,Voluntary,Better external offer,PL,Krakow,Sales,L1,M,23,Fixed-term,Hybrid,1.0,20350,22000,0.925,1,1,4,83
E00795,2020-10-27,2025-11-04,Voluntary,Work-life balance,IT,Milan,Finance,L3,M,46,Fixed-term,Remote,0.8,51550,45800,1.126,61,61,4,72
E00796,2024-01-22,2025-08-02,Voluntary,Relocation,IT,Milan,Sales,L1,F,25,Permanent,Hybrid,1.0,27250,27300,0.998,19,19,3,51
E00797,2025-04-10,,,,PL,Krakow,Customer Service,L2,M,31,Fixed-term,Hybrid,1.0,24200,23600,1.025,14,14,3,64
E00798,2024-07-12,,,,IT,Milan,Operations,L4,M,28,Permanent,Onsite,1.0,53400,51900,1.029,23,17,3,86
E00799,2012-07-03,,,,ES,Barcelona,Customer Service,L1,F,45,Permanent,Hybrid,1.0,23650,22500,1.051,167,167,1,64
E00800,2025-02-28,,,,ES,Barcelona,Sales,L3,M,40,Permanent,Hybrid,1.0,39250,42000,0.935,16,16,2,69
E00801,2017-09-26,,,,DE,Munich,Customer Service,L2,F,36,Permanent,Hybrid,1.0,41200,42800,0.963,105,37,3,62
E00802,2025-06-05,,,,IT,Milan,HR,L1,M,28,Permanent,Hybrid,1.0,26550,26000,1.021,12,12,3,61
E00803,2023-06-15,,,,DE,Munich,Operations,L2,M,42,Permanent,Onsite,1.0,44700,45100,0.991,36,22,3,80
E00804,2015-09-17,2025-10-09,Voluntary,Compensation,PL,Krakow,Operations,L1,F,45,Permanent,Onsite,1.0,16850,20000,0.843,121,5,5,59
E00805,2022-08-20,2025-09-04,Voluntary,Compensation,DE,Munich,Customer Service,L5,F,41,Fixed-term,Remote,1.0,93200,99200,0.94,37,5,3,52
E00806,2023-02-24,,,,DE,Munich,Operations,L3,M,39,Permanent,Hybrid,1.0,57400,57800,0.993,40,40,3,64
E00807,2025-11-24,,,,ES,Barcelona,Operations,L4,F,33,Fixed-term,Hybrid,1.0,44150,49900,0.885,7,7,3,47
E00808,2026-03-01,2026-03-18,Voluntary,Compensation,IT,Milan,Customer Service,L2,M,30,Permanent,Remote,1.0,25350,29200,0.868,0,0,3,40
E00809,2023-03-05,,,,PL,Krakow,Operations,L4,F,25,Permanent,Hybrid,1.0,38400,41900,0.916,39,10,3,42
E00810,2026-04-25,,,,DE,Munich,Customer Service,L1,F,24,Permanent,Hybrid,1.0,25350,34200,0.741,2,2,3,53
E00811,2024-05-03,,,,PL,Krakow,Finance,L1,F,27,Permanent,Onsite,1.0,26500,23100,1.147,25,25,3,53
E00812,2024-08-04,,,,PL,Krakow,Operations,L1,F,36,Permanent,Hybrid,1.0,18050,20000,0.902,22,12,4,84
E00813,2025-12-03,,,,PL,Krakow,Customer Service,L1,F,29,Permanent,Hybrid,1.0,17100,18900,0.905,6,6,3,55
E00814,2021-10-20,,,,DE,Munich,Tech,L3,F,33,Permanent,Hybrid,1.0,80200,76000,1.055,56,15,3,74
E00815,2014-06-09,2026-04-17,Voluntary,Career progression,DE,Munich,Operations,L1,F,52,Permanent,Remote,1.0,30250,36100,0.838,142,142,3,47
E00816,2025-05-05,,,,IT,Milan,Customer Service,L2,F,31,Permanent,Hybrid,1.0,23900,29200,0.818,13,13,3,42
E00817,2023-06-17,,,,PL,Krakow,Tech,L3,M,30,Fixed-term,Onsite,0.8,40800,42000,0.971,36,21,3,67
E00818,2023-11-13,,,,PL,Krakow,Operations,L3,M,35,Permanent,Onsite,1.0,31600,31900,0.991,31,12,3,68
E00819,2015-09-11,,,,IT,Milan,Customer Service,L2,F,41,Permanent,Onsite,1.0,29750,29200,1.019,129,42,1,41
E00820,2023-04-16,2025-11-23,Voluntary,Compensation,DE,Munich,Sales,L3,M,35,Fixed-term,Onsite,1.0,68350,63800,1.071,31,31,3,67
E00821,2021-08-20,,,,DE,Munich,HR,L1,F,34,Permanent,Onsite,1.0,40250,38000,1.059,58,58,4,91
E00822,2016-06-01,,,,PL,Krakow,Customer Service,L1,F,51,Fixed-term,Hybrid,1.0,15350,18900,0.812,120,10,4,47
E00823,2024-11-05,,,,DE,Munich,Customer Service,L1,M,32,Fixed-term,Onsite,1.0,34250,34200,1.001,19,5,2,67
E00824,2026-01-24,,,,PL,Krakow,Operations,L5,M,39,Permanent,Hybrid,1.0,57000,57900,0.984,5,5,4,74
E00825,2021-03-20,,,,IT,Milan,Tech,L5,M,37,Permanent,Onsite,1.0,95750,94200,1.016,63,63,3,62
E00826,2025-12-24,,,,IT,Milan,Operations,L2,F,30,Permanent,Hybrid,1.0,30300,30900,0.981,6,6,1,65
E00827,2024-11-03,,,,DE,Munich,Customer Service,L4,F,43,Permanent,Remote,1.0,48000,71800,0.669,19,17,3,51
E00828,2025-10-19,2026-04-23,Voluntary,Personal reasons,IT,Milan,Customer Service,L1,F,33,Fixed-term,Hybrid,1.0,22100,23400,0.944,6,6,3,80
E00829,2019-04-16,,,,IT,Milan,Finance,L2,F,50,Fixed-term,Onsite,1.0,33350,35800,0.932,86,86,3,52
E00830,2025-09-30,,,,IT,Milan,Operations,L3,F,20,Permanent,Hybrid,1.0,36850,39500,0.933,9,9,3,68
E00831,2026-05-22,,,,DE,Munich,Tech,L4,M,24,Permanent,Hybrid,1.0,74550,99800,0.747,1,1,4,57
E00832,2024-06-08,,,,PL,Krakow,Customer Service,L2,M,24,Fixed-term,Hybrid,1.0,25300,23600,1.072,24,24,4,77
E00833,2025-06-04,2025-08-01,Voluntary,Compensation,PL,Krakow,HR,L2,F,21,Fixed-term,Onsite,1.0,21650,26200,0.826,2,2,3,52
E00834,2025-09-21,,,,ES,Barcelona,Customer Service,L1,F,28,Fixed-term,Onsite,1.0,21500,22500,0.956,9,9,4,76
E00835,2025-08-26,,,,DE,Munich,Operations,L1,M,37,Permanent,Hybrid,0.8,33350,36100,0.924,10,10,3,75
E00836,2025-11-12,,,,PL,Krakow,Customer Service,L2,M,24,Fixed-term,Hybrid,1.0,22550,23600,0.956,7,7,3,82
E00837,2025-09-19,,,,ES,Barcelona,Customer Service,L2,F,33,Fixed-term,Hybrid,1.0,31550,28100,1.123,9,9,3,62
E00838,2018-11-08,,,,DE,Munich,Sales,L1,M,38,Fixed-term,Remote,0.8,49600,39900,1.243,91,41,4,49
E00839,2023-08-05,,,,ES,Barcelona,Operations,L3,M,29,Permanent,Onsite,1.0,34000,38000,0.895,34,34,3,52
E00840,2025-07-10,,,,PL,Krakow,Customer Service,L2,F,29,Permanent,Onsite,1.0,19450,23600,0.824,11,11,2,44
E00841,2022-02-13,,,,IT,Milan,Operations,L6,F,39,Permanent,Hybrid,1.0,105450,98800,1.067,52,52,3,64
E00842,2025-09-24,2025-11-20,Voluntary,Relocation,PL,Krakow,Customer Service,L2,F,31,Fixed-term,Hybrid,1.0,16950,23600,0.718,2,2,2,38
E00843,2025-12-07,,,,PL,Krakow,HR,L4,M,34,Permanent,Hybrid,0.8,44800,44100,1.016,6,6,1,77
E00844,2021-11-05,2025-12-08,Voluntary,Compensation,IT,Milan,Customer Service,L1,M,32,Permanent,Onsite,1.0,24800,23400,1.06,49,49,3,45
E00845,2020-03-12,,,,DE,Munich,Finance,L2,M,27,Permanent,Remote,1.0,57750,52300,1.104,75,75,4,66
E00846,2023-05-18,2026-03-07,Voluntary,Relocation,IT,Milan,Sales,L2,F,54,Fixed-term,Hybrid,1.0,30250,34100,0.887,34,15,3,51
E00847,2021-06-30,,,,DE,Munich,Customer Service,L2,F,30,Permanent,Hybrid,1.0,49200,42800,1.15,60,33,2,59
E00848,2021-10-01,,,,ES,Barcelona,Tech,L2,M,32,Permanent,Remote,1.0,39700,39100,1.015,56,25,4,72
E00849,2025-09-26,,,,PL,Krakow,Customer Service,L2,F,41,Permanent,Hybrid,1.0,24450,23600,1.036,9,9,3,66
E00850,2026-05-30,,,,PL,Krakow,Tech,L6,M,29,Permanent,Hybrid,1.0,78400,105000,0.747,1,1,3,60
E00851,2026-01-18,,,,DE,Munich,Operations,L4,M,28,Permanent,Remote,1.0,74800,75800,0.987,5,5,4,76
E00852,2018-02-04,,,,PL,Krakow,Tech,L2,M,43,Permanent,Hybrid,0.8,37550,32800,1.145,100,100,3,61
E00853,2024-10-16,,,,IT,Milan,Customer Service,L2,F,25,Permanent,Onsite,1.0,29200,29200,1.0,20,19,3,64
E00854,2024-02-06,,,,PL,Krakow,Sales,L2,F,36,Permanent,Onsite,1.0,25400,27600,0.92,28,28,3,45
E00855,2025-12-26,,,,IT,Milan,Customer Service,L2,F,41,Permanent,Onsite,1.0,22950,29200,0.786,6,6,3,46
E00856,2022-09-06,2026-06-19,Voluntary,Career progression,IT,Milan,Customer Service,L3,F,39,Permanent,Hybrid,1.0,39700,37400,1.061,45,45,3,46
E00857,2024-08-15,,,,IT,Milan,Customer Service,L2,M,43,Permanent,Hybrid,1.0,33000,29200,1.13,22,22,3,61
E00858,2025-06-22,,,,ES,Barcelona,Operations,L2,M,28,Fixed-term,Remote,1.0,31550,29700,1.062,12,12,1,70
E00859,2023-08-23,,,,IT,Milan,Customer Service,L3,M,34,Permanent,Hybrid,1.0,40000,37400,1.07,34,12,3,74
E00860,2012-07-06,2026-04-21,Voluntary,Career progression,DE,Munich,Operations,L2,M,57,Permanent,Onsite,1.0,52750,45100,1.17,165,165,3,50
E00861,2023-08-24,,,,IT,Milan,Customer Service,L1,F,45,Permanent,Hybrid,0.8,25250,23400,1.079,34,16,2,47
E00862,2021-05-15,,,,PL,Krakow,Customer Service,L1,F,37,Permanent,Hybrid,0.8,20500,18900,1.085,61,61,3,42
E00863,2025-10-03,2026-02-06,Voluntary,Compensation,IT,Milan,Finance,L6,F,35,Fixed-term,Onsite,1.0,94600,114400,0.827,4,4,3,53
E00864,2018-10-12,,,,PL,Krakow,HR,L4,M,39,Permanent,Hybrid,1.0,43500,44100,0.986,92,92,2,61
E00865,2019-12-24,,,,PL,Krakow,Customer Service,L2,F,48,Permanent,Hybrid,1.0,27300,23600,1.157,78,11,3,75
E00866,2025-10-23,2026-02-09,Involuntary,Conduct,IT,Milan,Customer Service,L3,M,24,Permanent,Remote,1.0,35500,37400,0.949,4,4,5,59
E00867,2015-12-31,,,,DE,Munich,Operations,L4,M,46,Fixed-term,Hybrid,1.0,84200,75800,1.111,126,5,2,75
E00868,2024-08-15,,,,IT,Milan,Customer Service,L1,M,30,Permanent,Hybrid,1.0,23750,23400,1.015,22,15,2,76
E00869,2026-04-13,,,,DE,Munich,Customer Service,L1,M,31,Fixed-term,Onsite,1.0,32900,34200,0.962,2,2,3,74
E00870,2026-02-15,,,,IT,Milan,Customer Service,L2,M,20,Permanent,Hybrid,1.0,25250,29200,0.865,4,4,5,54
E00871,2021-03-12,,,,DE,Munich,Sales,L3,M,35,Permanent,Onsite,1.0,57200,63800,0.897,63,28,4,43
E00872,2023-07-18,,,,IT,Milan,Sales,L3,M,36,Permanent,Onsite,1.0,45600,43700,1.043,35,10,2,72
E00873,2024-05-31,2026-01-27,Involuntary,Performance,DE,Munich,Customer Service,L1,M,26,Permanent,Hybrid,1.0,26250,34200,0.768,20,20,4,45
E00874,2023-11-20,,,,DE,Munich,Operations,L5,M,42,Fixed-term,Onsite,0.8,100800,104700,0.963,31,16,1,61
E00875,2018-02-12,,,,PL,Krakow,Operations,L3,M,28,Permanent,Onsite,1.0,31250,31900,0.98,100,100,3,61
E00876,2020-05-15,,,,PL,Krakow,Operations,L2,F,51,Fixed-term,Onsite,1.0,27450,24900,1.102,73,16,3,65
E00877,2020-12-08,,,,DE,Munich,Operations,L1,M,40,Fixed-term,Hybrid,1.0,37350,36100,1.035,66,66,1,53
E00878,2021-04-01,,,,ES,Barcelona,Customer Service,L1,M,35,Permanent,Onsite,1.0,25650,22500,1.14,62,62,4,60
E00879,2026-03-05,,,,IT,Milan,Tech,L1,M,22,Permanent,Onsite,1.0,28900,32500,0.889,3,3,3,47
E00880,2016-02-22,,,,PL,Krakow,Tech,L2,F,49,Permanent,Hybrid,1.0,29950,32800,0.913,124,9,4,47
E00881,2025-11-30,2025-12-26,Voluntary,Manager / leadership,ES,Barcelona,HR,L3,M,22,Fixed-term,Hybrid,1.0,36650,40000,0.916,1,1,3,45
E00882,2025-11-01,,,,DE,Munich,Customer Service,L2,M,35,Permanent,Hybrid,1.0,51500,42800,1.203,7,7,3,76
E00883,2013-04-05,,,,ES,Barcelona,Operations,L2,M,53,Permanent,Hybrid,1.0,32300,29700,1.088,158,158,5,60
E00884,2024-12-07,,,,PL,Krakow,Operations,L5,F,26,Permanent,Onsite,1.0,47100,57900,0.813,18,16,4,59
E00885,2018-06-25,,,,IT,Milan,Finance,L3,M,34,Fixed-term,Hybrid,1.0,45000,45800,0.983,96,17,4,63
E00886,2025-07-16,2025-10-12,Voluntary,Better external offer,DE,Munich,Finance,L1,M,25,Fixed-term,Hybrid,1.0,36850,41800,0.882,3,3,5,60
E00887,2024-02-11,,,,DE,Munich,Operations,L3,M,24,Permanent,Onsite,1.0,59550,57800,1.03,28,3,4,77
E00888,2026-01-26,2026-04-13,Voluntary,Work-life balance,IT,Milan,Customer Service,L2,M,37,Fixed-term,Onsite,1.0,27150,29200,0.93,3,3,2,66
E00889,2024-01-31,,,,IT,Milan,Tech,L2,F,25,Permanent,Onsite,1.0,39850,40600,0.982,29,20,4,70
E00890,2025-03-13,2026-01-07,Voluntary,Better external offer,ES,Barcelona,Sales,L5,M,29,Permanent,Hybrid,1.0,67900,76100,0.892,10,4,4,62
E00891,2020-04-21,,,,IT,Milan,Operations,L2,F,51,Permanent,Onsite,1.0,34400,30900,1.113,74,21,3,65
E00892,2021-10-14,,,,PL,Krakow,Operations,L1,M,30,Permanent,Onsite,1.0,20250,20000,1.012,56,22,3,79
E00893,2023-07-30,2025-11-22,Voluntary,Manager / leadership,PL,Krakow,Operations,L3,M,36,Permanent,Hybrid,1.0,36350,31900,1.139,28,28,1,55
E00894,2026-05-08,,,,PL,Krakow,Tech,L3,M,39,Permanent,Hybrid,1.0,43250,42000,1.03,1,1,3,75
E00895,2022-03-27,,,,PL,Krakow,Customer Service,L1,M,23,Fixed-term,Hybrid,1.0,21500,18900,1.138,51,39,4,66
E00896,2012-07-10,,,,DE,Munich,Operations,L2,F,51,Fixed-term,Hybrid,1.0,45050,45100,0.999,167,17,3,68
E00897,2026-03-16,,,,ES,Barcelona,Customer Service,L3,F,20,Permanent,Onsite,1.0,36050,36000,1.001,3,3,3,65
E00898,2025-11-14,,,,PL,Krakow,Finance,L4,M,34,Permanent,Hybrid,1.0,47550,48500,0.98,7,7,2,79
E00899,2025-08-18,2025-09-16,Voluntary,Compensation,IT,Milan,Customer Service,L4,F,38,Permanent,Hybrid,1.0,41050,49100,0.836,1,1,4,59
E00900,2015-08-31,,,,DE,Munich,Sales,L3,F,51,Permanent,Remote,1.0,69150,63800,1.084,130,23,3,61
E00901,2023-05-12,,,,IT,Milan,Operations,L1,F,33,Permanent,Onsite,1.0,26350,24700,1.067,37,6,3,58
E00902,2024-01-09,2026-03-27,Voluntary,Compensation,PL,Krakow,Operations,L2,F,42,Permanent,Onsite,1.0,24050,24900,0.966,26,10,4,57
E00903,2025-12-10,,,,PL,Krakow,Operations,L3,F,25,Fixed-term,Hybrid,1.0,28800,31900,0.903,6,6,3,50
E00904,2025-12-10,,,,IT,Milan,Tech,L4,M,30,Fixed-term,Hybrid,1.0,63400,68200,0.93,6,6,3,74
E00905,2012-07-15,2025-12-20,Voluntary,Better external offer,ES,Barcelona,Operations,L2,M,49,Permanent,Remote,1.0,25050,29700,0.843,161,24,3,50
E00906,2024-12-02,,,,DE,Munich,HR,L3,M,33,Permanent,Onsite,1.0,56650,60800,0.932,18,7,2,72
E00907,2026-06-16,,,,IT,Milan,Operations,L1,F,32,Permanent,Hybrid,1.0,24550,24700,0.994,0,0,3,74
E00908,2024-09-14,,,,ES,Barcelona,Operations,L2,M,32,Permanent,Hybrid,1.0,32250,29700,1.086,21,21,4,65
E00909,2019-02-02,,,,DE,Munich,Customer Service,L1,F,45,Permanent,Hybrid,1.0,37400,34200,1.094,88,14,3,66
E00910,2018-01-12,,,,IT,Milan,Customer Service,L1,M,55,Permanent,Onsite,1.0,23200,23400,0.991,101,27,3,52
E00911,2018-08-16,,,,DE,Munich,Sales,L1,M,45,Permanent,Hybrid,0.8,42800,39900,1.073,94,22,2,77
E00912,2023-10-03,,,,PL,Krakow,Finance,L3,M,20,Fixed-term,Hybrid,1.0,40050,37000,1.082,32,32,2,61
E00913,2025-12-26,,,,ES,Barcelona,Operations,L2,F,21,Permanent,Hybrid,1.0,25350,29700,0.854,6,6,4,67
E00914,2018-12-17,,,,DE,Munich,Finance,L2,F,43,Permanent,Hybrid,1.0,46500,52300,0.889,90,20,3,45
E00915,2017-02-23,,,,DE,Munich,Operations,L1,F,47,Permanent,Remote,1.0,35600,36100,0.986,112,112,3,60
E00916,2015-05-18,,,,PL,Krakow,Operations,L2,M,51,Permanent,Onsite,1.0,25300,24900,1.016,133,30,3,59
E00917,2023-02-28,,,,PL,Krakow,Tech,L3,F,38,Permanent,Hybrid,1.0,42300,42000,1.007,40,9,3,64
E00918,2024-05-04,,,,IT,Milan,Finance,L5,M,20,Permanent,Hybrid,1.0,76750,82900,0.926,25,25,2,64
E00919,2021-02-05,,,,PL,Krakow,Sales,L3,M,42,Permanent,Hybrid,1.0,34300,35300,0.972,64,64,3,60
E00920,2021-02-01,,,,DE,Munich,Operations,L2,F,37,Permanent,Hybrid,1.0,39900,45100,0.885,64,64,1,28
E00921,2022-03-11,,,,IT,Milan,Customer Service,L4,M,39,Permanent,Onsite,1.0,49250,49100,1.003,51,13,3,62
E00922,2026-01-12,,,,PL,Krakow,Customer Service,L1,M,28,Permanent,Hybrid,1.0,16800,18900,0.889,5,5,3,56
E00923,2023-01-16,,,,IT,Milan,Operations,L1,F,42,Permanent,Onsite,1.0,25950,24700,1.051,41,17,4,72
E00924,2025-02-25,,,,IT,Milan,Tech,L4,M,35,Fixed-term,Hybrid,1.0,65750,68200,0.964,16,16,1,86
E00925,2020-11-10,,,,PL,Krakow,Sales,L2,F,27,Permanent,Hybrid,1.0,20400,27600,0.739,67,67,3,46
E00926,2021-01-15,,,,IT,Milan,Operations,L1,M,35,Permanent,Hybrid,1.0,29100,24700,1.178,65,65,3,80
E00927,2021-11-02,2025-11-23,Voluntary,Manager / leadership,PL,Krakow,Customer Service,L1,F,41,Fixed-term,Onsite,1.0,19550,18900,1.034,48,6,2,66
E00928,2024-09-07,,,,IT,Milan,Customer Service,L1,M,34,Permanent,Hybrid,1.0,25200,23400,1.077,21,21,3,82
E00929,2025-07-10,,,,PL,Krakow,Sales,L3,M,21,Fixed-term,Hybrid,1.0,28150,35300,0.797,11,11,4,64
E00930,2023-07-22,2026-05-05,Voluntary,Better external offer,PL,Krakow,Finance,L1,M,40,Permanent,Hybrid,0.8,23850,23100,1.032,34,34,5,65
E00931,2017-12-23,,,,IT,Milan,Operations,L2,F,37,Fixed-term,Hybrid,0.8,29500,30900,0.955,102,31,4,61
E00932,2026-02-15,,,,IT,Milan,HR,L1,M,20,Permanent,Remote,0.8,22150,26000,0.852,4,4,3,53
E00933,2022-12-03,,,,PL,Krakow,Operations,L1,F,31,Permanent,Hybrid,1.0,20700,20000,1.035,42,42,3,67
E00934,2022-05-18,,,,PL,Krakow,Customer Service,L3,M,42,Permanent,Hybrid,1.0,33400,30200,1.106,49,14,4,54
E00935,2020-01-12,2025-07-09,Voluntary,Personal reasons,IT,Milan,Customer Service,L2,M,38,Permanent,Onsite,1.0,33150,29200,1.135,66,0,4,58
E00936,2022-12-24,,,,IT,Milan,Tech,L3,M,46,Permanent,Hybrid,1.0,48050,52000,0.924,42,42,4,67
E00937,2023-08-07,,,,DE,Munich,Customer Service,L4,F,38,Permanent,Remote,1.0,80300,71800,1.118,34,34,3,47
E00938,2020-07-31,,,,PL,Krakow,Operations,L1,F,33,Permanent,Hybrid,1.0,22450,20000,1.123,71,71,3,69
E00939,2020-07-05,,,,DE,Munich,HR,L2,F,27,Permanent,Onsite,1.0,51950,47500,1.094,71,71,4,50
E00940,2025-02-24,,,,IT,Milan,Customer Service,L2,M,37,Permanent,Hybrid,1.0,30100,29200,1.031,16,13,4,71
E00941,2020-07-12,2025-09-22,Voluntary,Personal reasons,PL,Krakow,Sales,L2,M,26,Fixed-term,Onsite,1.0,24650,27600,0.893,62,62,3,45
E00942,2026-05-17,,,,PL,Krakow,Customer Service,L2,F,25,Permanent,Hybrid,1.0,21650,23600,0.917,1,1,3,52
E00943,2022-03-31,,,,ES,Barcelona,Sales,L2,F,43,Permanent,Remote,0.8,34750,32800,1.059,51,19,3,75
E00944,2021-04-10,,,,IT,Milan,Customer Service,L4,M,47,Permanent,Onsite,1.0,50100,49100,1.02,62,62,3,61
E00945,2024-12-12,,,,IT,Milan,Customer Service,L1,M,30,Permanent,Remote,1.0,22600,23400,0.966,18,18,3,66
E00946,2026-03-12,,,,PL,Krakow,Customer Service,L1,F,24,Fixed-term,Hybrid,1.0,17350,18900,0.918,3,3,3,47
E00947,2024-05-04,,,,IT,Milan,Tech,L4,F,32,Permanent,Remote,1.0,69850,68200,1.024,25,19,3,60
E00948,2025-02-11,,,,PL,Krakow,Tech,L2,M,29,Permanent,Onsite,0.8,31150,32800,0.95,16,9,3,63
E00949,2019-09-10,,,,IT,Milan,Customer Service,L3,F,47,Permanent,Hybrid,1.0,34850,37400,0.932,81,19,3,78
E00950,2013-03-03,,,,PL,Krakow,Operations,L2,F,48,Permanent,Hybrid,1.0,27150,24900,1.09,159,159,3,56
E00951,2024-09-26,,,,PL,Krakow,Tech,L1,F,39,Permanent,Hybrid,1.0,22950,26200,0.876,21,21,3,59
E00952,2024-03-30,,,,ES,Barcelona,Operations,L4,M,35,Permanent,Hybrid,1.0,47400,49900,0.95,27,19,1,81
E00953,2025-08-21,,,,DE,Munich,Finance,L4,M,35,Permanent,Remote,1.0,89600,87800,1.021,10,10,4,83
E00954,2014-09-20,,,,IT,Milan,Customer Service,L3,F,37,Permanent,Hybrid,1.0,40900,37400,1.094,141,141,2,53
E00955,2023-10-31,,,,ES,Barcelona,Operations,L5,M,33,Permanent,Onsite,1.0,66850,68900,0.97,32,15,3,67
E00956,2018-02-07,,,,PL,Krakow,Finance,L2,M,47,Permanent,Hybrid,1.0,29700,28900,1.028,100,8,4,75
E00957,2024-10-12,,,,IT,Milan,Sales,L2,F,30,Permanent,Onsite,1.0,32400,34100,0.95,20,20,5,70
E00958,2025-02-07,2025-11-11,Voluntary,Compensation,DE,Munich,Sales,L1,F,23,Fixed-term,Hybrid,1.0,34750,39900,0.871,9,2,2,70
E00959,2021-02-22,,,,ES,Barcelona,Customer Service,L3,F,26,Permanent,Remote,1.0,36700,36000,1.019,64,39,3,64
E00960,2020-01-20,,,,DE,Munich,Customer Service,L1,F,41,Permanent,Onsite,1.0,35950,34200,1.051,77,77,4,54
E00961,2022-11-06,,,,IT,Milan,Operations,L3,F,22,Permanent,Remote,1.0,38100,39500,0.965,43,43,3,58
E00962,2019-02-15,,,,DE,Munich,Tech,L1,F,47,Permanent,Hybrid,1.0,43550,47500,0.917,88,88,4,47
E00963,2026-01-05,2026-05-14,Voluntary,Manager / leadership,DE,Munich,Customer Service,L2,F,30,Permanent,Remote,1.0,36900,42800,0.862,4,4,3,45
E00964,2024-07-18,,,,ES,Barcelona,Operations,L1,F,25,Permanent,Remote,1.0,22150,23800,0.931,23,5,5,83
E00965,2024-11-01,,,,PL,Krakow,Customer Service,L2,F,44,Fixed-term,Onsite,1.0,22550,23600,0.956,19,19,2,73
E00966,2025-12-20,,,,PL,Krakow,Operations,L1,M,26,Fixed-term,Onsite,1.0,18550,20000,0.927,6,6,3,68
E00967,2026-04-30,,,,ES,Barcelona,Customer Service,L1,M,22,Permanent,Remote,1.0,18700,22500,0.831,2,2,3,40
E00968,2025-03-25,,,,PL,Krakow,Operations,L1,F,35,Permanent,Hybrid,1.0,19950,20000,0.998,15,15,4,72
E00969,2025-11-12,,,,IT,Milan,Sales,L3,M,25,Permanent,Hybrid,1.0,37000,43700,0.847,7,7,1,47
E00970,2023-04-01,,,,PL,Krakow,Sales,L5,M,33,Permanent,Remote,1.0,64850,63900,1.015,38,38,3,62
E00971,2018-04-08,,,,PL,Krakow,Finance,L3,M,30,Permanent,Onsite,1.0,39000,37000,1.054,98,15,3,69
E00972,2023-07-23,,,,PL,Krakow,Customer Service,L2,F,32,Permanent,Onsite,1.0,23000,23600,0.975,35,17,3,65
E00973,2026-04-24,,,,PL,Krakow,Tech,L3,M,34,Fixed-term,Hybrid,1.0,41750,42000,0.994,2,2,3,73
E00974,2014-09-16,,,,PL,Krakow,Sales,L6,M,50,Fixed-term,Onsite,1.0,92050,88200,1.044,141,141,4,56
E00975,2015-04-13,,,,IT,Milan,Operations,L2,F,51,Permanent,Hybrid,1.0,33500,30900,1.084,134,134,2,59
E00976,2025-12-05,,,,IT,Milan,Customer Service,L3,F,31,Permanent,Onsite,1.0,32900,37400,0.88,6,6,4,65
E00977,2023-11-09,,,,IT,Milan,Finance,L2,F,32,Permanent,Hybrid,0.8,36100,35800,1.008,31,15,1,66
E00978,2025-06-04,,,,PL,Krakow,Customer Service,L3,F,35,Permanent,Hybrid,0.8,31950,30200,1.058,12,12,3,55
E00979,2025-07-22,,,,IT,Milan,Operations,L5,M,46,Fixed-term,Remote,0.8,78350,71600,1.094,11,11,4,71
E00980,2026-04-10,,,,DE,Munich,HR,L3,M,27,Permanent,Onsite,1.0,48900,60800,0.804,2,2,3,57
E00981,2023-07-01,2025-12-17,Voluntary,Manager / leadership,IT,Milan,Sales,L4,F,36,Permanent,Hybrid,1.0,51750,57300,0.903,29,21,4,38
E00982,2022-07-16,,,,PL,Krakow,Sales,L3,F,28,Fixed-term,Hybrid,1.0,33450,35300,0.948,47,47,3,54
E00983,2025-10-25,,,,DE,Munich,HR,L4,M,24,Permanent,Hybrid,1.0,73550,79800,0.922,8,8,2,60
E00984,2018-09-10,,,,DE,Munich,Customer Service,L4,F,27,Permanent,Remote,1.0,70550,71800,0.983,93,93,3,58
E00985,2012-07-09,,,,IT,Milan,Operations,L1,F,47,Fixed-term,Hybrid,1.0,24850,24700,1.006,167,167,4,53
E00986,2024-04-07,,,,PL,Krakow,Customer Service,L1,F,30,Permanent,Hybrid,0.8,19900,18900,1.053,26,8,3,67
E00987,2022-11-30,,,,ES,Barcelona,Finance,L2,F,26,Permanent,Hybrid,1.0,31100,34400,0.904,43,43,4,48
E00988,2022-07-22,,,,IT,Milan,Operations,L2,M,27,Permanent,Remote,1.0,29850,30900,0.966,47,47,4,81
E00989,2018-02-17,,,,ES,Barcelona,Finance,L3,F,40,Permanent,Onsite,1.0,44250,44000,1.006,100,7,3,83
E00990,2023-04-18,,,,ES,Barcelona,Operations,L4,M,30,Permanent,Hybrid,1.0,51900,49900,1.04,38,11,2,71
E00991,2022-03-31,,,,DE,Munich,Tech,L3,M,20,Permanent,Remote,1.0,88400,76000,1.163,51,4,3,68
E00992,2022-01-01,,,,ES,Barcelona,Finance,L2,F,28,Permanent,Hybrid,1.0,38550,34400,1.121,53,37,3,69
E00993,2026-03-01,,,,DE,Munich,Finance,L3,F,32,Permanent,Hybrid,1.0,58050,66900,0.868,3,3,4,58
E00994,2025-05-08,,,,DE,Munich,Operations,L1,M,42,Fixed-term,Hybrid,1.0,39150,36100,1.084,13,13,3,51
E00995,2019-10-30,2026-06-24,Voluntary,Relocation,IT,Milan,Operations,L2,M,28,Permanent,Hybrid,1.0,28150,30900,0.911,80,80,3,40
E00996,2015-12-04,,,,PL,Krakow,Customer Service,L1,F,42,Permanent,Hybrid,0.8,20500,18900,1.085,126,24,3,56
E00997,2024-07-30,,,,IT,Milan,Tech,L5,M,30,Permanent,Hybrid,1.0,92550,94200,0.982,23,23,4,89
E00998,2023-03-14,,,,ES,Barcelona,Operations,L3,M,28,Permanent,Onsite,1.0,38300,38000,1.008,39,14,3,83
E00999,2024-04-04,,,,DE,Munich,Customer Service,L1,M,21,Permanent,Onsite,1.0,35550,34200,1.039,26,26,3,56
E01000,2015-06-24,2025-07-04,Voluntary,Better external offer,DE,Munich,Tech,L1,F,45,Fixed-term,Onsite,1.0,46650,47500,0.982,121,121,3,57
E01001,2023-09-16,,,,IT,Milan,Customer Service,L1,F,24,Permanent,Onsite,0.8,22700,23400,0.97,33,20,2,63
E01002,2020-07-06,,,,ES,Barcelona,Operations,L1,F,41,Permanent,Remote,1.0,23650,23800,0.994,71,12,3,84
E01003,2024-04-04,,,,DE,Munich,HR,L1,M,28,Permanent,Remote,1.0,36000,38000,0.947,26,26,3,61
E01004,2021-06-02,,,,PL,Krakow,Customer Service,L1,F,46,Permanent,Onsite,1.0,18400,18900,0.974,60,28,4,54
E01005,2019-10-14,,,,ES,Barcelona,Customer Service,L3,F,41,Fixed-term,Hybrid,1.0,35050,36000,0.974,80,6,4,75
E01006,2020-04-24,,,,IT,Milan,Customer Service,L1,M,45,Permanent,Hybrid,1.0,23250,23400,0.994,74,26,3,44
E01007,2013-02-08,,,,ES,Barcelona,Customer Service,L3,M,37,Permanent,Onsite,1.0,33250,36000,0.924,160,10,4,85
E01008,2023-03-06,,,,DE,Munich,Customer Service,L2,F,38,Permanent,Hybrid,1.0,43500,42800,1.016,39,33,3,54
E01009,2025-09-24,,,,ES,Barcelona,Customer Service,L1,F,26,Fixed-term,Onsite,1.0,21950,22500,0.976,9,9,3,68
E01010,2024-09-19,,,,DE,Munich,Tech,L1,F,35,Permanent,Hybrid,1.0,48500,47500,1.021,21,16,2,70
E01011,2023-08-20,,,,DE,Munich,Finance,L3,M,24,Permanent,Remote,1.0,58900,66900,0.88,34,16,5,52
E01012,2020-07-19,,,,ES,Barcelona,Customer Service,L1,F,36,Permanent,Onsite,1.0,23650,22500,1.051,71,30,5,67
E01013,2025-02-25,,,,ES,Barcelona,Tech,L2,F,25,Permanent,Onsite,1.0,35950,39100,0.919,16,3,5,73
E01014,2020-10-22,,,,PL,Krakow,Tech,L3,M,44,Permanent,Remote,1.0,40550,42000,0.965,68,43,3,65
E01015,2023-08-01,,,,ES,Barcelona,Operations,L5,M,35,Permanent,Hybrid,1.0,69250,68900,1.005,34,34,3,60
E01016,2025-08-03,,,,PL,Krakow,HR,L2,M,36,Permanent,Hybrid,1.0,23700,26200,0.905,10,10,3,66
E01017,2024-05-09,,,,PL,Krakow,Sales,L6,M,25,Permanent,Hybrid,1.0,84200,88200,0.955,25,8,3,79
E01018,2022-08-02,,,,IT,Milan,Sales,L2,F,40,Permanent,Onsite,1.0,33900,34100,0.994,46,46,4,44
E01019,2017-01-04,,,,IT,Milan,Operations,L2,F,43,Permanent,Hybrid,1.0,27650,30900,0.895,113,22,3,68
E01020,2018-12-21,2026-04-10,Involuntary,End of fixed-term contract,PL,Krakow,Customer Service,L1,M,24,Fixed-term,Onsite,1.0,18950,18900,1.003,88,88,3,57
E01021,2017-10-01,,,,PL,Krakow,Customer Service,L2,F,43,Permanent,Hybrid,1.0,22450,23600,0.951,104,5,4,82
E01022,2021-12-05,,,,IT,Milan,HR,L2,M,26,Permanent,Hybrid,1.0,27800,32500,0.855,54,54,5,46
E01023,2012-07-06,,,,DE,Munich,Operations,L3,F,40,Permanent,Hybrid,1.0,61450,57800,1.063,167,167,4,66
E01024,2024-08-25,,,,PL,Krakow,Operations,L1,F,35,Permanent,Hybrid,1.0,18550,20000,0.927,22,16,3,67
E01025,2021-12-26,,,,PL,Krakow,Customer Service,L2,F,31,Permanent,Hybrid,1.0,24650,23600,1.044,54,54,1,70
E01026,2014-12-25,,,,PL,Krakow,Operations,L2,F,45,Permanent,Hybrid,1.0,23450,24900,0.942,138,138,2,48
E01027,2025-10-27,,,,IT,Milan,HR,L3,M,33,Permanent,Onsite,1.0,34150,41600,0.821,8,8,3,59
E01028,2012-07-05,,,,IT,Milan,HR,L5,M,46,Permanent,Hybrid,1.0,77200,75400,1.024,167,17,5,67
E01029,2015-04-11,2025-09-28,Voluntary,Better external offer,DE,Munich,Tech,L4,F,56,Permanent,Hybrid,1.0,83500,99800,0.837,125,125,3,34
E01030,2026-03-25,,,,ES,Barcelona,Customer Service,L4,F,33,Permanent,Remote,0.8,43900,47200,0.93,3,3,4,64
E01031,2025-12-21,,,,DE,Munich,Customer Service,L2,F,20,Permanent,Hybrid,1.0,36250,42800,0.847,6,6,3,57
E01032,2013-03-02,,,,IT,Milan,Tech,L1,F,54,Permanent,Hybrid,1.0,31550,32500,0.971,159,9,3,69
E01033,2026-06-24,,,,PL,Krakow,Operations,L1,F,29,Permanent,Hybrid,1.0,17850,20000,0.892,0,0,2,75
E01034,2023-08-11,,,,DE,Munich,Operations,L5,M,34,Permanent,Hybrid,1.0,105000,104700,1.003,34,11,4,76
E01035,2023-04-18,,,,PL,Krakow,Sales,L2,F,28,Permanent,Remote,1.0,27250,27600,0.987,38,21,4,67
E01036,2015-06-24,,,,IT,Milan,Sales,L2,F,44,Permanent,Hybrid,1.0,36250,34100,1.063,132,17,1,85
E01037,2026-06-16,,,,IT,Milan,Tech,L4,F,30,Permanent,Hybrid,1.0,61050,68200,0.895,0,0,3,59
E01038,2012-07-10,,,,PL,Krakow,Customer Service,L4,F,39,Permanent,Hybrid,1.0,41800,39700,1.053,167,167,4,58
E01039,2022-11-21,2026-02-23,Voluntary,Career progression,ES,Barcelona,Operations,L1,M,32,Permanent,Hybrid,1.0,25100,23800,1.055,39,39,3,66
E01040,2025-02-15,,,,DE,Munich,Operations,L1,F,26,Permanent,Remote,1.0,32850,36100,0.91,16,16,3,59
E01041,2025-07-09,,,,ES,Barcelona,HR,L3,F,21,Permanent,Hybrid,1.0,41900,40000,1.048,11,11,4,86
E01042,2022-04-16,,,,ES,Barcelona,Finance,L2,F,33,Permanent,Hybrid,1.0,38600,34400,1.122,50,28,3,57
E01043,2025-06-23,,,,ES,Barcelona,Tech,L5,F,38,Fixed-term,Hybrid,1.0,93100,90600,1.028,12,12,3,64
E01044,2023-01-03,,,,PL,Krakow,Sales,L2,F,34,Permanent,Remote,0.8,28000,27600,1.014,41,41,2,52
E01045,2021-03-27,,,,IT,Milan,Finance,L4,F,44,Permanent,Onsite,1.0,52700,60100,0.877,63,63,3,31
E01046,2022-10-08,,,,PL,Krakow,Operations,L4,M,33,Permanent,Hybrid,0.8,42400,41900,1.012,44,44,2,55
E01047,2016-10-01,,,,IT,Milan,Finance,L1,F,50,Permanent,Hybrid,1.0,31400,28600,1.098,116,4,3,76
E01048,2020-05-25,,,,DE,Munich,Sales,L2,M,48,Permanent,Hybrid,1.0,50250,49900,1.007,73,18,3,74
E01049,2024-03-31,,,,DE,Munich,HR,L2,F,31,Permanent,Onsite,1.0,46350,47500,0.976,27,23,2,57
E01050,2021-04-05,,,,PL,Krakow,Customer Service,L3,M,30,Permanent,Hybrid,1.0,30900,30200,1.023,62,62,3,56
E01051,2024-03-03,,,,IT,Milan,Customer Service,L1,F,29,Fixed-term,Hybrid,1.0,24350,23400,1.041,27,8,3,60
E01052,2025-11-04,,,,ES,Barcelona,Customer Service,L2,F,35,Fixed-term,Hybrid,1.0,22550,28100,0.802,7,7,3,33
E01053,2023-02-23,,,,IT,Milan,Customer Service,L1,M,25,Permanent,Onsite,1.0,24450,23400,1.045,40,40,4,60
E01054,2021-04-14,,,,ES,Barcelona,Customer Service,L4,M,37,Permanent,Hybrid,1.0,45300,47200,0.96,62,25,4,60
E01055,2022-04-09,,,,PL,Krakow,Operations,L5,F,39,Permanent,Hybrid,1.0,57100,57900,0.986,50,30,3,69
E01056,2025-06-17,,,,ES,Barcelona,Sales,L1,F,38,Fixed-term,Hybrid,1.0,25100,26200,0.958,12,12,3,71
E01057,2025-12-02,,,,ES,Barcelona,Tech,L4,M,40,Fixed-term,Hybrid,1.0,64000,65600,0.976,6,6,3,74
E01058,2018-08-14,,,,PL,Krakow,Sales,L1,F,42,Fixed-term,Onsite,1.0,25800,22000,1.173,94,94,3,58
E01059,2022-05-20,,,,IT,Milan,Customer Service,L1,M,46,Permanent,Hybrid,1.0,22950,23400,0.981,49,12,5,81
E01060,2023-05-08,,,,IT,Milan,Operations,L2,F,34,Permanent,Onsite,1.0,30800,30900,0.997,37,21,2,60
E01061,2024-04-04,,,,PL,Krakow,Customer Service,L3,F,34,Permanent,Hybrid,1.0,28800,30200,0.954,26,14,4,79
E01062,2020-09-19,,,,PL,Krakow,Finance,L2,F,35,Permanent,Hybrid,0.8,27750,28900,0.96,69,69,4,61
E01063,2025-07-21,,,,PL,Krakow,Operations,L3,M,37,Permanent,Onsite,1.0,32600,31900,1.022,11,11,2,74
E01064,2025-09-19,,,,PL,Krakow,Tech,L2,F,32,Permanent,Hybrid,1.0,29500,32800,0.899,9,9,2,53
E01065,2023-08-02,,,,ES,Barcelona,Customer Service,L1,M,24,Permanent,Onsite,1.0,22250,22500,0.989,34,13,1,60
E01066,2025-07-30,,,,PL,Krakow,Customer Service,L2,F,20,Fixed-term,Hybrid,1.0,23600,23600,1.0,11,11,3,75
E01067,2024-11-18,,,,PL,Krakow,Operations,L5,M,34,Permanent,Onsite,1.0,60050,57900,1.037,19,11,2,69
E01068,2020-12-23,,,,IT,Milan,Customer Service,L3,M,25,Permanent,Onsite,1.0,38050,37400,1.017,66,66,3,50
E01069,2023-08-15,,,,PL,Krakow,Tech,L3,M,42,Permanent,Remote,0.8,46150,42000,1.099,34,4,3,68
E01070,2024-04-30,,,,ES,Barcelona,Sales,L2,F,41,Permanent,Remote,1.0,34150,32800,1.041,26,15,1,79
E01071,2023-03-12,,,,DE,Munich,Tech,L3,M,24,Permanent,Remote,1.0,83250,76000,1.095,39,11,3,55
E01072,2020-06-22,,,,ES,Barcelona,Tech,L4,F,31,Permanent,Onsite,1.0,68550,65600,1.045,72,35,3,60
E01073,2025-09-04,,,,PL,Krakow,Sales,L1,F,28,Fixed-term,Onsite,1.0,22750,22000,1.034,9,9,5,77
E01074,2020-12-30,,,,DE,Munich,Customer Service,L2,M,42,Permanent,Hybrid,1.0,41500,42800,0.97,66,30,4,71
E01075,2026-03-19,,,,PL,Krakow,Finance,L4,F,24,Permanent,Remote,1.0,45750,48500,0.943,3,3,4,66
E01076,2020-06-11,2025-07-12,Voluntary,Relocation,DE,Munich,Customer Service,L3,M,33,Permanent,Onsite,1.0,48200,54700,0.881,61,6,4,59
E01077,2025-07-13,,,,PL,Krakow,Tech,L5,M,39,Fixed-term,Hybrid,1.0,72650,76100,0.955,11,11,1,81
E01078,2024-04-14,,,,PL,Krakow,Tech,L6,F,37,Permanent,Onsite,1.0,104950,105000,1.0,26,15,3,62
E01079,2025-02-06,2025-12-24,Voluntary,Personal reasons,ES,Barcelona,Customer Service,L3,F,20,Permanent,Onsite,1.0,36150,36000,1.004,10,0,3,54
E01080,2020-05-10,,,,PL,Krakow,Sales,L1,M,53,Permanent,Hybrid,0.8,25300,22000,1.15,73,6,3,70
E01081,2026-02-16,,,,PL,Krakow,Customer Service,L4,F,31,Permanent,Hybrid,1.0,34650,39700,0.873,4,4,3,63
E01082,2012-07-04,,,,DE,Munich,Sales,L1,F,49,Permanent,Hybrid,1.0,41300,39900,1.035,167,167,3,70
E01083,2017-08-11,,,,ES,Barcelona,Sales,L2,F,30,Permanent,Hybrid,1.0,31400,32800,0.957,106,36,5,72
E01084,2024-02-19,,,,PL,Krakow,Sales,L1,F,45,Permanent,Hybrid,1.0,22600,22000,1.027,28,5,3,92
E01085,2024-11-11,,,,PL,Krakow,HR,L2,F,32,Permanent,Hybrid,1.0,26600,26200,1.015,19,6,4,73
E01086,2025-07-10,,,,PL,Krakow,Operations,L1,M,35,Fixed-term,Onsite,1.0,17950,20000,0.897,11,11,3,46
E01087,2025-07-26,,,,DE,Munich,Operations,L1,F,28,Fixed-term,Hybrid,1.0,33850,36100,0.938,11,11,3,83
E01088,2015-11-01,,,,IT,Milan,Sales,L2,M,50,Permanent,Hybrid,1.0,33050,34100,0.969,127,22,3,83
E01089,2025-02-20,,,,PL,Krakow,Tech,L3,F,27,Permanent,Hybrid,1.0,36950,42000,0.88,16,9,3,57
E01090,2026-01-08,,,,IT,Milan,Finance,L1,F,28,Fixed-term,Onsite,1.0,28100,28600,0.983,5,5,4,57
E01091,2021-11-13,,,,DE,Munich,Finance,L1,F,29,Permanent,Hybrid,1.0,49600,41800,1.187,55,23,3,75
E01092,2017-04-12,,,,DE,Munich,Tech,L1,M,40,Fixed-term,Onsite,1.0,48550,47500,1.022,110,17,2,67
E01093,2025-10-13,,,,PL,Krakow,Customer Service,L3,F,21,Permanent,Onsite,1.0,22650,30200,0.75,8,8,2,47
E01094,2021-09-11,,,,PL,Krakow,Customer Service,L4,M,36,Fixed-term,Remote,1.0,39050,39700,0.984,57,57,4,64
E01095,2026-02-17,,,,PL,Krakow,Sales,L2,M,32,Permanent,Hybrid,1.0,24250,27600,0.879,4,4,3,74
E01096,2023-07-05,,,,IT,Milan,Sales,L2,F,28,Permanent,Hybrid,1.0,37450,34100,1.098,35,28,4,61
E01097,2023-11-17,,,,IT,Milan,Finance,L2,M,20,Permanent,Remote,1.0,35950,35800,1.004,31,31,2,62
E01098,2020-06-16,,,,PL,Krakow,Finance,L4,M,25,Fixed-term,Hybrid,1.0,44800,48500,0.924,72,31,3,56
E01099,2021-07-12,,,,IT,Milan,Customer Service,L5,M,45,Permanent,Hybrid,1.0,72200,67900,1.063,59,17,3,67
E01100,2016-02-29,,,,PL,Krakow,HR,L4,F,59,Permanent,Remote,1.0,45450,44100,1.031,124,24,4,65
E01101,2023-05-25,,,,PL,Krakow,Customer Service,L4,M,26,Permanent,Onsite,1.0,37350,39700,0.941,37,37,3,52
E01102,2025-11-24,,,,PL,Krakow,Customer Service,L2,M,46,Permanent,Remote,1.0,22300,23600,0.945,7,7,3,68
E01103,2020-07-22,,,,IT,Milan,Customer Service,L2,M,33,Permanent,Hybrid,1.0,30950,29200,1.06,71,19,4,64
E01104,2025-07-23,2025-09-16,Voluntary,Compensation,IT,Milan,Sales,L1,F,28,Fixed-term,Onsite,1.0,24700,27300,0.905,2,2,3,49
E01105,2024-05-20,,,,DE,Munich,Operations,L2,M,26,Permanent,Onsite,1.0,48100,45100,1.067,25,25,4,66
E01106,2017-11-04,,,,ES,Barcelona,Tech,L3,M,46,Permanent,Onsite,1.0,47300,50000,0.946,103,103,1,52
E01107,2024-09-02,,,,PL,Krakow,Customer Service,L1,M,28,Permanent,Remote,1.0,14950,18900,0.791,21,21,4,49
E01108,2023-09-14,,,,IT,Milan,Operations,L1,F,42,Permanent,Hybrid,1.0,25000,24700,1.012,33,16,2,64
E01109,2017-02-17,,,,PL,Krakow,Tech,L3,M,41,Permanent,Remote,1.0,45050,42000,1.073,112,25,5,55
E01110,2021-01-23,,,,PL,Krakow,Finance,L5,M,50,Permanent,Onsite,1.0,74800,67000,1.116,65,39,2,59
E01111,2012-07-24,,,,IT,Milan,HR,L4,M,50,Permanent,Onsite,1.0,53050,54600,0.972,167,167,4,56
E01112,2024-10-23,,,,PL,Krakow,Customer Service,L2,M,20,Permanent,Onsite,1.0,25300,23600,1.072,20,20,3,59
E01113,2014-04-03,,,,ES,Barcelona,Customer Service,L4,M,39,Fixed-term,Remote,1.0,54350,47200,1.151,146,146,4,52
E01114,2025-04-30,2026-02-03,Voluntary,Compensation,IT,Milan,Tech,L2,F,22,Permanent,Onsite,1.0,33350,40600,0.821,10,10,3,36
E01115,2022-12-24,,,,IT,Milan,Operations,L3,F,33,Permanent,Onsite,1.0,39600,39500,1.003,42,42,3,75
E01116,2020-11-30,,,,IT,Milan,Operations,L6,M,41,Permanent,Hybrid,1.0,94050,98800,0.952,67,67,4,66
E01117,2025-10-22,,,,PL,Krakow,Tech,L1,F,45,Permanent,Hybrid,1.0,25750,26200,0.983,8,8,3,59
E01118,2024-11-09,,,,PL,Krakow,Operations,L2,F,30,Permanent,Onsite,1.0,24900,24900,1.0,19,3,3,66
E01119,2023-08-31,,,,IT,Milan,Operations,L1,F,34,Permanent,Hybrid,1.0,25050,24700,1.014,34,34,4,82
E01120,2023-05-02,,,,IT,Milan,Operations,L1,F,38,Permanent,Hybrid,1.0,25000,24700,1.012,37,25,4,80
E01121,2025-01-17,,,,IT,Milan,Customer Service,L3,F,42,Permanent,Hybrid,1.0,39650,37400,1.06,17,17,4,80
E01122,2022-12-07,,,,PL,Krakow,Customer Service,L3,F,37,Permanent,Onsite,1.0,30650,30200,1.015,42,4,5,81
E01123,2025-11-02,,,,PL,Krakow,Tech,L1,F,35,Permanent,Hybrid,1.0,22600,26200,0.863,7,7,5,49
E01124,2017-12-13,,,,ES,Barcelona,Customer Service,L2,M,20,Fixed-term,Hybrid,1.0,31000,28100,1.103,102,102,3,56
E01125,2026-04-26,,,,DE,Munich,HR,L5,F,35,Fixed-term,Onsite,1.0,101900,110200,0.925,2,2,3,51
E01126,2020-09-07,,,,PL,Krakow,HR,L3,M,33,Fixed-term,Hybrid,1.0,34450,33600,1.025,69,69,3,57
E01127,2025-07-15,,,,IT,Milan,Sales,L1,F,32,Permanent,Remote,1.0,20700,27300,0.758,11,11,1,51
E01128,2023-01-30,2025-11-16,Voluntary,Career progression,DE,Munich,Sales,L6,M,25,Fixed-term,Hybrid,1.0,154150,159600,0.966,34,34,4,66
E01129,2025-10-14,,,,PL,Krakow,Sales,L3,M,27,Permanent,Onsite,1.0,31200,35300,0.884,8,8,3,51
E01130,2023-07-08,,,,ES,Barcelona,HR,L5,M,33,Permanent,Remote,1.0,75000,72500,1.034,35,12,3,78
E01131,2026-03-19,,,,IT,Milan,Operations,L5,M,27,Permanent,Remote,1.0,68850,71600,0.962,3,3,5,78
E01132,2024-09-09,,,,IT,Milan,Operations,L2,F,23,Permanent,Remote,1.0,28500,30900,0.922,21,21,3,74
E01133,2025-09-01,2026-05-13,Voluntary,Manager / leadership,PL,Krakow,Customer Service,L3,F,35,Fixed-term,Hybrid,1.0,28900,30200,0.957,8,8,3,65
E01134,2022-01-13,,,,IT,Milan,Operations,L4,M,40,Permanent,Hybrid,1.0,50200,51900,0.967,53,14,5,76
E01135,2024-11-20,,,,IT,Milan,Sales,L5,M,34,Permanent,Hybrid,0.8,79850,79200,1.008,19,9,4,89
E01136,2026-04-06,,,,PL,Krakow,Customer Service,L2,F,29,Permanent,Hybrid,1.0,21100,23600,0.894,2,2,2,34
E01137,2023-09-14,,,,PL,Krakow,Customer Service,L3,F,31,Fixed-term,Onsite,1.0,31350,30200,1.038,33,29,3,54
E01138,2025-05-12,2026-02-07,Voluntary,Relocation,DE,Munich,Finance,L5,M,43,Permanent,Hybrid,1.0,118450,121200,0.977,9,9,3,84
E01139,2024-01-04,,,,IT,Milan,Customer Service,L2,F,28,Permanent,Onsite,1.0,30500,29200,1.045,29,9,3,62
E01140,2015-06-07,,,,DE,Munich,HR,L5,M,59,Permanent,Remote,1.0,109950,110200,0.998,132,20,4,84
E01141,2024-12-03,,,,DE,Munich,Tech,L3,M,33,Fixed-term,Remote,0.8,82450,76000,1.085,18,18,3,73
E01142,2016-03-10,,,,DE,Munich,Finance,L3,M,43,Permanent,Hybrid,1.0,70700,66900,1.057,123,123,3,78
E01143,2025-11-14,,,,IT,Milan,Customer Service,L4,M,31,Fixed-term,Hybrid,1.0,45250,49100,0.922,7,7,3,74
E01144,2026-02-17,2026-06-07,Voluntary,Career progression,IT,Milan,Finance,L2,F,20,Fixed-term,Hybrid,1.0,29900,35800,0.835,4,4,4,59
E01145,2020-10-27,,,,ES,Barcelona,Operations,L3,F,31,Permanent,Remote,1.0,37350,38000,0.983,68,35,3,65
E01146,2012-07-19,2025-08-18,Voluntary,Compensation,PL,Krakow,Customer Service,L1,F,52,Fixed-term,Hybrid,1.0,17100,18900,0.905,157,157,3,37
E01147,2021-06-13,,,,PL,Krakow,Customer Service,L1,M,38,Permanent,Remote,1.0,19300,18900,1.021,60,38,2,51
E01148,2023-05-20,,,,ES,Barcelona,HR,L3,F,21,Fixed-term,Onsite,1.0,39350,40000,0.984,37,37,5,68
E01149,2019-04-22,,,,IT,Milan,Operations,L1,F,38,Permanent,Onsite,1.0,26700,24700,1.081,86,43,2,56
E01150,2022-03-18,,,,PL,Krakow,HR,L1,M,32,Permanent,Onsite,1.0,23000,21000,1.095,51,34,2,48
E01151,2021-10-25,,,,ES,Barcelona,Customer Service,L2,F,39,Permanent,Onsite,1.0,26250,28100,0.934,56,16,4,79
E01152,2012-07-24,2026-05-06,Voluntary,Compensation,IT,Milan,Finance,L2,F,44,Permanent,Hybrid,1.0,38800,35800,1.084,166,166,3,58
E01153,2021-12-04,,,,IT,Milan,Tech,L6,M,34,Permanent,Hybrid,1.0,135750,130000,1.044,54,54,2,61
E01154,2025-02-08,2026-02-09,Involuntary,Performance,IT,Milan,HR,L4,M,33,Fixed-term,Onsite,0.8,46250,54600,0.847,12,12,4,57
E01155,2020-07-07,,,,ES,Barcelona,Sales,L3,M,43,Permanent,Onsite,1.0,47900,42000,1.14,71,30,5,55
E01156,2025-02-28,,,,IT,Milan,Finance,L3,F,35,Fixed-term,Hybrid,1.0,36300,45800,0.793,16,16,5,63
E01157,2024-10-27,,,,PL,Krakow,HR,L2,F,25,Permanent,Hybrid,1.0,25150,26200,0.96,20,7,3,62
E01158,2021-02-13,,,,PL,Krakow,Customer Service,L4,M,33,Permanent,Hybrid,1.0,40250,39700,1.014,64,36,3,71
E01159,2026-02-02,,,,IT,Milan,Customer Service,L1,F,32,Fixed-term,Onsite,1.0,17850,23400,0.763,4,4,3,55
E01160,2020-02-15,,,,IT,Milan,Customer Service,L1,F,40,Permanent,Hybrid,1.0,20750,23400,0.887,76,76,3,28
E01161,2012-07-13,,,,IT,Milan,Operations,L2,M,55,Permanent,Hybrid,1.0,32050,30900,1.037,167,8,4,83
E01162,2023-03-16,,,,ES,Barcelona,Operations,L2,F,26,Permanent,Remote,1.0,29900,29700,1.007,39,25,3,44
E01163,2025-08-24,,,,IT,Milan,Customer Service,L2,F,20,Permanent,Onsite,1.0,26250,29200,0.899,10,10,5,68
E01164,2024-12-23,,,,IT,Milan,Customer Service,L1,M,26,Permanent,Hybrid,1.0,21700,23400,0.927,18,18,4,67
E01165,2019-04-03,2026-05-06,Voluntary,Work-life balance,DE,Munich,Customer Service,L4,M,40,Permanent,Remote,1.0,76000,71800,1.058,85,85,2,38
E01166,2026-02-23,2026-06-25,Involuntary,Restructuring,DE,Munich,Operations,L3,M,22,Fixed-term,Hybrid,1.0,48950,57800,0.847,4,4,3,63
E01167,2020-09-04,,,,DE,Munich,HR,L1,F,58,Permanent,Hybrid,1.0,38050,38000,1.001,69,39,3,68
E01168,2018-12-06,2026-02-10,Voluntary,Career progression,PL,Krakow,Customer Service,L1,F,56,Permanent,Onsite,1.0,20850,18900,1.103,86,24,4,63
E01169,2025-08-24,2026-01-15,Voluntary,Better external offer,DE,Munich,Customer Service,L5,M,20,Permanent,Onsite,1.0,88050,99200,0.888,5,5,5,53
E01170,2020-05-03,,,,IT,Milan,Customer Service,L2,M,42,Permanent,Onsite,1.0,33400,29200,1.144,73,22,3,69
E01171,2023-06-03,,,,PL,Krakow,Operations,L1,M,36,Permanent,Onsite,1.0,18750,20000,0.938,36,10,3,73
E01172,2026-02-12,,,,PL,Krakow,Tech,L2,F,38,Permanent,Remote,1.0,29500,32800,0.899,4,4,2,50
E01173,2020-12-24,,,,ES,Barcelona,Finance,L3,F,38,Permanent,Hybrid,1.0,50950,44000,1.158,66,40,3,65
E01174,2026-04-10,,,,IT,Milan,Customer Service,L5,F,36,Permanent,Remote,1.0,55300,67900,0.814,2,2,3,60
E01175,2023-05-06,,,,IT,Milan,Operations,L2,M,35,Fixed-term,Hybrid,1.0,29850,30900,0.966,37,37,4,63
E01176,2025-08-24,,,,IT,Milan,Tech,L3,M,27,Permanent,Hybrid,1.0,51750,52000,0.995,10,10,3,62
E01177,2026-01-17,,,,IT,Milan,Customer Service,L5,M,36,Permanent,Remote,1.0,73250,67900,1.079,5,5,3,58
E01178,2025-06-06,2025-10-22,Involuntary,Conduct,IT,Milan,Customer Service,L2,F,38,Permanent,Hybrid,1.0,29100,29200,0.997,4,4,3,73
E01179,2020-08-30,,,,IT,Milan,Customer Service,L3,F,44,Permanent,Hybrid,1.0,42100,37400,1.126,70,15,3,65
E01180,2022-01-17,,,,ES,Barcelona,Operations,L2,F,35,Permanent,Remote,1.0,33550,29700,1.13,53,24,3,79
E01181,2024-01-25,,,,DE,Munich,Customer Service,L1,M,32,Fixed-term,Onsite,1.0,32800,34200,0.959,29,19,5,79
E01182,2025-08-04,,,,PL,Krakow,Tech,L4,F,38,Fixed-term,Remote,1.0,50500,55100,0.917,10,10,2,55
E01183,2021-01-15,,,,PL,Krakow,Customer Service,L2,M,41,Fixed-term,Hybrid,1.0,22100,23600,0.936,65,33,2,55
E01184,2025-03-24,,,,PL,Krakow,Customer Service,L3,F,30,Permanent,Onsite,1.0,30850,30200,1.022,15,15,4,68
E01185,2018-12-05,,,,DE,Munich,Tech,L3,F,44,Fixed-term,Onsite,1.0,86800,76000,1.142,90,90,4,55
E01186,2023-01-11,,,,IT,Milan,Tech,L3,M,30,Permanent,Hybrid,1.0,52400,52000,1.008,41,30,4,67
E01187,2021-10-31,,,,IT,Milan,Operations,L2,F,43,Permanent,Hybrid,1.0,32100,30900,1.039,56,11,3,73
E01188,2017-02-14,,,,PL,Krakow,Customer Service,L1,M,42,Permanent,Onsite,1.0,20650,18900,1.093,112,112,4,61
E01189,2026-05-14,,,,IT,Milan,Sales,L3,F,25,Permanent,Remote,1.0,40200,43700,0.92,1,1,3,63
E01190,2026-01-03,,,,IT,Milan,HR,L3,F,34,Fixed-term,Onsite,1.0,34050,41600,0.819,5,5,4,60
E01191,2021-06-21,,,,PL,Krakow,Operations,L5,M,33,Permanent,Hybrid,1.0,63750,57900,1.101,60,60,3,63
E01192,2023-11-05,,,,PL,Krakow,Operations,L6,M,29,Permanent,Onsite,1.0,80350,79800,1.007,31,11,3,63
E01193,2023-05-24,,,,PL,Krakow,Operations,L1,M,46,Permanent,Hybrid,0.8,23600,20000,1.18,37,37,4,72
E01194,2025-02-28,,,,DE,Munich,Customer Service,L2,M,34,Permanent,Onsite,1.0,48950,42800,1.144,16,16,2,58
E01195,2024-04-20,,,,PL,Krakow,Finance,L1,M,28,Permanent,Onsite,1.0,27050,23100,1.171,26,26,3,53
E01196,2024-02-26,,,,PL,Krakow,Operations,L2,M,20,Permanent,Hybrid,1.0,27800,24900,1.116,28,19,3,61
E01197,2020-04-17,,,,PL,Krakow,Customer Service,L3,M,39,Fixed-term,Hybrid,1.0,32150,30200,1.065,74,3,3,79
E01198,2024-03-31,,,,DE,Munich,Operations,L2,F,40,Permanent,Remote,1.0,46500,45100,1.031,27,10,1,71
E01199,2023-09-22,,,,DE,Munich,Operations,L4,M,20,Fixed-term,Onsite,1.0,84850,75800,1.119,33,18,4,78
E01200,2026-03-06,,,,IT,Milan,Sales,L3,M,33,Fixed-term,Hybrid,0.8,45300,43700,1.037,3,3,4,52
E01201,2019-10-18,,,,DE,Munich,Sales,L3,M,39,Permanent,Onsite,1.0,58350,63800,0.915,80,32,4,45
E01202,2025-12-18,,,,IT,Milan,Operations,L1,F,30,Fixed-term,Onsite,1.0,18500,24700,0.749,6,6,4,53
E01203,2024-07-24,,,,DE,Munich,HR,L2,F,31,Permanent,Remote,1.0,42400,47500,0.893,23,23,3,41
E01204,2023-06-06,,,,PL,Krakow,Customer Service,L1,M,48,Fixed-term,Hybrid,1.0,20900,18900,1.106,36,19,1,82
E01205,2022-10-14,,,,PL,Krakow,Customer Service,L2,F,20,Permanent,Remote,1.0,28750,23600,1.218,44,44,3,55
E01206,2022-03-14,,,,IT,Milan,Customer Service,L1,M,43,Fixed-term,Hybrid,1.0,25550,23400,1.092,51,42,3,59
E01207,2025-11-07,,,,PL,Krakow,Finance,L3,M,27,Fixed-term,Remote,0.8,32000,37000,0.865,7,7,3,59
E01208,2025-01-31,,,,PL,Krakow,HR,L5,M,20,Fixed-term,Remote,1.0,58950,60900,0.968,17,17,2,71
E01209,2019-11-30,,,,PL,Krakow,Tech,L3,M,44,Permanent,Onsite,1.0,43500,42000,1.036,79,79,3,51
E01210,2025-11-11,,,,IT,Milan,Operations,L2,M,38,Permanent,Hybrid,1.0,31400,30900,1.016,7,7,1,66
E01211,2018-12-06,,,,DE,Munich,HR,L2,M,31,Permanent,Hybrid,0.8,45750,47500,0.963,90,28,4,64
E01212,2025-07-06,,,,DE,Munich,Sales,L5,F,32,Fixed-term,Hybrid,1.0,107900,115700,0.933,11,11,3,64
E01213,2021-07-24,,,,DE,Munich,Sales,L1,F,32,Permanent,Onsite,1.0,41550,39900,1.041,59,59,3,50
E01214,2016-04-06,,,,IT,Milan,Operations,L2,F,50,Fixed-term,Hybrid,1.0,29350,30900,0.95,122,122,3,52
E01215,2012-07-07,,,,PL,Krakow,Customer Service,L3,F,40,Permanent,Onsite,1.0,33650,30200,1.114,167,16,2,70
E01216,2021-04-04,,,,ES,Barcelona,Finance,L3,F,35,Permanent,Onsite,1.0,45850,44000,1.042,62,62,3,59
E01217,2012-07-19,2026-05-17,Voluntary,Work-life balance,PL,Krakow,Customer Service,L4,F,58,Permanent,Remote,1.0,46250,39700,1.165,166,13,4,53
E01218,2017-09-08,,,,PL,Krakow,Sales,L2,F,37,Permanent,Remote,1.0,29300,27600,1.062,105,105,3,64
E01219,2026-01-30,,,,DE,Munich,HR,L3,F,34,Permanent,Remote,1.0,56400,60800,0.928,5,5,3,65
E01220,2021-09-05,,,,DE,Munich,Tech,L4,M,41,Permanent,Hybrid,1.0,103850,99800,1.041,57,36,3,61
E01221,2022-05-09,,,,PL,Krakow,Tech,L2,M,33,Permanent,Hybrid,1.0,40250,32800,1.227,49,49,3,71
E01222,2025-01-11,,,,PL,Krakow,Tech,L4,M,40,Permanent,Remote,0.8,49550,55100,0.899,17,13,4,60
E01223,2023-01-15,,,,PL,Krakow,Operations,L3,F,30,Permanent,Onsite,1.0,34850,31900,1.092,41,34,3,51
E01224,2014-08-14,,,,PL,Krakow,Customer Service,L3,F,46,Permanent,Hybrid,1.0,32850,30200,1.088,142,27,2,55
E01225,2025-11-18,,,,IT,Milan,Tech,L3,M,25,Permanent,Hybrid,1.0,44900,52000,0.863,7,7,3,41
E01226,2020-12-30,,,,PL,Krakow,Finance,L2,M,43,Permanent,Hybrid,1.0,29100,28900,1.007,66,41,4,58
E01227,2012-12-27,,,,DE,Munich,Tech,L4,M,47,Permanent,Onsite,1.0,110400,99800,1.106,162,25,2,62
E01228,2024-11-01,,,,PL,Krakow,Customer Service,L4,M,36,Permanent,Hybrid,1.0,36350,39700,0.916,19,13,3,64
E01229,2026-06-25,,,,IT,Milan,Operations,L2,F,32,Fixed-term,Onsite,1.0,24900,30900,0.806,0,0,5,74
E01230,2023-04-04,2025-08-17,Voluntary,Work-life balance,IT,Milan,Customer Service,L2,M,37,Permanent,Remote,0.8,29350,29200,1.005,28,5,4,61
E01231,2023-02-11,2026-04-14,Involuntary,End of fixed-term contract,PL,Krakow,Tech,L1,F,24,Fixed-term,Onsite,1.0,27600,26200,1.053,38,38,3,73
E01232,2018-02-25,2025-08-13,Voluntary,Career progression,PL,Krakow,Customer Service,L1,M,50,Permanent,Hybrid,1.0,20150,18900,1.066,90,15,2,54
E01233,2012-08-01,,,,IT,Milan,Finance,L4,M,38,Permanent,Hybrid,1.0,51750,60100,0.861,166,166,3,43
E01234,2022-10-14,,,,DE,Munich,Customer Service,L3,F,37,Permanent,Hybrid,1.0,52800,54700,0.965,44,24,3,64
E01235,2022-04-03,,,,PL,Krakow,Sales,L4,M,42,Permanent,Hybrid,1.0,46700,46300,1.009,50,32,3,51
E01236,2024-08-21,,,,DE,Munich,Sales,L6,F,35,Permanent,Hybrid,1.0,156800,159600,0.982,22,5,3,71
E01237,2025-12-01,,,,ES,Barcelona,Customer Service,L4,M,35,Permanent,Hybrid,1.0,44800,47200,0.949,6,6,4,77
E01238,2023-03-05,,,,IT,Milan,Tech,L1,M,28,Permanent,Hybrid,1.0,29550,32500,0.909,39,14,3,46
E01239,2022-10-12,,,,PL,Krakow,Tech,L1,F,24,Permanent,Remote,1.0,24500,26200,0.935,44,34,4,55
E01240,2025-02-18,,,,IT,Milan,Tech,L5,F,28,Permanent,Hybrid,1.0,96550,94200,1.025,16,13,3,78
E01241,2024-04-18,,,,ES,Barcelona,Finance,L3,F,34,Permanent,Hybrid,1.0,45200,44000,1.027,26,12,3,68
E01242,2024-03-24,,,,IT,Milan,Tech,L1,F,33,Permanent,Onsite,1.0,32300,32500,0.994,27,27,3,56
E01243,2026-01-02,,,,IT,Milan,Operations,L3,M,35,Permanent,Hybrid,1.0,37800,39500,0.957,5,5,3,69
E01244,2025-05-10,2025-10-25,Involuntary,Conduct,IT,Milan,Operations,L2,M,40,Fixed-term,Onsite,1.0,29400,30900,0.951,5,5,4,75
E01245,2019-10-06,,,,PL,Krakow,Operations,L5,M,36,Permanent,Remote,1.0,61250,57900,1.058,80,22,3,67
E01246,2012-07-27,,,,PL,Krakow,Operations,L3,M,48,Permanent,Hybrid,1.0,29500,31900,0.925,167,24,2,68
E01247,2023-11-03,,,,IT,Milan,Sales,L3,M,36,Permanent,Hybrid,1.0,44950,43700,1.029,31,8,3,77
E01248,2025-04-06,2026-01-27,Involuntary,Conduct,ES,Barcelona,Operations,L4,M,32,Permanent,Hybrid,1.0,45150,49900,0.905,9,9,3,56
E01249,2025-10-04,,,,IT,Milan,Operations,L1,M,24,Permanent,Remote,1.0,26050,24700,1.055,8,8,3,74
E01250,2017-09-12,,,,DE,Munich,Sales,L1,F,41,Permanent,Hybrid,1.0,39450,39900,0.989,105,105,3,66
E01251,2021-12-04,,,,DE,Munich,Customer Service,L3,M,32,Fixed-term,Hybrid,1.0,57000,54700,1.042,54,29,1,70
E01252,2026-03-01,,,,IT,Milan,Sales,L1,F,25,Permanent,Hybrid,1.0,27350,27300,1.002,3,3,1,76
E01253,2024-03-11,,,,IT,Milan,Operations,L1,M,27,Permanent,Remote,1.0,26200,24700,1.061,27,13,2,62
E01254,2020-07-25,,,,DE,Munich,Tech,L2,M,33,Permanent,Hybrid,1.0,62200,59400,1.047,71,27,3,61
E01255,2021-11-18,,,,DE,Munich,Tech,L3,M,39,Permanent,Hybrid,1.0,92550,76000,1.218,55,39,4,65
E01256,2025-04-22,,,,DE,Munich,Customer Service,L2,M,20,Fixed-term,Hybrid,1.0,37050,42800,0.866,14,11,4,56
E01257,2025-09-21,2025-10-04,Voluntary,Manager / leadership,ES,Barcelona,Operations,L2,M,23,Fixed-term,Hybrid,1.0,25450,29700,0.857,1,1,4,56
E01258,2024-10-23,,,,PL,Krakow,Customer Service,L4,M,20,Permanent,Onsite,0.8,39650,39700,0.999,20,7,3,56
E01259,2026-01-22,,,,DE,Munich,HR,L2,F,25,Permanent,Onsite,0.8,37600,47500,0.792,5,5,3,47
E01260,2023-04-05,,,,DE,Munich,Operations,L3,M,23,Permanent,Remote,1.0,56150,57800,0.971,38,11,4,74
E01261,2024-07-10,,,,IT,Milan,Customer Service,L2,F,33,Permanent,Hybrid,1.0,26350,29200,0.902,23,20,3,44
E01262,2026-06-15,,,,IT,Milan,HR,L1,F,29,Permanent,Onsite,1.0,20650,26000,0.794,0,0,3,58
E01263,2023-03-09,,,,ES,Barcelona,Finance,L2,M,32,Permanent,Hybrid,1.0,30200,34400,0.878,39,16,3,63
E01264,2025-05-09,,,,IT,Milan,Customer Service,L1,F,33,Permanent,Hybrid,1.0,26350,23400,1.126,13,13,3,69
E01265,2025-04-30,,,,IT,Milan,Tech,L4,M,30,Permanent,Remote,1.0,66550,68200,0.976,14,14,4,76
E01266,2023-10-01,,,,PL,Krakow,Customer Service,L2,M,27,Permanent,Hybrid,1.0,27050,23600,1.146,32,28,1,68
E01267,2022-11-03,,,,PL,Krakow,Tech,L4,M,33,Permanent,Hybrid,1.0,57950,55100,1.052,43,28,2,64
E01268,2020-02-05,,,,PL,Krakow,Sales,L2,F,45,Permanent,Hybrid,1.0,29250,27600,1.06,76,16,3,79
E01269,2012-07-23,,,,DE,Munich,Customer Service,L4,M,52,Permanent,Remote,1.0,74150,71800,1.033,167,167,3,43
E01270,2025-03-13,,,,IT,Milan,Tech,L1,M,20,Permanent,Hybrid,1.0,28000,32500,0.862,15,14,3,56
E01271,2025-04-20,,,,IT,Milan,Customer Service,L2,M,35,Permanent,Hybrid,1.0,30600,29200,1.048,14,6,4,60
E01272,2016-08-06,,,,PL,Krakow,Operations,L2,M,38,Permanent,Hybrid,1.0,24150,24900,0.97,118,24,5,72
E01273,2024-03-27,,,,PL,Krakow,Customer Service,L4,M,28,Permanent,Remote,1.0,39300,39700,0.99,27,27,3,57
E01274,2023-05-26,,,,PL,Krakow,Operations,L2,F,30,Permanent,Hybrid,1.0,24300,24900,0.976,37,37,3,64
E01275,2021-03-05,,,,IT,Milan,Tech,L2,M,29,Permanent,Hybrid,1.0,40550,40600,0.999,63,63,1,61
E01276,2025-11-20,,,,IT,Milan,Customer Service,L2,F,28,Fixed-term,Remote,1.0,24950,29200,0.854,7,7,2,43
E01277,2025-09-19,,,,PL,Krakow,Tech,L3,M,41,Permanent,Onsite,1.0,39650,42000,0.944,9,9,2,66
E01278,2025-03-16,,,,PL,Krakow,Customer Service,L2,M,38,Permanent,Hybrid,1.0,20450,23600,0.867,15,4,3,57
E01279,2024-10-25,,,,DE,Munich,Finance,L6,F,32,Permanent,Onsite,1.0,168550,167200,1.008,20,8,3,70
E01280,2026-01-18,2026-04-21,Voluntary,Work-life balance,PL,Krakow,Tech,L1,F,32,Permanent,Hybrid,1.0,20950,26200,0.8,3,3,3,76
E01281,2026-02-06,2026-06-18,Voluntary,Manager / leadership,PL,Krakow,Operations,L1,M,39,Fixed-term,Onsite,1.0,15150,20000,0.757,4,4,3,37
E01282,2019-01-16,,,,PL,Krakow,Sales,L3,F,38,Fixed-term,Onsite,1.0,34150,35300,0.967,89,18,3,90
E01283,2024-03-09,,,,IT,Milan,Finance,L6,M,40,Permanent,Hybrid,1.0,119600,114400,1.045,27,27,3,48
E01284,2017-10-21,,,,ES,Barcelona,Operations,L3,F,46,Permanent,Onsite,1.0,40300,38000,1.061,104,11,4,80
E01285,2025-02-22,2026-01-01,Voluntary,Work-life balance,PL,Krakow,Customer Service,L4,F,22,Fixed-term,Hybrid,1.0,36300,39700,0.914,11,5,4,52
E01286,2024-10-11,,,,DE,Munich,Sales,L2,M,24,Permanent,Onsite,1.0,41650,49900,0.835,20,14,3,56
E01287,2023-06-08,,,,ES,Barcelona,Customer Service,L3,F,47,Permanent,Hybrid,1.0,39450,36000,1.096,36,21,2,62
E01288,2023-02-03,,,,PL,Krakow,Operations,L1,M,33,Permanent,Hybrid,1.0,22950,20000,1.147,40,26,3,54
E01289,2025-07-06,,,,IT,Milan,Sales,L3,M,27,Fixed-term,Hybrid,1.0,42050,43700,0.962,11,11,1,68
E01290,2019-11-20,,,,IT,Milan,Sales,L5,F,43,Permanent,Hybrid,1.0,89050,79200,1.124,79,30,5,63
E01291,2026-03-09,,,,PL,Krakow,Customer Service,L2,F,23,Fixed-term,Hybrid,1.0,22000,23600,0.932,3,3,4,74
E01292,2020-08-11,2025-09-26,Voluntary,Compensation,PL,Krakow,Finance,L1,M,35,Permanent,Onsite,1.0,21850,23100,0.946,61,21,3,48
E01293,2019-10-02,,,,DE,Munich,Tech,L2,F,40,Permanent,Onsite,0.8,60900,59400,1.025,80,17,5,66
E01294,2020-10-08,,,,DE,Munich,Customer Service,L5,M,39,Permanent,Onsite,1.0,104900,99200,1.057,68,16,4,68
E01295,2023-12-06,,,,IT,Milan,Sales,L3,F,33,Permanent,Hybrid,0.8,45700,43700,1.046,30,17,3,75
E01296,2024-07-06,,,,IT,Milan,Operations,L1,F,21,Permanent,Hybrid,1.0,23900,24700,0.968,23,13,3,82
E01297,2025-11-24,,,,ES,Barcelona,Customer Service,L2,F,25,Permanent,Onsite,1.0,24650,28100,0.877,7,7,3,55
E01298,2019-03-21,,,,IT,Milan,Tech,L3,F,45,Permanent,Hybrid,1.0,49250,52000,0.947,87,13,3,72
E01299,2024-10-21,,,,PL,Krakow,Finance,L5,M,32,Permanent,Hybrid,1.0,63300,67000,0.945,20,3,3,72
E01300,2024-05-06,,,,DE,Munich,Tech,L1,M,33,Permanent,Hybrid,1.0,47850,47500,1.007,25,25,3,52
E01301,2014-11-23,,,,IT,Milan,Operations,L1,F,49,Permanent,Hybrid,1.0,26550,24700,1.075,139,139,2,65
E01302,2021-11-25,,,,PL,Krakow,HR,L4,F,38,Permanent,Hybrid,1.0,41450,44100,0.94,55,55,4,75
E01303,2025-11-24,,,,IT,Milan,Tech,L2,F,27,Permanent,Onsite,1.0,39850,40600,0.982,7,7,3,60
E01304,2021-03-05,,,,IT,Milan,Operations,L1,F,49,Permanent,Onsite,1.0,24700,24700,1.0,63,63,3,41
E01305,2024-08-14,,,,IT,Milan,Tech,L1,M,32,Permanent,Onsite,1.0,34000,32500,1.046,22,22,4,52
E01306,2023-05-22,,,,PL,Krakow,Sales,L3,F,45,Permanent,Onsite,1.0,38650,35300,1.095,37,37,3,74
E01307,2025-02-19,2026-06-28,Voluntary,Manager / leadership,ES,Barcelona,Operations,L3,F,22,Permanent,Onsite,1.0,30200,38000,0.795,16,16,3,48
E01308,2021-01-16,,,,PL,Krakow,Operations,L3,F,26,Permanent,Onsite,1.0,30750,31900,0.964,65,23,3,73
E01309,2022-07-02,,,,ES,Barcelona,Customer Service,L2,M,40,Permanent,Hybrid,1.0,29550,28100,1.052,47,11,4,72
E01310,2023-09-22,,,,PL,Krakow,Operations,L2,M,31,Permanent,Hybrid,1.0,26750,24900,1.074,33,18,3,64
E01311,2025-07-09,,,,IT,Milan,Customer Service,L3,M,20,Fixed-term,Hybrid,1.0,39500,37400,1.056,11,11,4,62
E01312,2022-04-02,2026-04-23,Involuntary,Restructuring,IT,Milan,Operations,L3,M,20,Permanent,Onsite,1.0,44500,39500,1.127,48,48,3,56
E01313,2026-01-04,2026-04-09,Voluntary,Career progression,PL,Krakow,Customer Service,L1,F,28,Permanent,Onsite,1.0,16650,18900,0.881,3,3,3,45
E01314,2019-12-06,,,,IT,Milan,Customer Service,L2,M,43,Permanent,Onsite,1.0,34450,29200,1.18,78,29,2,53
E01315,2026-01-08,,,,PL,Krakow,Customer Service,L6,M,29,Fixed-term,Hybrid,0.8,60550,75600,0.801,5,5,3,41
E01316,2025-08-31,,,,PL,Krakow,Finance,L2,F,41,Fixed-term,Hybrid,1.0,28200,28900,0.976,10,10,4,85
E01317,2025-08-12,2026-01-24,Voluntary,Work-life balance,PL,Krakow,Tech,L4,M,20,Fixed-term,Remote,1.0,53950,55100,0.979,5,5,2,62
E01318,2024-02-03,2026-01-12,Voluntary,Work-life balance,DE,Munich,Customer Service,L3,F,44,Fixed-term,Onsite,1.0,59050,54700,1.08,23,7,3,59
E01319,2019-12-20,,,,PL,Krakow,Tech,L2,F,41,Permanent,Onsite,1.0,35550,32800,1.084,78,46,3,58
E01320,2025-11-14,,,,PL,Krakow,Tech,L1,M,37,Permanent,Remote,0.8,23800,26200,0.908,7,7,3,56
E01321,2024-05-21,,,,DE,Munich,Customer Service,L2,F,36,Permanent,Hybrid,0.8,44300,42800,1.035,25,8,3,51
E01322,2021-12-19,,,,PL,Krakow,Customer Service,L3,F,37,Fixed-term,Hybrid,0.8,33550,30200,1.111,54,22,5,63
E01323,2024-01-11,,,,IT,Milan,HR,L3,F,25,Fixed-term,Remote,1.0,45150,41600,1.085,29,29,3,57
E01324,2019-02-20,,,,DE,Munich,Operations,L2,F,28,Fixed-term,Hybrid,1.0,59150,45100,1.312,88,88,5,75
E01325,2021-03-30,,,,ES,Barcelona,Customer Service,L4,M,24,Permanent,Onsite,1.0,43000,47200,0.911,63,49,4,44
E01326,2024-09-04,,,,PL,Krakow,Customer Service,L2,F,30,Permanent,Hybrid,1.0,23850,23600,1.011,21,21,3,73
E01327,2025-11-16,,,,ES,Barcelona,Tech,L2,F,25,Permanent,Onsite,1.0,34600,39100,0.885,7,7,3,52
E01328,2025-08-17,2025-09-09,Involuntary,Performance,IT,Milan,HR,L5,M,31,Permanent,Onsite,1.0,61150,75400,0.811,1,1,5,56
E01329,2025-11-02,,,,PL,Krakow,Customer Service,L5,F,40,Permanent,Onsite,1.0,45950,54800,0.839,7,7,2,34
E01330,2024-12-04,,,,DE,Munich,Customer Service,L2,M,36,Permanent,Remote,1.0,46650,42800,1.09,18,18,3,55
E01331,2023-05-21,2026-01-03,Voluntary,Compensation,DE,Munich,HR,L3,F,31,Permanent,Onsite,1.0,68850,60800,1.132,32,32,4,75
E01332,2017-07-18,,,,IT,Milan,Sales,L2,M,42,Permanent,Hybrid,0.8,34550,34100,1.013,107,1,3,67
E01333,2024-06-22,,,,IT,Milan,Finance,L2,M,24,Permanent,Onsite,1.0,39050,35800,1.091,24,24,4,75
E01334,2023-03-04,,,,IT,Milan,Customer Service,L3,F,28,Permanent,Onsite,1.0,34900,37400,0.933,39,10,3,68
E01335,2020-06-20,,,,DE,Munich,Finance,L1,M,34,Permanent,Hybrid,1.0,35400,41800,0.847,72,72,1,49
E01336,2025-11-09,2026-02-10,Voluntary,Compensation,DE,Munich,Operations,L5,M,34,Fixed-term,Hybrid,1.0,87800,104700,0.839,3,3,4,60
E01337,2023-01-18,,,,IT,Milan,HR,L1,M,34,Permanent,Onsite,1.0,28200,26000,1.085,41,10,3,67
E01338,2023-02-02,,,,PL,Krakow,Operations,L4,M,42,Permanent,Hybrid,1.0,41700,41900,0.995,40,40,3,58
E01339,2025-04-25,,,,DE,Munich,Tech,L4,M,26,Permanent,Hybrid,1.0,100450,99800,1.007,14,11,3,86
E01340,2026-02-19,,,,IT,Milan,Customer Service,L2,M,24,Permanent,Hybrid,1.0,28050,29200,0.961,4,4,1,57
E01341,2022-04-01,,,,PL,Krakow,Customer Service,L2,M,25,Permanent,Onsite,1.0,28200,23600,1.195,50,24,4,75
E01342,2014-10-14,,,,DE,Munich,HR,L1,F,47,Permanent,Hybrid,1.0,32950,38000,0.867,140,16,3,55
E01343,2026-02-13,,,,ES,Barcelona,Operations,L3,M,30,Permanent,Hybrid,1.0,36350,38000,0.957,4,4,4,80
E01344,2023-08-01,,,,IT,Milan,Customer Service,L3,F,35,Permanent,Onsite,1.0,36450,37400,0.975,34,34,3,45
E01345,2025-09-02,,,,DE,Munich,Tech,L1,F,29,Fixed-term,Onsite,1.0,42900,47500,0.903,9,9,3,52
E01346,2026-06-22,,,,IT,Milan,Customer Service,L1,F,31,Fixed-term,Onsite,1.0,17550,23400,0.75,0,0,3,36
E01347,2019-09-05,,,,IT,Milan,Operations,L3,M,20,Permanent,Hybrid,1.0,41850,39500,1.059,81,13,3,78
E01348,2026-02-26,,,,PL,Krakow,Customer Service,L2,F,20,Permanent,Hybrid,0.8,22400,23600,0.949,4,4,4,89
E01349,2025-04-06,,,,IT,Milan,Customer Service,L2,M,36,Fixed-term,Onsite,1.0,24900,29200,0.853,14,14,3,50
E01350,2020-05-13,,,,IT,Milan,Sales,L3,M,34,Permanent,Remote,1.0,53600,43700,1.227,73,73,3,47
E01351,2018-12-05,,,,DE,Munich,Finance,L3,M,42,Permanent,Hybrid,1.0,73850,66900,1.104,90,15,4,74
E01352,2025-06-08,,,,PL,Krakow,Finance,L3,M,20,Permanent,Onsite,1.0,37450,37000,1.012,12,12,3,77
E01353,2022-04-30,,,,ES,Barcelona,Customer Service,L1,F,27,Permanent,Hybrid,1.0,20800,22500,0.924,50,40,5,66
E01354,2022-03-22,,,,DE,Munich,Customer Service,L1,F,30,Permanent,Hybrid,1.0,34850,34200,1.019,51,51,3,67
E01355,2018-07-30,,,,PL,Krakow,Customer Service,L1,M,51,Permanent,Hybrid,1.0,16600,18900,0.878,95,15,3,73
E01356,2023-07-25,,,,IT,Milan,Sales,L2,F,42,Permanent,Hybrid,1.0,32750,34100,0.96,35,7,3,70
E01357,2025-10-11,,,,PL,Krakow,Customer Service,L2,M,34,Fixed-term,Remote,1.0,25200,23600,1.068,8,8,3,60
E01358,2026-06-20,,,,IT,Milan,Customer Service,L3,M,20,Permanent,Onsite,1.0,34550,37400,0.924,0,0,4,77
E01359,2026-03-08,,,,PL,Krakow,Sales,L1,F,23,Permanent,Hybrid,1.0,21150,22000,0.961,3,3,3,67
E01360,2026-02-02,2026-03-13,Voluntary,Compensation,PL,Krakow,Operations,L2,F,30,Fixed-term,Hybrid,1.0,22150,24900,0.89,1,1,3,59
E01361,2024-06-21,,,,IT,Milan,Finance,L4,M,31,Permanent,Hybrid,1.0,54950,60100,0.914,24,24,4,69
E01362,2024-04-21,,,,IT,Milan,Tech,L2,M,31,Permanent,Remote,1.0,39550,40600,0.974,26,20,3,66
E01363,2024-06-10,,,,PL,Krakow,Operations,L3,F,46,Permanent,Onsite,1.0,29100,31900,0.912,24,8,2,55
E01364,2024-10-13,,,,DE,Munich,Operations,L2,F,20,Permanent,Remote,1.0,44450,45100,0.986,20,20,2,69
E01365,2020-08-09,,,,PL,Krakow,Operations,L2,M,26,Permanent,Hybrid,1.0,28150,24900,1.131,70,18,3,75
E01366,2023-06-22,,,,PL,Krakow,Customer Service,L5,M,31,Permanent,Remote,1.0,50350,54800,0.919,36,30,4,49
E01367,2025-09-19,,,,IT,Milan,Finance,L2,F,30,Permanent,Remote,1.0,33000,35800,0.922,9,9,2,78
E01368,2026-01-14,,,,IT,Milan,Customer Service,L1,M,32,Permanent,Remote,1.0,19550,23400,0.835,5,5,4,45
E01369,2021-03-14,,,,PL,Krakow,Operations,L3,F,44,Permanent,Onsite,1.0,33150,31900,1.039,63,63,3,59
E01370,2012-07-22,,,,IT,Milan,HR,L4,M,49,Fixed-term,Hybrid,0.8,49850,54600,0.913,167,24,4,71
E01371,2026-05-15,,,,IT,Milan,Sales,L2,F,31,Permanent,Onsite,0.8,29500,34100,0.865,1,1,3,47
E01372,2025-08-13,,,,PL,Krakow,Customer Service,L2,F,26,Permanent,Hybrid,1.0,19500,23600,0.826,10,10,3,67
E01373,2025-06-21,2026-02-02,Voluntary,Better external offer,IT,Milan,Tech,L2,F,24,Permanent,Hybrid,1.0,40400,40600,0.995,8,8,4,88
E01374,2023-11-16,,,,IT,Milan,Tech,L2,F,36,Permanent,Onsite,1.0,37350,40600,0.92,31,12,1,68
E01375,2022-06-30,,,,IT,Milan,Tech,L3,F,26,Permanent,Hybrid,1.0,49450,52000,0.951,48,48,4,74
E01376,2018-02-05,,,,ES,Barcelona,Sales,L1,F,37,Permanent,Hybrid,1.0,22350,26200,0.853,100,7,1,58
E01377,2016-04-16,,,,IT,Milan,Operations,L1,F,53,Fixed-term,Hybrid,1.0,27600,24700,1.117,122,8,3,64
E01378,2025-06-12,,,,IT,Milan,Sales,L1,F,27,Permanent,Hybrid,1.0,23150,27300,0.848,12,12,2,62
E01379,2024-02-07,,,,PL,Krakow,HR,L3,F,43,Fixed-term,Hybrid,1.0,29000,33600,0.863,28,21,2,52
E01380,2024-01-13,,,,DE,Munich,Sales,L1,M,33,Permanent,Remote,1.0,42900,39900,1.075,29,8,3,96
E01381,2024-01-26,,,,PL,Krakow,Customer Service,L3,F,22,Fixed-term,Onsite,1.0,30550,30200,1.012,29,25,3,62
E01382,2021-01-13,,,,DE,Munich,Customer Service,L3,F,44,Permanent,Hybrid,1.0,57600,54700,1.053,65,29,1,52
E01383,2023-06-20,,,,IT,Milan,Operations,L4,F,30,Permanent,Onsite,1.0,50950,51900,0.982,36,36,3,56
E01384,2019-12-30,2026-04-26,Voluntary,Manager / leadership,PL,Krakow,Operations,L2,M,42,Fixed-term,Onsite,1.0,28150,24900,1.131,76,76,4,49
E01385,2023-12-18,,,,DE,Munich,Customer Service,L5,M,31,Fixed-term,Hybrid,1.0,92100,99200,0.928,30,30,4,61
E01386,2022-06-30,,,,DE,Munich,Operations,L2,F,40,Permanent,Hybrid,0.8,48300,45100,1.071,48,22,4,85
E01387,2025-10-04,,,,IT,Milan,Customer Service,L1,F,37,Permanent,Hybrid,1.0,21650,23400,0.925,8,8,4,72
E01388,2022-12-20,,,,IT,Milan,Customer Service,L1,F,26,Permanent,Remote,1.0,26350,23400,1.126,42,4,2,68
E01389,2024-10-25,,,,DE,Munich,Customer Service,L3,M,34,Permanent,Hybrid,1.0,55150,54700,1.008,20,6,3,76
E01390,2025-03-17,2026-05-07,Voluntary,Compensation,PL,Krakow,Finance,L3,M,37,Fixed-term,Remote,1.0,32900,37000,0.889,14,14,3,53
E01391,2019-03-23,,,,PL,Krakow,Operations,L4,F,34,Permanent,Remote,1.0,42000,41900,1.002,87,41,3,51
E01392,2023-10-30,,,,DE,Munich,Customer Service,L5,M,40,Permanent,Hybrid,1.0,93350,99200,0.941,32,18,3,56
E01393,2025-02-12,,,,PL,Krakow,Customer Service,L4,F,33,Fixed-term,Hybrid,1.0,31450,39700,0.792,16,9,4,68
E01394,2026-04-04,,,,PL,Krakow,Operations,L1,M,35,Permanent,Hybrid,1.0,15300,20000,0.765,2,2,3,70
E01395,2026-03-30,,,,PL,Krakow,HR,L3,M,30,Permanent,Onsite,1.0,33500,33600,0.997,3,3,3,75
E01396,2025-11-18,,,,ES,Barcelona,Customer Service,L1,F,24,Fixed-term,Hybrid,1.0,17850,22500,0.793,7,7,4,51
E01397,2023-06-26,,,,DE,Munich,Customer Service,L1,M,22,Permanent,Hybrid,1.0,39950,34200,1.168,36,20,4,66
E01398,2022-06-09,,,,PL,Krakow,Operations,L2,M,40,Fixed-term,Onsite,1.0,29200,24900,1.173,48,24,3,71
E01399,2025-05-31,,,,ES,Barcelona,Operations,L2,M,30,Permanent,Hybrid,1.0,29900,29700,1.007,13,13,3,78
E01400,2021-09-04,,,,DE,Munich,Finance,L2,F,39,Permanent,Hybrid,1.0,54850,52300,1.049,57,57,2,57
E01401,2025-11-06,,,,IT,Milan,Tech,L1,M,32,Fixed-term,Hybrid,1.0,25100,32500,0.772,7,7,2,67
E01402,2022-04-13,2025-10-02,Voluntary,Manager / leadership,DE,Munich,Operations,L5,F,37,Fixed-term,Hybrid,1.0,85250,104700,0.814,42,25,3,41
E01403,2026-03-26,,,,PL,Krakow,HR,L3,M,26,Permanent,Onsite,1.0,31550,33600,0.939,3,3,3,73
E01404,2024-11-22,,,,PL,Krakow,Customer Service,L3,F,28,Permanent,Onsite,1.0,34550,30200,1.144,19,9,4,84
E01405,2024-03-20,,,,IT,Milan,Tech,L1,M,31,Permanent,Remote,0.8,33350,32500,1.026,27,16,3,60
E01406,2025-09-22,,,,PL,Krakow,Finance,L2,M,21,Permanent,Onsite,1.0,27150,28900,0.939,9,9,3,70
E01407,2025-10-14,,,,PL,Krakow,Sales,L1,F,26,Permanent,Remote,0.8,20700,22000,0.941,8,8,4,74
E01408,2021-07-17,,,,DE,Munich,Customer Service,L1,M,27,Permanent,Hybrid,1.0,31250,34200,0.914,59,59,2,37
E01409,2022-12-06,,,,PL,Krakow,Customer Service,L3,F,29,Permanent,Onsite,0.8,27850,30200,0.922,42,24,3,70
E01410,2025-11-09,,,,ES,Barcelona,Finance,L3,F,26,Fixed-term,Hybrid,1.0,43700,44000,0.993,7,7,2,71
E01411,2021-07-21,,,,IT,Milan,Customer Service,L2,F,43,Permanent,Hybrid,1.0,32450,29200,1.111,59,59,3,47
E01412,2024-02-21,,,,DE,Munich,HR,L3,M,24,Permanent,Hybrid,1.0,62900,60800,1.035,28,28,3,48
E01413,2024-08-24,,,,ES,Barcelona,Operations,L2,F,26,Permanent,Hybrid,1.0,28350,29700,0.955,22,22,3,55
E01414,2016-10-15,,,,IT,Milan,Customer Service,L3,F,34,Permanent,Onsite,1.0,39500,37400,1.056,116,22,3,70
E01415,2024-05-12,,,,DE,Munich,Operations,L2,F,27,Permanent,Onsite,1.0,38200,45100,0.847,25,21,3,54
E01416,2026-01-05,,,,DE,Munich,Operations,L3,M,41,Fixed-term,Hybrid,1.0,49650,57800,0.859,5,5,3,62
E01417,2026-02-23,,,,IT,Milan,Customer Service,L2,M,23,Fixed-term,Hybrid,1.0,30150,29200,1.033,4,4,2,74
E01418,2024-09-17,,,,ES,Barcelona,Operations,L2,M,24,Permanent,Hybrid,1.0,29350,29700,0.988,21,19,1,78
E01419,2026-02-04,,,,ES,Barcelona,Customer Service,L3,M,42,Permanent,Onsite,1.0,39050,36000,1.085,4,4,4,78
E01420,2025-12-17,,,,IT,Milan,Customer Service,L2,M,32,Permanent,Hybrid,1.0,28100,29200,0.962,6,6,3,59
E01421,2022-11-22,,,,IT,Milan,Finance,L2,F,35,Fixed-term,Onsite,1.0,40100,35800,1.12,43,21,3,64
E01422,2024-06-02,,,,IT,Milan,Tech,L2,F,30,Fixed-term,Remote,1.0,39750,40600,0.979,24,14,3,50
E01423,2025-12-11,,,,PL,Krakow,Customer Service,L6,F,31,Permanent,Hybrid,1.0,69750,75600,0.923,6,6,3,71
E01424,2023-03-18,2025-12-13,Voluntary,Compensation,PL,Krakow,Finance,L2,M,20,Permanent,Hybrid,1.0,28650,28900,0.991,33,33,4,68
E01425,2020-07-13,,,,IT,Milan,Tech,L1,F,44,Permanent,Remote,1.0,30850,32500,0.949,71,71,3,54
E01426,2021-07-24,,,,DE,Munich,Customer Service,L3,M,36,Fixed-term,Onsite,1.0,63400,54700,1.159,59,59,3,48
E01427,2025-07-24,,,,PL,Krakow,Customer Service,L3,M,33,Fixed-term,Remote,1.0,31000,30200,1.026,11,11,3,61
E01428,2019-01-02,,,,DE,Munich,Finance,L4,M,53,Permanent,Hybrid,1.0,89800,87800,1.023,89,19,3,78
E01429,2024-06-18,,,,DE,Munich,Tech,L2,F,38,Permanent,Onsite,1.0,53050,59400,0.893,24,17,3,46
E01430,2025-01-16,,,,PL,Krakow,Sales,L2,F,28,Permanent,Onsite,1.0,23350,27600,0.846,17,9,4,52
E01431,2016-10-15,,,,IT,Milan,Customer Service,L5,M,52,Permanent,Remote,1.0,75750,67900,1.116,116,12,2,67
E01432,2021-08-31,,,,IT,Milan,Tech,L2,M,38,Permanent,Hybrid,1.0,40650,40600,1.001,58,9,3,67
E01433,2022-05-05,,,,IT,Milan,HR,L4,F,38,Permanent,Onsite,1.0,63900,54600,1.17,49,49,3,39
E01434,2012-07-25,,,,DE,Munich,Operations,L1,F,55,Permanent,Onsite,1.0,38600,36100,1.069,167,39,3,72
E01435,2023-09-11,,,,DE,Munich,HR,L3,M,32,Permanent,Onsite,1.0,54300,60800,0.893,33,33,3,55
E01436,2022-01-20,,,,IT,Milan,Tech,L1,F,38,Permanent,Hybrid,0.8,33600,32500,1.034,53,53,3,59
E01437,2019-11-24,,,,DE,Munich,Sales,L1,M,48,Permanent,Hybrid,1.0,44650,39900,1.119,79,79,3,62
E01438,2015-10-15,,,,IT,Milan,Customer Service,L2,M,52,Permanent,Remote,1.0,28550,29200,0.978,128,128,1,61
E01439,2023-02-09,,,,IT,Milan,Customer Service,L3,F,28,Permanent,Hybrid,1.0,38400,37400,1.027,40,10,4,69
E01440,2023-11-30,,,,PL,Krakow,Operations,L2,M,20,Fixed-term,Hybrid,1.0,27700,24900,1.112,31,31,3,67
E01441,2026-03-25,,,,IT,Milan,Operations,L4,M,30,Permanent,Hybrid,1.0,52950,51900,1.02,3,3,3,63
E01442,2024-03-03,,,,PL,Krakow,Operations,L2,M,37,Fixed-term,Remote,1.0,23000,24900,0.924,27,5,4,63
E01443,2015-07-14,,,,ES,Barcelona,Customer Service,L2,M,31,Permanent,Onsite,1.0,31750,28100,1.13,131,131,3,52
E01444,2018-08-05,,,,DE,Munich,Operations,L3,F,42,Permanent,Onsite,1.0,70600,57800,1.221,94,22,1,62
E01445,2021-11-06,,,,ES,Barcelona,Tech,L4,M,35,Permanent,Remote,1.0,70350,65600,1.072,55,33,3,62
E01446,2019-11-26,,,,ES,Barcelona,Sales,L1,M,41,Permanent,Hybrid,1.0,28950,26200,1.105,79,31,4,91
E01447,2025-03-27,,,,PL,Krakow,Sales,L2,F,38,Permanent,Hybrid,1.0,26850,27600,0.973,15,3,2,63
E01448,2026-06-15,,,,PL,Krakow,Customer Service,L4,M,41,Permanent,Onsite,1.0,41150,39700,1.037,0,0,2,71
E01449,2025-02-07,,,,ES,Barcelona,Sales,L1,F,31,Permanent,Hybrid,1.0,22800,26200,0.87,16,16,5,68
E01450,2018-08-13,,,,IT,Milan,Sales,L3,F,43,Fixed-term,Hybrid,1.0,41000,43700,0.938,94,94,2,68
E01451,2018-09-14,,,,DE,Munich,Operations,L4,M,27,Permanent,Hybrid,1.0,78350,75800,1.034,93,93,3,71
E01452,2025-01-30,,,,PL,Krakow,Finance,L2,F,38,Permanent,Hybrid,1.0,24900,28900,0.862,17,17,2,52
E01453,2025-12-24,,,,IT,Milan,Tech,L2,F,27,Permanent,Onsite,1.0,35600,40600,0.877,6,6,4,42
E01454,2025-05-25,,,,PL,Krakow,Operations,L1,F,26,Permanent,Hybrid,1.0,17400,20000,0.87,13,13,4,62
E01455,2023-12-18,,,,ES,Barcelona,Sales,L4,F,45,Permanent,Onsite,1.0,58850,55100,1.068,30,13,3,72
E01456,2026-03-10,,,,PL,Krakow,Sales,L4,M,30,Permanent,Hybrid,1.0,38000,46300,0.821,3,3,3,58
E01457,2024-02-11,,,,DE,Munich,Operations,L3,F,42,Permanent,Hybrid,1.0,50850,57800,0.88,28,18,3,62
E01458,2025-11-06,,,,PL,Krakow,Operations,L3,F,28,Fixed-term,Remote,1.0,32900,31900,1.031,7,7,4,63
E01459,2019-01-11,,,,ES,Barcelona,Customer Service,L1,F,28,Permanent,Onsite,1.0,22900,22500,1.018,89,15,4,70
E01460,2025-06-22,,,,ES,Barcelona,Finance,L1,F,40,Permanent,Hybrid,1.0,28900,27500,1.051,12,12,2,64
E01461,2025-03-06,,,,PL,Krakow,Operations,L4,M,44,Fixed-term,Hybrid,1.0,43000,41900,1.026,15,15,3,67
E01462,2021-03-05,,,,DE,Munich,Operations,L5,M,31,Permanent,Onsite,1.0,108700,104700,1.038,63,34,3,46
E01463,2024-10-27,,,,ES,Barcelona,HR,L2,F,20,Permanent,Onsite,1.0,31300,31200,1.003,20,6,3,67
E01464,2015-03-08,2025-07-01,Voluntary,Career progression,ES,Barcelona,Sales,L3,M,51,Permanent,Onsite,1.0,45000,42000,1.071,124,124,2,43
E01465,2023-01-04,,,,DE,Munich,Customer Service,L3,F,26,Permanent,Hybrid,1.0,60000,54700,1.097,41,41,3,59
E01466,2025-03-01,,,,DE,Munich,Operations,L4,M,33,Permanent,Hybrid,1.0,80100,75800,1.057,15,15,5,70
E01467,2022-02-24,,,,DE,Munich,Operations,L2,M,38,Permanent,Onsite,1.0,46200,45100,1.024,52,52,3,69
E01468,2025-12-23,,,,PL,Krakow,Operations,L1,F,50,Permanent,Remote,1.0,18750,20000,0.938,6,6,3,67
E01469,2025-03-03,2026-01-03,Voluntary,Better external offer,DE,Munich,Sales,L3,F,37,Permanent,Hybrid,1.0,68250,63800,1.07,10,4,3,83
E01470,2022-11-24,,,,PL,Krakow,Operations,L1,F,40,Permanent,Hybrid,1.0,20250,20000,1.012,43,22,4,73
E01471,2026-01-19,,,,IT,Milan,Tech,L1,F,36,Permanent,Hybrid,1.0,28150,32500,0.866,5,5,3,53
E01472,2022-05-25,,,,IT,Milan,Customer Service,L3,F,36,Permanent,Hybrid,1.0,36000,37400,0.963,49,49,3,58
E01473,2025-02-13,,,,DE,Munich,Customer Service,L2,F,23,Permanent,Onsite,1.0,46700,42800,1.091,16,16,2,66
E01474,2018-05-26,,,,PL,Krakow,HR,L1,F,41,Permanent,Onsite,1.0,20000,21000,0.952,97,20,4,84
E01475,2015-03-04,2026-01-15,Involuntary,Performance,PL,Krakow,Finance,L1,F,55,Fixed-term,Remote,1.0,25300,23100,1.095,130,32,3,56
E01476,2023-07-16,,,,IT,Milan,Sales,L4,F,23,Permanent,Remote,1.0,65050,57300,1.135,35,23,4,62
E01477,2025-02-22,,,,PL,Krakow,Operations,L3,M,23,Fixed-term,Hybrid,1.0,32800,31900,1.028,16,16,2,63
E01478,2024-10-17,,,,DE,Munich,Operations,L1,M,22,Permanent,Onsite,1.0,35500,36100,0.983,20,16,3,64
E01479,2019-04-04,,,,PL,Krakow,Tech,L3,M,50,Permanent,Hybrid,1.0,39750,42000,0.946,86,86,3,66
E01480,2017-12-16,,,,PL,Krakow,Customer Service,L5,M,40,Permanent,Hybrid,1.0,55250,54800,1.008,102,30,3,48
E01481,2018-04-21,,,,IT,Milan,Tech,L1,F,29,Permanent,Hybrid,1.0,28250,32500,0.869,98,20,3,54
E01482,2024-06-02,2025-07-01,Voluntary,Compensation,ES,Barcelona,Operations,L4,M,30,Permanent,Hybrid,1.0,44200,49900,0.886,13,13,3,66
E01483,2024-07-13,,,,PL,Krakow,Tech,L2,F,27,Permanent,Remote,1.0,26150,32800,0.797,23,23,3,65
E01484,2024-01-04,,,,IT,Milan,Customer Service,L3,F,42,Permanent,Onsite,1.0,40800,37400,1.091,29,29,4,53
E01485,2021-12-25,,,,IT,Milan,Tech,L3,M,36,Permanent,Hybrid,1.0,53500,52000,1.029,54,24,2,57
E01486,2021-09-10,,,,IT,Milan,Sales,L2,F,32,Permanent,Onsite,1.0,40300,34100,1.182,57,6,4,74
E01487,2022-09-11,,,,ES,Barcelona,Tech,L1,F,43,Permanent,Hybrid,1.0,29700,31200,0.952,45,25,4,74
E01488,2012-07-11,,,,DE,Munich,Sales,L2,F,53,Permanent,Onsite,1.0,42200,49900,0.846,167,37,3,49
E01489,2016-05-15,,,,IT,Milan,Customer Service,L1,F,44,Permanent,Onsite,1.0,26900,23400,1.15,121,5,3,74
E01490,2024-02-03,,,,DE,Munich,HR,L3,F,32,Permanent,Onsite,1.0,57050,60800,0.938,28,28,3,65
E01491,2022-08-14,2025-11-10,Voluntary,Compensation,IT,Milan,Sales,L3,M,27,Permanent,Onsite,1.0,46200,43700,1.057,39,39,1,69
E01492,2021-03-21,,,,DE,Munich,Customer Service,L4,F,34,Permanent,Remote,1.0,77800,71800,1.084,63,35,3,44
E01493,2025-06-13,,,,ES,Barcelona,Sales,L2,F,28,Fixed-term,Hybrid,1.0,30900,32800,0.942,12,12,3,78
E01494,2023-10-11,,,,IT,Milan,Customer Service,L4,F,32,Permanent,Hybrid,1.0,50500,49100,1.029,32,32,3,47
E01495,2022-09-26,,,,PL,Krakow,Finance,L2,F,27,Permanent,Remote,1.0,30900,28900,1.069,45,21,5,85
E01496,2026-01-15,,,,PL,Krakow,HR,L1,F,33,Permanent,Hybrid,0.8,21500,21000,1.024,5,5,3,69
E01497,2013-03-03,,,,IT,Milan,Customer Service,L2,M,54,Permanent,Onsite,1.0,29600,29200,1.014,159,14,3,61
E01498,2024-07-01,,,,ES,Barcelona,Operations,L1,M,36,Permanent,Hybrid,1.0,24300,23800,1.021,23,15,1,59
E01499,2023-05-13,,,,IT,Milan,Operations,L3,M,39,Permanent,Hybrid,1.0,44400,39500,1.124,37,10,4,89
E01500,2022-06-05,,,,PL,Krakow,Sales,L3,F,34,Fixed-term,Onsite,1.0,35800,35300,1.014,48,23,2,68
E01501,2025-01-05,,,,IT,Milan,Sales,L5,F,36,Fixed-term,Hybrid,1.0,77650,79200,0.98,17,9,3,80
E01502,2021-01-21,,,,PL,Krakow,Sales,L3,F,38,Permanent,Remote,1.0,35150,35300,0.996,65,27,4,57
E01503,2020-03-27,,,,PL,Krakow,Finance,L3,F,45,Permanent,Onsite,1.0,35850,37000,0.969,75,43,3,53
E01504,2020-06-05,,,,DE,Munich,Operations,L5,F,44,Permanent,Hybrid,1.0,111650,104700,1.066,72,72,3,54
E01505,2023-01-23,,,,PL,Krakow,Sales,L1,F,33,Permanent,Hybrid,1.0,22650,22000,1.03,41,41,3,73
E01506,2023-06-21,,,,ES,Barcelona,Customer Service,L1,M,35,Permanent,Remote,1.0,27400,22500,1.218,36,9,3,53
E01507,2025-04-23,,,,PL,Krakow,Operations,L5,M,45,Fixed-term,Onsite,1.0,46900,57900,0.81,14,14,4,66
E01508,2024-04-11,,,,PL,Krakow,HR,L4,F,34,Permanent,Remote,1.0,43950,44100,0.997,26,14,4,72
E01509,2025-08-30,2026-05-08,Voluntary,Compensation,PL,Krakow,HR,L1,F,25,Fixed-term,Hybrid,1.0,17150,21000,0.817,9,9,3,56
E01510,2020-08-06,,,,PL,Krakow,Customer Service,L2,F,39,Permanent,Hybrid,1.0,22050,23600,0.934,70,70,3,59
E01511,2023-04-24,,,,PL,Krakow,Operations,L4,M,41,Fixed-term,Onsite,1.0,38750,41900,0.925,38,21,3,76
E01512,2025-11-16,,,,DE,Munich,Tech,L3,F,38,Fixed-term,Hybrid,1.0,88150,76000,1.16,7,7,3,88
E01513,2021-02-04,,,,IT,Milan,Customer Service,L4,M,39,Permanent,Onsite,0.8,50650,49100,1.032,64,23,3,69
E01514,2024-11-15,,,,ES,Barcelona,HR,L1,M,40,Permanent,Hybrid,1.0,28450,25000,1.138,19,19,3,56
E01515,2022-03-05,2026-05-09,Voluntary,Manager / leadership,PL,Krakow,Customer Service,L3,M,34,Permanent,Hybrid,1.0,36400,30200,1.205,50,11,3,85
E01516,2021-04-02,,,,PL,Krakow,Tech,L5,M,25,Permanent,Hybrid,1.0,78950,76100,1.037,62,62,3,49
E01517,2026-01-16,,,,IT,Milan,Finance,L3,F,34,Permanent,Hybrid,1.0,35800,45800,0.782,5,5,2,53
E01518,2025-04-19,,,,PL,Krakow,Tech,L4,F,45,Permanent,Remote,1.0,48400,55100,0.878,14,12,3,58
E01519,2024-10-15,,,,PL,Krakow,Operations,L4,M,36,Permanent,Hybrid,1.0,48600,41900,1.16,20,17,4,73
E01520,2025-02-09,2025-12-01,Voluntary,Better external offer,DE,Munich,Customer Service,L1,F,37,Permanent,Remote,1.0,33350,34200,0.975,10,10,3,53
E01521,2024-03-14,,,,IT,Milan,Customer Service,L2,M,28,Permanent,Hybrid,1.0,27800,29200,0.952,27,14,2,63
E01522,2026-04-20,,,,IT,Milan,HR,L1,F,35,Fixed-term,Hybrid,1.0,20250,26000,0.779,2,2,3,68
E01523,2021-01-18,,,,ES,Barcelona,Customer Service,L2,M,34,Permanent,Onsite,1.0,29850,28100,1.062,65,31,3,50
E01524,2021-05-21,,,,IT,Milan,Operations,L1,M,46,Permanent,Hybrid,0.8,26200,24700,1.061,61,61,3,70
E01525,2025-11-23,,,,PL,Krakow,Finance,L5,F,28,Permanent,Hybrid,1.0,57150,67000,0.853,7,7,3,54
E01526,2022-08-18,,,,ES,Barcelona,Tech,L5,M,37,Permanent,Hybrid,1.0,98450,90600,1.087,46,22,2,73
E01527,2023-07-10,,,,IT,Milan,Sales,L4,F,20,Permanent,Hybrid,1.0,59400,57300,1.037,35,22,4,70
E01528,2025-05-24,,,,ES,Barcelona,Finance,L2,F,43,Permanent,Remote,1.0,31750,34400,0.923,13,13,3,62
E01529,2025-10-02,,,,DE,Munich,Customer Service,L3,M,48,Permanent,Hybrid,1.0,53300,54700,0.974,8,8,3,78
E01530,2025-07-15,,,,IT,Milan,Sales,L3,M,28,Permanent,Onsite,1.0,40100,43700,0.918,11,11,2,42
E01531,2021-04-15,,,,PL,Krakow,Operations,L2,F,36,Permanent,Hybrid,1.0,25200,24900,1.012,62,17,2,70
E01532,2024-11-07,,,,DE,Munich,Sales,L1,M,25,Permanent,Remote,1.0,43250,39900,1.084,19,19,4,81
E01533,2024-06-13,2026-06-19,Voluntary,Personal reasons,PL,Krakow,Sales,L3,F,30,Fixed-term,Hybrid,1.0,35700,35300,1.011,24,19,3,53
E01534,2025-12-17,,,,IT,Milan,Tech,L2,M,20,Permanent,Remote,1.0,36550,40600,0.9,6,6,5,59
E01535,2022-12-03,,,,IT,Milan,Tech,L2,M,31,Permanent,Remote,1.0,37450,40600,0.922,42,23,1,69
E01536,2025-12-04,,,,IT,Milan,Tech,L2,M,35,Fixed-term,Onsite,1.0,37750,40600,0.93,6,6,3,71
E01537,2025-02-12,2025-09-02,Voluntary,Compensation,PL,Krakow,HR,L3,F,38,Fixed-term,Onsite,1.0,28050,33600,0.835,7,6,3,43
E01538,2023-06-06,,,,IT,Milan,Sales,L2,F,36,Permanent,Hybrid,1.0,35700,34100,1.047,36,21,2,57
E01539,2024-03-15,,,,ES,Barcelona,Sales,L1,M,29,Permanent,Hybrid,1.0,24900,26200,0.95,27,20,3,76
E01540,2021-04-06,,,,ES,Barcelona,Operations,L1,M,47,Permanent,Onsite,1.0,22350,23800,0.939,62,32,3,50
E01541,2022-10-18,,,,IT,Milan,Operations,L4,M,27,Permanent,Hybrid,1.0,50700,51900,0.977,44,44,3,66
E01542,2017-07-25,,,,DE,Munich,Customer Service,L2,M,53,Permanent,Hybrid,1.0,46100,42800,1.077,107,46,4,58
E01543,2024-05-08,,,,ES,Barcelona,Customer Service,L2,M,36,Fixed-term,Hybrid,1.0,26600,28100,0.947,25,25,2,75
E01544,2024-05-05,,,,IT,Milan,Operations,L2,M,26,Fixed-term,Onsite,1.0,27500,30900,0.89,25,25,3,48
E01545,2026-06-12,,,,DE,Munich,Customer Service,L2,M,35,Permanent,Hybrid,0.8,41150,42800,0.961,0,0,3,67
E01546,2025-12-09,2026-02-04,Voluntary,Career progression,ES,Barcelona,Customer Service,L2,F,21,Permanent,Hybrid,1.0,26300,28100,0.936,2,2,2,65
E01547,2026-02-10,,,,PL,Krakow,Operations,L1,M,33,Permanent,Hybrid,1.0,20550,20000,1.028,4,4,3,88
E01548,2025-09-21,,,,DE,Munich,Finance,L4,M,23,Permanent,Remote,1.0,84100,87800,0.958,9,9,4,80
E01549,2024-11-03,,,,DE,Munich,Customer Service,L1,F,25,Permanent,Onsite,1.0,33300,34200,0.974,19,19,4,73
E01550,2025-12-30,,,,PL,Krakow,Customer Service,L1,F,42,Permanent,Hybrid,1.0,19200,18900,1.016,6,6,5,65
E01551,2024-12-02,,,,IT,Milan,Tech,L3,F,39,Permanent,Hybrid,1.0,56650,52000,1.089,18,18,4,77
E01552,2018-07-11,,,,PL,Krakow,Finance,L4,M,45,Permanent,Hybrid,1.0,56150,48500,1.158,95,8,3,75
E01553,2024-06-04,,,,DE,Munich,Operations,L5,M,36,Permanent,Hybrid,1.0,102050,104700,0.975,24,13,4,87
E01554,2025-07-27,,,,ES,Barcelona,Tech,L4,M,20,Fixed-term,Hybrid,1.0,65700,65600,1.002,11,11,3,64
E01555,2025-09-12,,,,DE,Munich,Tech,L2,F,26,Permanent,Hybrid,0.8,54000,59400,0.909,9,9,4,63
E01556,2023-06-05,,,,IT,Milan,Customer Service,L4,M,32,Permanent,Hybrid,1.0,42100,49100,0.857,36,36,3,47
E01557,2024-05-11,,,,DE,Munich,Customer Service,L4,F,31,Fixed-term,Onsite,1.0,66100,71800,0.921,25,8,3,63
E01558,2023-06-26,,,,DE,Munich,Customer Service,L1,M,33,Permanent,Hybrid,0.8,36800,34200,1.076,36,36,3,45
E01559,2018-08-17,,,,PL,Krakow,Customer Service,L2,F,39,Permanent,Remote,1.0,23400,23600,0.992,94,13,3,66
E01560,2024-06-16,,,,IT,Milan,Operations,L2,M,28,Permanent,Hybrid,1.0,31200,30900,1.01,24,24,3,56
E01561,2022-12-18,,,,PL,Krakow,HR,L1,F,41,Permanent,Remote,1.0,21250,21000,1.012,42,42,3,51
E01562,2024-07-15,,,,PL,Krakow,Sales,L1,F,30,Permanent,Hybrid,1.0,18100,22000,0.823,23,8,4,69
E01563,2026-03-18,,,,PL,Krakow,Sales,L2,F,26,Fixed-term,Onsite,1.0,24450,27600,0.886,3,3,4,54
E01564,2024-11-24,,,,IT,Milan,Operations,L1,F,34,Permanent,Hybrid,1.0,26350,24700,1.067,19,19,2,76
E01565,2025-03-18,2026-02-14,Voluntary,Compensation,ES,Barcelona,HR,L2,M,29,Fixed-term,Onsite,1.0,28400,31200,0.91,11,11,3,45
E01566,2024-11-30,,,,DE,Munich,Customer Service,L2,F,28,Fixed-term,Hybrid,1.0,43200,42800,1.009,19,19,4,80
E01567,2026-04-15,,,,IT,Milan,Customer Service,L2,F,40,Permanent,Hybrid,1.0,30200,29200,1.034,2,2,2,67
E01568,2023-12-18,,,,PL,Krakow,Operations,L2,M,36,Permanent,Hybrid,1.0,23550,24900,0.946,30,21,4,71
E01569,2025-09-25,2026-01-04,Involuntary,Conduct,IT,Milan,Customer Service,L5,M,29,Permanent,Hybrid,1.0,59600,67900,0.878,4,4,4,41
E01570,2020-04-24,,,,IT,Milan,Customer Service,L3,M,34,Permanent,Hybrid,1.0,33800,37400,0.904,74,74,3,37
E01571,2020-11-09,,,,DE,Munich,Customer Service,L1,F,35,Permanent,Remote,1.0,37450,34200,1.095,67,19,3,57
E01572,2023-12-27,,,,IT,Milan,Customer Service,L1,M,36,Permanent,Remote,1.0,23750,23400,1.015,30,18,3,67
E01573,2024-06-07,,,,DE,Munich,Operations,L2,F,40,Permanent,Hybrid,1.0,36750,45100,0.815,24,13,3,56
E01574,2016-04-09,2025-08-25,Voluntary,Better external offer,PL,Krakow,Finance,L2,F,41,Permanent,Onsite,1.0,29500,28900,1.021,112,112,3,55
E01575,2023-03-19,,,,PL,Krakow,Tech,L5,M,31,Fixed-term,Hybrid,1.0,89000,76100,1.17,39,39,3,59
E01576,2025-08-19,,,,IT,Milan,Customer Service,L3,F,23,Permanent,Remote,1.0,40500,37400,1.083,10,10,5,63
E01577,2017-03-08,,,,DE,Munich,Customer Service,L1,F,48,Permanent,Remote,1.0,33600,34200,0.982,111,111,3,50
E01578,2024-08-31,,,,IT,Milan,Customer Service,L1,M,31,Permanent,Hybrid,1.0,24000,23400,1.026,22,16,3,71
E01579,2023-11-01,,,,IT,Milan,Customer Service,L6,F,23,Permanent,Remote,1.0,88450,93600,0.945,31,31,1,48
E01580,2024-05-07,,,,ES,Barcelona,Sales,L2,M,26,Permanent,Remote,1.0,32700,32800,0.997,25,12,2,67
E01581,2026-01-31,,,,IT,Milan,Customer Service,L1,F,25,Fixed-term,Onsite,1.0,18600,23400,0.795,5,5,3,50
E01582,2025-06-08,2025-12-11,Voluntary,Career progression,PL,Krakow,Finance,L1,M,33,Permanent,Hybrid,1.0,20950,23100,0.907,6,6,4,46
E01583,2025-10-25,,,,PL,Krakow,Operations,L3,M,27,Fixed-term,Remote,1.0,30200,31900,0.947,8,8,3,75
E01584,2023-08-26,,,,PL,Krakow,HR,L2,F,27,Permanent,Onsite,1.0,29200,26200,1.115,34,34,3,68
E01585,2024-05-17,,,,IT,Milan,Finance,L3,F,32,Permanent,Remote,1.0,46000,45800,1.004,25,12,1,58
E01586,2023-08-22,,,,DE,Munich,Operations,L4,F,38,Permanent,Remote,0.8,81100,75800,1.07,34,34,1,52
E01587,2022-05-02,,,,IT,Milan,Customer Service,L5,M,34,Permanent,Hybrid,1.0,72700,67900,1.071,49,30,5,50
E01588,2023-09-23,,,,ES,Barcelona,Finance,L1,M,35,Permanent,Onsite,1.0,25550,27500,0.929,33,33,3,48
E01589,2026-03-08,,,,ES,Barcelona,Operations,L1,M,20,Fixed-term,Hybrid,1.0,21900,23800,0.92,3,3,4,66
E01590,2023-11-03,,,,IT,Milan,Customer Service,L6,M,28,Permanent,Hybrid,1.0,99600,93600,1.064,31,31,3,59
E01591,2025-11-18,2026-03-13,Voluntary,Relocation,IT,Milan,Customer Service,L1,F,22,Permanent,Hybrid,1.0,21250,23400,0.908,4,4,3,47
E01592,2013-03-17,,,,DE,Munich,Sales,L3,M,52,Permanent,Remote,1.0,59300,63800,0.929,159,159,4,72
E01593,2024-10-13,,,,PL,Krakow,Operations,L4,M,35,Permanent,Remote,1.0,46900,41900,1.119,20,15,3,59
E01594,2025-09-07,2026-06-12,Voluntary,Work-life balance,ES,Barcelona,Finance,L1,M,24,Permanent,Remote,0.8,25350,27500,0.922,9,9,3,57
E01595,2023-05-31,,,,DE,Munich,Operations,L4,M,28,Permanent,Onsite,1.0,80350,75800,1.06,37,37,3,62
E01596,2025-11-08,,,,ES,Barcelona,HR,L2,F,26,Fixed-term,Onsite,1.0,26850,31200,0.861,7,7,5,59
E01597,2023-12-24,,,,ES,Barcelona,Tech,L3,F,23,Permanent,Onsite,1.0,48050,50000,0.961,30,30,2,60
E01598,2025-11-19,,,,ES,Barcelona,Operations,L1,F,27,Permanent,Onsite,1.0,22050,23800,0.926,7,7,3,58
E01599,2023-06-07,,,,ES,Barcelona,Customer Service,L5,M,33,Permanent,Remote,1.0,64750,65200,0.993,36,24,1,69
E01600,2024-08-16,,,,IT,Milan,Tech,L1,F,33,Permanent,Onsite,0.8,34650,32500,1.066,22,14,2,73
E01601,2018-08-09,2026-05-22,Voluntary,Career progression,DE,Munich,Customer Service,L3,F,28,Permanent,Hybrid,1.0,49900,54700,0.912,93,3,3,55
E01602,2019-01-31,,,,DE,Munich,Sales,L3,F,20,Permanent,Hybrid,1.0,73250,63800,1.148,89,89,4,66
E01603,2025-08-24,,,,DE,Munich,Tech,L4,M,32,Permanent,Onsite,1.0,100300,99800,1.005,10,10,2,73
E01604,2023-12-30,,,,DE,Munich,Sales,L3,M,33,Permanent,Hybrid,0.8,62500,63800,0.98,30,14,3,81
E01605,2025-11-02,,,,PL,Krakow,Customer Service,L3,M,28,Permanent,Hybrid,1.0,31350,30200,1.038,7,7,3,68
E01606,2022-04-22,,,,DE,Munich,HR,L2,F,47,Permanent,Hybrid,0.8,53250,47500,1.121,50,27,2,51
E01607,2022-12-08,,,,PL,Krakow,Tech,L6,M,49,Permanent,Remote,1.0,103250,105000,0.983,42,42,3,52
E01608,2020-06-20,,,,DE,Munich,Customer Service,L5,M,40,Permanent,Onsite,1.0,110500,99200,1.114,72,72,3,51
E01609,2017-12-16,,,,ES,Barcelona,Customer Service,L4,F,36,Permanent,Hybrid,1.0,43100,47200,0.913,102,36,3,37
E01610,2024-12-19,,,,IT,Milan,HR,L2,M,46,Permanent,Hybrid,1.0,33150,32500,1.02,18,18,3,64
E01611,2026-05-10,,,,IT,Milan,Operations,L3,M,36,Fixed-term,Onsite,1.0,35100,39500,0.889,1,1,2,59
E01612,2026-01-10,,,,DE,Munich,HR,L3,M,36,Permanent,Onsite,1.0,55350,60800,0.91,5,5,3,51
E01613,2023-04-18,,,,PL,Krakow,Sales,L1,F,54,Permanent,Hybrid,1.0,22450,22000,1.02,38,38,2,76
E01614,2024-01-09,,,,PL,Krakow,Tech,L4,M,47,Permanent,Hybrid,1.0,52650,55100,0.956,29,15,3,73
E01615,2023-01-19,,,,PL,Krakow,Sales,L5,M,30,Permanent,Onsite,0.8,61650,63900,0.965,41,41,3,41
E01616,2012-07-23,,,,IT,Milan,Customer Service,L3,M,49,Permanent,Remote,1.0,40950,37400,1.095,167,37,3,63
E01617,2022-07-09,,,,PL,Krakow,Finance,L3,F,35,Permanent,Onsite,1.0,40650,37000,1.099,47,5,4,80
E01618,2022-08-22,,,,PL,Krakow,HR,L2,M,33,Permanent,Hybrid,1.0,23750,26200,0.906,46,15,3,67
E01619,2024-11-08,,,,DE,Munich,Sales,L1,F,20,Permanent,Remote,1.0,39100,39900,0.98,19,6,3,76
E01620,2022-12-16,,,,ES,Barcelona,Tech,L1,M,32,Permanent,Onsite,1.0,33150,31200,1.062,42,14,3,77
E01621,2025-10-04,2026-05-17,Voluntary,Better external offer,IT,Milan,Tech,L3,F,33,Fixed-term,Hybrid,1.0,43550,52000,0.838,7,7,3,59
E01622,2025-12-15,,,,IT,Milan,Tech,L1,F,20,Permanent,Onsite,1.0,31200,32500,0.96,6,6,3,79
E01623,2025-05-08,,,,IT,Milan,Customer Service,L1,F,38,Permanent,Hybrid,1.0,19450,23400,0.831,13,13,3,63
E01624,2019-12-14,,,,PL,Krakow,Operations,L3,M,44,Fixed-term,Remote,1.0,33800,31900,1.06,78,14,3,67
E01625,2024-10-10,,,,PL,Krakow,Operations,L3,M,48,Permanent,Hybrid,1.0,33850,31900,1.061,20,20,3,61
E01626,2019-08-22,,,,ES,Barcelona,Customer Service,L3,F,39,Permanent,Hybrid,1.0,42000,36000,1.167,82,35,3,67
E01627,2025-07-04,,,,IT,Milan,HR,L4,M,20,Permanent,Hybrid,1.0,55750,54600,1.021,11,11,3,66
E01628,2025-05-08,,,,IT,Milan,Operations,L1,F,35,Permanent,Hybrid,1.0,23600,24700,0.955,13,13,2,63
E01629,2021-10-12,,,,DE,Munich,Tech,L3,M,37,Permanent,Hybrid,1.0,76300,76000,1.004,56,12,4,77
E01630,2025-03-01,2025-09-01,Voluntary,Personal reasons,ES,Barcelona,Operations,L3,F,25,Permanent,Hybrid,1.0,34000,38000,0.895,6,6,3,61
E01631,2014-10-05,,,,DE,Munich,Operations,L3,M,43,Permanent,Hybrid,1.0,58800,57800,1.017,140,140,3,74
E01632,2026-04-25,,,,PL,Krakow,Finance,L2,M,27,Fixed-term,Onsite,1.0,27650,28900,0.957,2,2,3,77
E01633,2026-03-19,,,,PL,Krakow,Tech,L2,F,24,Permanent,Hybrid,1.0,32100,32800,0.979,3,3,3,74
E01634,2025-09-03,,,,PL,Krakow,Customer Service,L2,M,34,Permanent,Hybrid,1.0,21500,23600,0.911,9,9,3,49
E01635,2023-08-01,,,,PL,Krakow,Operations,L3,F,42,Permanent,Hybrid,1.0,31550,31900,0.989,34,24,3,79
E01636,2023-07-11,,,,IT,Milan,Customer Service,L3,F,34,Permanent,Hybrid,1.0,43750,37400,1.17,35,31,3,58
E01637,2021-11-26,,,,ES,Barcelona,Customer Service,L1,F,40,Permanent,Hybrid,1.0,23100,22500,1.027,55,21,3,74
E01638,2025-07-13,,,,PL,Krakow,Sales,L3,F,41,Fixed-term,Remote,1.0,35450,35300,1.004,11,11,1,65
E01639,2026-03-09,,,,PL,Krakow,Operations,L3,F,36,Permanent,Onsite,1.0,32400,31900,1.016,3,3,1,59
E01640,2024-01-20,,,,PL,Krakow,Tech,L3,F,35,Permanent,Hybrid,1.0,44600,42000,1.062,29,26,4,80
E01641,2022-08-08,,,,PL,Krakow,Tech,L3,M,29,Permanent,Hybrid,1.0,46500,42000,1.107,46,46,4,60
E01642,2021-01-24,2025-08-18,Voluntary,Compensation,ES,Barcelona,Customer Service,L5,M,36,Permanent,Onsite,0.8,58050,65200,0.89,55,13,4,43
E01643,2024-01-31,,,,PL,Krakow,Operations,L3,M,28,Permanent,Hybrid,1.0,32350,31900,1.014,29,29,3,61
E01644,2022-06-07,,,,DE,Munich,Operations,L1,M,26,Permanent,Hybrid,1.0,35600,36100,0.986,48,48,3,67
E01645,2022-03-22,,,,IT,Milan,Customer Service,L3,F,44,Permanent,Remote,1.0,37150,37400,0.993,51,26,3,46
E01646,2026-01-22,2026-05-28,Voluntary,Relocation,PL,Krakow,Tech,L1,M,27,Permanent,Onsite,1.0,21400,26200,0.817,4,4,2,46
E01647,2019-10-26,2025-10-12,Voluntary,Relocation,ES,Barcelona,Operations,L5,F,24,Fixed-term,Remote,1.0,64200,68900,0.932,72,2,3,62
E01648,2024-04-08,,,,PL,Krakow,Tech,L3,M,29,Permanent,Onsite,1.0,46650,42000,1.111,26,17,5,70
E01649,2025-01-25,,,,PL,Krakow,Operations,L2,M,26,Permanent,Hybrid,1.0,26250,24900,1.054,17,11,5,77
E01650,2014-06-30,,,,IT,Milan,Operations,L4,M,27,Permanent,Onsite,1.0,44250,51900,0.853,144,14,5,48
E01651,2012-07-08,,,,PL,Krakow,Sales,L2,M,48,Permanent,Remote,1.0,31600,27600,1.145,167,23,4,75
E01652,2024-09-11,,,,DE,Munich,Operations,L5,F,37,Fixed-term,Hybrid,0.8,116750,104700,1.115,21,12,3,77
E01653,2025-10-09,,,,PL,Krakow,Customer Service,L2,F,38,Permanent,Remote,1.0,22850,23600,0.968,8,8,4,71
E01654,2025-10-25,,,,IT,Milan,Customer Service,L4,F,23,Permanent,Remote,1.0,42900,49100,0.874,8,8,3,45
E01655,2023-10-12,,,,IT,Milan,Sales,L2,M,21,Permanent,Onsite,1.0,37000,34100,1.085,32,32,3,55
E01656,2024-08-09,,,,IT,Milan,Customer Service,L3,M,32,Fixed-term,Onsite,1.0,35300,37400,0.944,22,8,3,72
E01657,2026-03-21,,,,IT,Milan,Finance,L2,F,20,Permanent,Onsite,1.0,29350,35800,0.82,3,3,3,52
E01658,2024-02-14,,,,ES,Barcelona,Operations,L6,F,43,Permanent,Onsite,0.8,110150,95000,1.159,28,28,2,60
E01659,2023-04-13,,,,IT,Milan,Customer Service,L6,M,40,Permanent,Onsite,1.0,96150,93600,1.027,38,13,3,50
E01660,2025-06-03,,,,PL,Krakow,Operations,L1,M,39,Permanent,Hybrid,1.0,17600,20000,0.88,12,12,3,66
E01661,2020-05-11,2026-01-11,Voluntary,Better external offer,ES,Barcelona,Sales,L1,M,47,Permanent,Onsite,1.0,22300,26200,0.851,68,1,3,57
E01662,2012-07-14,,,,PL,Krakow,Tech,L4,M,50,Permanent,Onsite,1.0,58850,55100,1.068,167,8,4,82
E01663,2012-07-19,,,,ES,Barcelona,Operations,L2,M,48,Permanent,Remote,1.0,30150,29700,1.015,167,20,4,85
E01664,2024-10-22,,,,IT,Milan,Tech,L2,M,43,Fixed-term,Hybrid,1.0,40650,40600,1.001,20,17,3,65
E01665,2023-04-01,,,,PL,Krakow,Customer Service,L2,M,29,Fixed-term,Onsite,1.0,22900,23600,0.97,38,38,2,43
E01666,2023-10-17,,,,DE,Munich,Customer Service,L1,F,43,Permanent,Hybrid,1.0,36150,34200,1.057,32,10,3,61
E01667,2023-12-12,,,,IT,Milan,Tech,L2,M,24,Permanent,Remote,1.0,43800,40600,1.079,30,12,5,79
E01668,2025-04-03,,,,ES,Barcelona,Customer Service,L2,M,27,Fixed-term,Hybrid,1.0,25150,28100,0.895,14,13,4,54
E01669,2025-07-14,2025-11-25,Voluntary,Career progression,DE,Munich,Customer Service,L4,M,37,Permanent,Hybrid,1.0,59500,71800,0.829,4,4,2,55
E01670,2025-03-06,,,,IT,Milan,Finance,L2,M,27,Permanent,Remote,0.8,33100,35800,0.925,15,3,4,72
E01671,2016-07-23,,,,DE,Munich,Operations,L4,F,53,Permanent,Hybrid,1.0,72800,75800,0.96,119,119,4,77
E01672,2020-01-10,,,,IT,Milan,Customer Service,L1,M,38,Permanent,Onsite,1.0,22550,23400,0.964,77,77,1,47
E01673,2025-01-01,2025-08-12,Involuntary,Performance,IT,Milan,Sales,L3,M,20,Permanent,Hybrid,0.8,37500,43700,0.858,7,6,3,57
E01674,2018-07-13,,,,IT,Milan,Sales,L3,M,31,Permanent,Onsite,1.0,45150,43700,1.033,95,95,4,52
E01675,2019-06-04,,,,PL,Krakow,HR,L1,F,43,Permanent,Onsite,1.0,21000,21000,1.0,84,84,3,67
E01676,2026-05-21,,,,IT,Milan,Tech,L3,M,20,Permanent,Hybrid,1.0,57350,52000,1.103,1,1,3,81
E01677,2012-07-02,,,,IT,Milan,Operations,L5,M,38,Fixed-term,Hybrid,1.0,66050,71600,0.922,167,167,3,53
E01678,2026-01-06,,,,ES,Barcelona,Customer Service,L3,M,30,Fixed-term,Hybrid,1.0,29300,36000,0.814,5,5,3,54
E01679,2022-10-02,,,,PL,Krakow,Sales,L1,M,39,Permanent,Remote,1.0,21400,22000,0.973,44,37,3,60
E01680,2021-02-28,2026-03-26,Voluntary,Compensation,DE,Munich,Sales,L2,M,43,Permanent,Onsite,1.0,45850,49900,0.919,61,61,3,42
E01681,2024-07-27,,,,IT,Milan,Finance,L4,M,39,Permanent,Hybrid,1.0,60000,60100,0.998,23,16,3,58
E01682,2025-09-08,,,,ES,Barcelona,Customer Service,L3,M,37,Permanent,Hybrid,1.0,34850,36000,0.968,9,9,3,59
E01683,2019-11-03,,,,DE,Munich,Customer Service,L2,M,49,Permanent,Hybrid,1.0,38950,42800,0.91,79,79,4,39
E01684,2024-08-05,,,,IT,Milan,Tech,L1,M,34,Permanent,Hybrid,1.0,32250,32500,0.992,22,18,3,73
E01685,2025-06-07,2026-02-16,Voluntary,Work-life balance,PL,Krakow,Customer Service,L1,F,24,Permanent,Hybrid,1.0,17450,18900,0.923,8,8,3,70
E01686,2018-07-15,,,,IT,Milan,Operations,L1,F,43,Permanent,Hybrid,1.0,26300,24700,1.065,95,95,4,69
E01687,2018-10-17,,,,PL,Krakow,Sales,L3,M,44,Permanent,Hybrid,1.0,38150,35300,1.081,92,92,2,57
E01688,2013-09-04,,,,DE,Munich,Operations,L3,F,46,Permanent,Hybrid,1.0,58300,57800,1.009,153,32,4,75
E01689,2022-12-10,,,,DE,Munich,Customer Service,L4,M,35,Permanent,Hybrid,1.0,78950,71800,1.1,42,29,2,52
E01690,2020-09-07,2026-05-20,Voluntary,Work-life balance,PL,Krakow,Customer Service,L1,F,37,Permanent,Onsite,1.0,16900,18900,0.894,68,33,3,37
E01691,2023-12-18,,,,ES,Barcelona,HR,L2,M,39,Permanent,Hybrid,1.0,32900,31200,1.054,30,13,3,74
E01692,2025-03-08,,,,IT,Milan,Finance,L3,F,36,Permanent,Hybrid,1.0,49300,45800,1.076,15,15,4,72
E01693,2015-08-18,,,,PL,Krakow,Sales,L2,F,43,Permanent,Hybrid,1.0,28750,27600,1.042,130,29,4,59
E01694,2024-03-22,,,,PL,Krakow,Customer Service,L1,F,33,Permanent,Hybrid,1.0,17500,18900,0.926,27,11,4,71
E01695,2024-03-16,,,,DE,Munich,Sales,L2,M,32,Permanent,Hybrid,1.0,44650,49900,0.895,27,27,1,42
E01696,2015-08-06,,,,DE,Munich,Customer Service,L3,F,36,Fixed-term,Onsite,1.0,72400,54700,1.324,130,9,4,80
E01697,2025-07-26,,,,DE,Munich,Sales,L2,F,37,Fixed-term,Onsite,1.0,49150,49900,0.985,11,11,3,74
E01698,2025-01-13,,,,IT,Milan,Customer Service,L5,M,26,Permanent,Remote,0.8,68200,67900,1.004,17,4,3,61
E01699,2016-09-17,2025-11-11,Involuntary,Conduct,ES,Barcelona,Sales,L2,M,42,Permanent,Hybrid,1.0,33700,32800,1.027,110,110,3,62
E01700,2024-12-09,,,,PL,Krakow,Customer Service,L3,F,21,Permanent,Onsite,1.0,29400,30200,0.974,18,15,4,67
E01701,2013-10-30,,,,DE,Munich,Operations,L2,M,30,Permanent,Hybrid,1.0,43500,45100,0.965,152,152,4,76
E01702,2024-06-17,,,,PL,Krakow,Customer Service,L5,M,22,Permanent,Hybrid,1.0,57800,54800,1.055,24,19,4,72
E01703,2020-03-03,,,,ES,Barcelona,Operations,L2,F,42,Permanent,Onsite,1.0,29950,29700,1.008,75,75,4,53
E01704,2023-09-21,,,,DE,Munich,Operations,L3,M,26,Permanent,Hybrid,1.0,63100,57800,1.092,33,23,4,78
E01705,2022-03-09,,,,IT,Milan,Operations,L3,M,45,Permanent,Hybrid,1.0,34800,39500,0.881,51,51,3,61
E01706,2022-07-19,,,,PL,Krakow,Operations,L2,F,29,Permanent,Hybrid,1.0,25100,24900,1.008,47,2,4,77
E01707,2022-10-01,2025-08-07,Involuntary,End of fixed-term contract,DE,Munich,Customer Service,L2,F,35,Fixed-term,Hybrid,0.8,40200,42800,0.939,34,34,4,59
E01708,2021-03-24,,,,ES,Barcelona,Sales,L6,M,27,Permanent,Hybrid,1.0,113650,105000,1.082,63,15,3,73
E01709,2026-02-10,,,,PL,Krakow,Operations,L3,M,38,Permanent,Remote,1.0,27400,31900,0.859,4,4,3,76
E01710,2021-04-03,,,,PL,Krakow,Operations,L2,M,47,Permanent,Hybrid,1.0,22300,24900,0.896,62,62,3,48
E01711,2026-03-09,,,,PL,Krakow,Sales,L3,M,29,Fixed-term,Onsite,1.0,39050,35300,1.106,3,3,3,81
E01712,2025-03-24,,,,PL,Krakow,Operations,L4,F,43,Permanent,Hybrid,1.0,43350,41900,1.035,15,10,3,60
E01713,2022-07-20,,,,ES,Barcelona,Tech,L2,F,33,Permanent,Hybrid,1.0,45600,39100,1.166,47,10,3,64
E01714,2021-11-13,,,,PL,Krakow,Customer Service,L2,F,48,Permanent,Onsite,1.0,22800,23600,0.966,55,15,5,69
E01715,2023-11-20,,,,PL,Krakow,Customer Service,L2,M,34,Permanent,Hybrid,1.0,25650,23600,1.087,31,31,3,66
E01716,2021-11-30,,,,ES,Barcelona,Sales,L3,M,23,Permanent,Hybrid,1.0,46400,42000,1.105,55,6,3,78
E01717,2024-07-18,,,,IT,Milan,Customer Service,L3,M,21,Permanent,Onsite,1.0,33100,37400,0.885,23,23,2,49
E01718,2025-01-12,2025-09-28,Voluntary,Compensation,PL,Krakow,Sales,L1,M,22,Permanent,Hybrid,1.0,19900,22000,0.905,8,0,4,67
E01719,2026-05-27,,,,PL,Krakow,Customer Service,L1,F,20,Fixed-term,Hybrid,1.0,14450,18900,0.765,1,1,3,49
E01720,2016-03-16,,,,DE,Munich,Customer Service,L3,F,36,Permanent,Onsite,1.0,52700,54700,0.963,123,123,2,59
E01721,2024-01-22,,,,PL,Krakow,Operations,L5,F,24,Permanent,Onsite,1.0,68800,57900,1.188,29,17,3,71
E01722,2020-10-30,,,,ES,Barcelona,Customer Service,L6,M,25,Permanent,Remote,1.0,93150,90000,1.035,68,27,3,53
E01723,2023-06-14,2026-06-03,Voluntary,Work-life balance,PL,Krakow,Customer Service,L2,F,31,Permanent,Onsite,1.0,18900,23600,0.801,36,22,4,49
E01724,2012-07-14,,,,PL,Krakow,Tech,L2,F,57,Permanent,Onsite,1.0,30250,32800,0.922,167,23,3,71
E01725,2023-12-23,,,,IT,Milan,Sales,L2,M,32,Fixed-term,Onsite,1.0,35850,34100,1.051,30,14,3,61
E01726,2024-08-02,,,,IT,Milan,Sales,L1,F,33,Permanent,Hybrid,1.0,28000,27300,1.026,22,2,3,86
E01727,2026-02-07,,,,IT,Milan,Operations,L4,M,20,Permanent,Remote,1.0,49450,51900,0.953,4,4,3,71
E01728,2012-10-13,,,,IT,Milan,Tech,L3,M,49,Permanent,Remote,1.0,46900,52000,0.902,164,164,4,52
E01729,2021-12-03,,,,IT,Milan,Operations,L4,M,34,Permanent,Remote,1.0,53100,51900,1.023,54,54,3,52
E01730,2025-03-14,,,,IT,Milan,Finance,L1,F,20,Permanent,Remote,1.0,25700,28600,0.899,15,12,3,47
E01731,2026-02-25,2026-03-28,Voluntary,Career progression,PL,Krakow,Sales,L1,F,23,Permanent,Hybrid,0.8,17800,22000,0.809,1,1,3,56
E01732,2025-07-27,,,,PL,Krakow,HR,L3,F,29,Permanent,Hybrid,1.0,26350,33600,0.784,11,11,2,59
E01733,2024-07-01,,,,IT,Milan,Customer Service,L3,F,43,Permanent,Onsite,1.0,34800,37400,0.93,23,17,3,48
E01734,2025-07-12,,,,PL,Krakow,Tech,L2,M,21,Fixed-term,Onsite,1.0,25600,32800,0.78,11,11,3,39
E01735,2024-03-03,2026-01-26,Voluntary,Compensation,PL,Krakow,Finance,L5,M,20,Permanent,Hybrid,1.0,72900,67000,1.088,22,22,3,50
E01736,2026-03-18,,,,ES,Barcelona,Tech,L3,F,27,Permanent,Hybrid,1.0,44400,50000,0.888,3,3,2,68
E01737,2020-03-18,,,,PL,Krakow,Tech,L3,M,35,Permanent,Onsite,0.8,39800,42000,0.948,75,18,3,70
E01738,2025-05-22,,,,IT,Milan,Operations,L2,F,36,Permanent,Remote,1.0,27000,30900,0.874,13,13,3,43
E01739,2023-07-18,,,,IT,Milan,Sales,L4,F,44,Permanent,Onsite,1.0,58750,57300,1.025,35,24,4,73
E01740,2022-03-26,,,,PL,Krakow,Operations,L2,M,30,Permanent,Remote,1.0,23650,24900,0.95,51,51,2,56
E01741,2025-06-20,,,,PL,Krakow,Finance,L3,M,28,Permanent,Remote,1.0,34550,37000,0.934,12,12,3,76
E01742,2012-07-12,,,,PL,Krakow,Operations,L3,F,48,Permanent,Onsite,1.0,37550,31900,1.177,167,11,4,71
E01743,2021-04-15,,,,PL,Krakow,Sales,L2,F,34,Permanent,Remote,1.0,25650,27600,0.929,62,28,3,58
E01744,2025-07-26,,,,DE,Munich,Sales,L4,F,40,Permanent,Hybrid,1.0,76350,83800,0.911,11,11,3,67
E01745,2022-11-01,2025-12-16,Voluntary,Personal reasons,IT,Milan,Operations,L3,M,46,Permanent,Onsite,1.0,45950,39500,1.163,37,37,3,51
E01746,2024-07-26,,,,IT,Milan,Sales,L2,F,33,Permanent,Onsite,1.0,35100,34100,1.029,23,2,2,78
E01747,2025-02-24,2026-02-28,Voluntary,Career progression,IT,Milan,Sales,L3,M,33,Permanent,Hybrid,1.0,37350,43700,0.855,12,12,4,49
E01748,2019-04-03,,,,ES,Barcelona,Operations,L3,F,45,Permanent,Hybrid,1.0,43250,38000,1.138,86,43,4,59
E01749,2025-11-12,,,,DE,Munich,HR,L4,M,20,Permanent,Hybrid,1.0,77000,79800,0.965,7,7,3,75
E01750,2023-08-03,2025-09-09,Voluntary,Manager / leadership,PL,Krakow,Customer Service,L1,M,30,Permanent,Hybrid,1.0,17600,18900,0.931,25,25,3,54
E01751,2023-08-06,,,,ES,Barcelona,HR,L3,M,25,Permanent,Hybrid,1.0,44450,40000,1.111,34,2,3,78
E01752,2024-12-26,,,,DE,Munich,Operations,L2,M,39,Permanent,Hybrid,1.0,46950,45100,1.041,18,18,3,59
E01753,2026-01-20,,,,PL,Krakow,Customer Service,L2,M,27,Permanent,Onsite,1.0,21950,23600,0.93,5,5,1,63
E01754,2022-12-11,2025-08-01,Voluntary,Manager / leadership,IT,Milan,Customer Service,L1,M,32,Permanent,Onsite,1.0,28350,23400,1.212,32,8,4,62
E01755,2022-10-14,,,,IT,Milan,Customer Service,L3,F,31,Permanent,Onsite,1.0,37900,37400,1.013,44,44,3,49
E01756,2021-09-01,,,,DE,Munich,Sales,L3,M,34,Fixed-term,Remote,1.0,66550,63800,1.043,57,11,3,64
E01757,2018-01-31,,,,PL,Krakow,HR,L1,F,47,Permanent,Hybrid,1.0,22050,21000,1.05,101,15,2,71
E01758,2018-12-25,,,,DE,Munich,HR,L3,M,32,Permanent,Hybrid,1.0,63950,60800,1.052,90,90,1,67
E01759,2024-07-05,,,,DE,Munich,Operations,L1,M,33,Fixed-term,Hybrid,1.0,35700,36100,0.989,23,14,2,66
E01760,2025-04-12,2025-07-08,Voluntary,Work-life balance,PL,Krakow,HR,L1,F,30,Fixed-term,Hybrid,1.0,17450,21000,0.831,3,3,4,41
E01761,2014-09-07,,,,IT,Milan,Sales,L4,M,49,Permanent,Onsite,1.0,58850,57300,1.027,141,141,5,62
E01762,2012-07-11,,,,ES,Barcelona,Customer Service,L5,M,48,Permanent,Hybrid,0.8,66450,65200,1.019,167,167,3,62
E01763,2022-11-01,2026-06-12,Voluntary,Compensation,PL,Krakow,Sales,L1,F,36,Fixed-term,Onsite,1.0,19750,22000,0.898,43,28,3,39
E01764,2021-05-22,,,,IT,Milan,Tech,L1,F,32,Permanent,Hybrid,1.0,32000,32500,0.985,61,21,3,80
E01765,2026-02-23,,,,DE,Munich,Operations,L2,M,20,Permanent,Hybrid,0.8,38100,45100,0.845,4,4,4,70
E01766,2026-06-06,,,,DE,Munich,Finance,L1,M,27,Fixed-term,Hybrid,1.0,41350,41800,0.989,0,0,3,83
E01767,2021-07-03,,,,IT,Milan,Tech,L1,F,32,Permanent,Onsite,1.0,36200,32500,1.114,59,4,4,69
E01768,2017-06-18,,,,IT,Milan,HR,L2,F,41,Permanent,Hybrid,1.0,35600,32500,1.095,108,108,3,68
E01769,2024-08-17,,,,PL,Krakow,Operations,L1,F,46,Fixed-term,Onsite,1.0,19150,20000,0.958,22,15,4,88
E01770,2025-12-21,,,,IT,Milan,Sales,L2,F,35,Permanent,Hybrid,1.0,28100,34100,0.824,6,6,3,45
E01771,2023-05-01,,,,PL,Krakow,Tech,L2,M,30,Permanent,Remote,1.0,33150,32800,1.011,37,33,3,40
E01772,2024-08-14,,,,DE,Munich,HR,L5,M,24,Permanent,Hybrid,1.0,113700,110200,1.032,22,17,4,71
E01773,2022-10-20,,,,DE,Munich,Operations,L3,F,30,Permanent,Onsite,0.8,59000,57800,1.021,44,14,3,75
E01774,2023-10-30,,,,PL,Krakow,Customer Service,L3,F,32,Permanent,Hybrid,1.0,35250,30200,1.167,32,18,3,63
E01775,2024-04-06,,,,PL,Krakow,Tech,L5,M,35,Fixed-term,Onsite,1.0,84950,76100,1.116,26,26,3,67
E01776,2026-05-06,,,,DE,Munich,Customer Service,L5,M,26,Permanent,Hybrid,1.0,83350,99200,0.84,1,1,5,59
E01777,2019-03-18,,,,DE,Munich,Finance,L2,F,40,Permanent,Hybrid,1.0,56300,52300,1.076,87,29,5,62
E01778,2023-11-17,,,,IT,Milan,Customer Service,L4,F,34,Permanent,Hybrid,0.8,53300,49100,1.086,31,17,4,77
E01779,2022-04-02,,,,PL,Krakow,Operations,L2,M,39,Fixed-term,Hybrid,1.0,25400,24900,1.02,50,13,3,86
E01780,2024-08-14,,,,IT,Milan,Customer Service,L2,M,34,Fixed-term,Remote,1.0,31350,29200,1.074,22,16,3,66
E01781,2024-02-19,,,,DE,Munich,Finance,L2,F,34,Permanent,Hybrid,1.0,46200,52300,0.883,28,28,4,53
E01782,2022-09-08,,,,IT,Milan,Customer Service,L2,F,48,Permanent,Remote,1.0,31900,29200,1.092,45,35,3,64
E01783,2021-04-10,,,,IT,Milan,Tech,L3,M,38,Permanent,Hybrid,1.0,54450,52000,1.047,62,13,3,65
E01784,2019-12-06,2026-03-27,Involuntary,Performance,PL,Krakow,Customer Service,L1,F,44,Permanent,Hybrid,0.8,17300,18900,0.915,75,75,3,44
E01785,2023-09-24,,,,IT,Milan,Customer Service,L2,M,37,Fixed-term,Hybrid,1.0,29900,29200,1.024,33,13,3,48
E01786,2012-06-30,,,,ES,Barcelona,Tech,L3,M,49,Permanent,Remote,1.0,57000,50000,1.14,168,36,4,70
E01787,2026-05-19,,,,IT,Milan,Operations,L1,M,28,Fixed-term,Onsite,1.0,23150,24700,0.937,1,1,4,90
E01788,2023-01-07,,,,ES,Barcelona,HR,L1,F,44,Permanent,Hybrid,1.0,22000,25000,0.88,41,41,2,35
E01789,2026-01-16,,,,IT,Milan,HR,L2,F,45,Fixed-term,Hybrid,0.8,31550,32500,0.971,5,5,3,59
E01790,2023-07-06,,,,IT,Milan,HR,L4,F,32,Permanent,Hybrid,1.0,61150,54600,1.12,35,35,4,63
E01791,2024-11-04,,,,PL,Krakow,Tech,L1,M,34,Permanent,Hybrid,1.0,24700,26200,0.943,19,16,3,69
E01792,2023-09-22,,,,ES,Barcelona,Operations,L2,F,35,Permanent,Remote,1.0,28050,29700,0.944,33,33,3,43
E01793,2020-12-22,,,,PL,Krakow,Sales,L2,F,35,Permanent,Remote,1.0,27700,27600,1.004,66,30,3,61
E01794,2019-08-10,,,,IT,Milan,Customer Service,L2,F,32,Permanent,Hybrid,1.0,32550,29200,1.115,82,22,2,70
E01795,2019-12-15,,,,IT,Milan,Operations,L2,F,32,Permanent,Onsite,1.0,30450,30900,0.985,78,78,3,61
E01796,2023-11-26,,,,DE,Munich,Operations,L2,F,20,Permanent,Hybrid,1.0,53750,45100,1.192,31,14,4,67
E01797,2022-07-04,,,,PL,Krakow,Customer Service,L3,M,28,Permanent,Hybrid,1.0,29900,30200,0.99,47,18,3,60
E01798,2024-02-24,,,,IT,Milan,Sales,L1,F,26,Permanent,Onsite,0.8,29600,27300,1.084,28,28,3,47
E01799,2024-09-09,,,,IT,Milan,Operations,L2,M,32,Permanent,Hybrid,1.0,32850,30900,1.063,21,18,3,84
E01800,2025-12-19,,,,PL,Krakow,HR,L3,F,46,Permanent,Hybrid,1.0,30850,33600,0.918,6,6,2,64
E01801,2022-11-17,,,,PL,Krakow,Operations,L2,F,27,Permanent,Remote,1.0,26450,24900,1.062,43,13,2,66
E01802,2022-01-31,,,,ES,Barcelona,Operations,L2,F,36,Permanent,Hybrid,0.8,26850,29700,0.904,53,53,3,46
E01803,2025-06-06,,,,PL,Krakow,Customer Service,L3,F,44,Fixed-term,Onsite,0.8,29650,30200,0.982,12,12,3,52
E01804,2024-06-23,,,,PL,Krakow,Customer Service,L2,M,25,Permanent,Hybrid,1.0,24400,23600,1.034,24,7,1,77
E01805,2025-01-12,2025-08-21,Voluntary,Work-life balance,IT,Milan,Sales,L2,F,32,Permanent,Onsite,1.0,30750,34100,0.902,7,7,3,43
E01806,2023-12-09,,,,DE,Munich,Operations,L1,M,26,Permanent,Onsite,1.0,36100,36100,1.0,30,30,4,71
E01807,2024-12-09,,,,PL,Krakow,Sales,L1,M,35,Fixed-term,Onsite,1.0,23000,22000,1.045,18,13,1,66
E01808,2020-10-03,,,,DE,Munich,Tech,L2,M,28,Permanent,Onsite,1.0,58900,59400,0.992,68,68,4,52
E01809,2024-04-21,,,,PL,Krakow,Operations,L1,F,31,Permanent,Hybrid,1.0,24700,20000,1.235,26,14,3,64
E01810,2023-03-10,,,,PL,Krakow,Customer Service,L2,F,30,Permanent,Remote,0.8,24450,23600,1.036,39,26,3,63
E01811,2022-10-13,,,,PL,Krakow,Customer Service,L3,M,31,Permanent,Hybrid,1.0,34600,30200,1.146,44,44,3,60
E01812,2026-04-20,,,,PL,Krakow,Finance,L4,F,24,Fixed-term,Hybrid,1.0,44650,48500,0.921,2,2,3,69
E01813,2024-11-06,,,,PL,Krakow,HR,L1,F,33,Permanent,Onsite,1.0,19000,21000,0.905,19,16,4,48
E01814,2023-12-22,,,,ES,Barcelona,Operations,L6,F,27,Permanent,Hybrid,1.0,101250,95000,1.066,30,30,5,55
E01815,2026-02-13,,,,DE,Munich,Customer Service,L2,F,28,Fixed-term,Remote,1.0,32700,42800,0.764,4,4,3,47
E01816,2026-01-09,,,,DE,Munich,Operations,L3,F,31,Fixed-term,Remote,1.0,52050,57800,0.901,5,5,3,42
E01817,2018-10-12,,,,IT,Milan,Customer Service,L3,F,36,Fixed-term,Onsite,0.8,38550,37400,1.031,92,92,5,72
E01818,2026-01-12,2026-04-05,Voluntary,Compensation,IT,Milan,Tech,L2,F,31,Fixed-term,Hybrid,1.0,34900,40600,0.86,3,3,3,56
E01819,2026-01-06,2026-04-25,Voluntary,Compensation,PL,Krakow,Operations,L1,F,37,Fixed-term,Onsite,1.0,16250,20000,0.812,3,3,1,44
E01820,2023-05-02,,,,ES,Barcelona,HR,L2,F,40,Permanent,Remote,1.0,31300,31200,1.003,37,21,3,73
E01821,2026-02-07,,,,IT,Milan,Sales,L3,M,29,Fixed-term,Hybrid,1.0,34350,43700,0.786,4,4,2,58
E01822,2024-09-22,,,,IT,Milan,Operations,L1,F,25,Permanent,Hybrid,1.0,28200,24700,1.142,21,21,3,87
E01823,2025-03-07,,,,IT,Milan,Sales,L2,F,23,Fixed-term,Remote,1.0,34000,34100,0.997,15,15,3,79
E01824,2020-02-02,,,,PL,Krakow,Operations,L4,F,42,Fixed-term,Hybrid,1.0,42150,41900,1.006,76,9,3,59
E01825,2025-06-25,,,,IT,Milan,Customer Service,L3,M,43,Permanent,Hybrid,1.0,30250,37400,0.809,12,12,4,56
E01826,2023-10-22,,,,PL,Krakow,Operations,L1,M,37,Permanent,Hybrid,1.0,23500,20000,1.175,32,32,3,58
E01827,2022-12-12,2025-09-18,Voluntary,Work-life balance,DE,Munich,Customer Service,L3,F,25,Permanent,Hybrid,1.0,55200,54700,1.009,33,33,3,44
E01828,2023-02-10,2025-08-10,Voluntary,Compensation,ES,Barcelona,Operations,L1,M,28,Fixed-term,Remote,1.0,21100,23800,0.887,30,30,3,41
E01829,2024-03-26,,,,DE,Munich,Operations,L3,M,32,Fixed-term,Onsite,1.0,59450,57800,1.029,27,27,4,60
E01830,2018-08-12,,,,ES,Barcelona,Customer Service,L1,M,43,Permanent,Onsite,1.0,22800,22500,1.013,94,8,3,65
E01831,2019-09-21,,,,DE,Munich,Tech,L2,F,32,Permanent,Hybrid,1.0,61200,59400,1.03,81,81,3,66
E01832,2021-02-11,,,,ES,Barcelona,Customer Service,L2,M,42,Permanent,Hybrid,1.0,29450,28100,1.048,64,18,4,52
E01833,2014-01-06,,,,IT,Milan,Operations,L4,M,50,Permanent,Hybrid,0.8,47800,51900,0.921,149,149,3,56
E01834,2020-06-19,,,,PL,Krakow,Customer Service,L2,F,36,Permanent,Hybrid,1.0,24600,23600,1.042,72,15,3,65
E01835,2016-02-08,,,,PL,Krakow,HR,L5,M,41,Permanent,Hybrid,1.0,67800,60900,1.113,124,124,3,45
E01836,2025-12-15,,,,IT,Milan,Operations,L1,M,31,Permanent,Hybrid,1.0,24050,24700,0.974,6,6,3,75
E01837,2020-08-14,,,,IT,Milan,Operations,L2,F,37,Permanent,Onsite,1.0,36200,30900,1.172,70,70,3,67
E01838,2023-02-05,,,,PL,Krakow,Customer Service,L1,F,27,Permanent,Hybrid,1.0,20350,18900,1.077,40,40,3,61
E01839,2025-02-26,,,,PL,Krakow,HR,L4,M,35,Fixed-term,Hybrid,1.0,38250,44100,0.867,16,13,3,45
E01840,2022-11-06,,,,IT,Milan,Finance,L3,F,34,Permanent,Hybrid,1.0,44850,45800,0.979,43,10,5,84
E01841,2024-04-12,2025-07-12,Voluntary,Better external offer,DE,Munich,Customer Service,L3,M,26,Permanent,Hybrid,1.0,53650,54700,0.981,15,15,4,62
E01842,2021-02-07,,,,PL,Krakow,Customer Service,L3,F,42,Permanent,Hybrid,1.0,33250,30200,1.101,64,32,3,62
E01843,2023-12-17,,,,PL,Krakow,Customer Service,L5,F,31,Fixed-term,Onsite,1.0,51050,54800,0.932,30,30,2,42
E01844,2023-10-03,,,,PL,Krakow,HR,L1,F,28,Permanent,Hybrid,1.0,20700,21000,0.986,32,32,3,48
E01845,2016-03-09,,,,ES,Barcelona,Tech,L2,F,50,Fixed-term,Remote,1.0,45700,39100,1.169,123,123,3,66
E01846,2026-01-20,,,,DE,Munich,Tech,L1,M,27,Fixed-term,Remote,0.8,47750,47500,1.005,5,5,3,62
E01847,2023-03-02,,,,DE,Munich,Operations,L4,F,20,Permanent,Hybrid,1.0,71250,75800,0.94,39,39,3,58
E01848,2024-07-31,,,,ES,Barcelona,Customer Service,L3,F,35,Permanent,Onsite,1.0,37350,36000,1.038,23,11,2,69
E01849,2022-12-10,,,,DE,Munich,Customer Service,L2,M,35,Permanent,Hybrid,1.0,37000,42800,0.864,42,23,3,51
E01850,2020-04-19,,,,IT,Milan,Sales,L3,F,38,Permanent,Onsite,1.0,42300,43700,0.968,74,16,3,62
E01851,2023-05-05,,,,PL,Krakow,Sales,L4,M,40,Permanent,Onsite,1.0,54750,46300,1.183,37,37,3,53
E01852,2023-08-11,,,,PL,Krakow,Operations,L2,M,27,Permanent,Hybrid,1.0,23800,24900,0.956,34,34,4,73
E01853,2025-02-19,,,,DE,Munich,HR,L5,M,48,Fixed-term,Hybrid,0.8,106500,110200,0.966,16,16,3,69
E01854,2018-11-06,,,,PL,Krakow,Customer Service,L1,F,24,Fixed-term,Onsite,1.0,18050,18900,0.955,91,91,3,46
E01855,2025-06-09,,,,PL,Krakow,Finance,L3,M,33,Fixed-term,Hybrid,0.8,30750,37000,0.831,12,12,4,51
E01856,2022-09-17,,,,DE,Munich,Tech,L3,M,28,Fixed-term,Onsite,1.0,78700,76000,1.036,45,15,5,57
E01857,2020-07-31,2025-09-14,Voluntary,Career progression,ES,Barcelona,Customer Service,L2,F,37,Fixed-term,Hybrid,1.0,25150,28100,0.895,62,62,3,27
E01858,2013-07-05,,,,PL,Krakow,Finance,L2,F,46,Permanent,Onsite,1.0,30050,28900,1.04,155,28,3,61
E01859,2022-04-20,,,,ES,Barcelona,Sales,L1,F,20,Permanent,Hybrid,1.0,25200,26200,0.962,50,50,3,57
E01860,2021-11-04,,,,PL,Krakow,Operations,L1,M,39,Permanent,Onsite,1.0,24250,20000,1.212,55,55,3,62
E01861,2022-09-08,,,,DE,Munich,Tech,L3,M,36,Permanent,Remote,1.0,72450,76000,0.953,45,2,3,66
E01862,2020-11-24,,,,ES,Barcelona,Tech,L3,M,31,Fixed-term,Hybrid,1.0,54550,50000,1.091,67,67,3,60
E01863,2024-08-04,,,,IT,Milan,Sales,L1,F,32,Permanent,Remote,1.0,25650,27300,0.94,22,22,1,70
E01864,2021-04-02,,,,PL,Krakow,Customer Service,L3,F,27,Permanent,Hybrid,0.8,31650,30200,1.048,62,42,3,44
E01865,2023-09-03,,,,ES,Barcelona,Sales,L1,F,29,Permanent,Remote,1.0,28750,26200,1.097,33,15,5,74
E01866,2026-01-01,,,,DE,Munich,Customer Service,L3,M,42,Permanent,Hybrid,1.0,44350,54700,0.811,5,5,3,58
E01867,2024-05-18,,,,ES,Barcelona,HR,L1,M,32,Permanent,Hybrid,1.0,22800,25000,0.912,25,25,4,72
E01868,2026-03-24,,,,IT,Milan,Operations,L2,M,40,Permanent,Hybrid,1.0,27250,30900,0.882,3,3,2,49
E01869,2026-05-04,,,,PL,Krakow,Operations,L1,F,27,Fixed-term,Hybrid,1.0,17300,20000,0.865,1,1,5,63
E01870,2025-02-14,,,,PL,Krakow,Sales,L1,M,38,Fixed-term,Hybrid,1.0,20350,22000,0.925,16,16,3,73
E01871,2026-05-26,,,,PL,Krakow,Customer Service,L2,F,36,Fixed-term,Hybrid,1.0,22000,23600,0.932,1,1,3,57
E01872,2025-12-11,,,,DE,Munich,Sales,L6,M,35,Fixed-term,Hybrid,1.0,131950,159600,0.827,6,6,4,47
E01873,2017-11-14,,,,DE,Munich,HR,L2,M,39,Fixed-term,Hybrid,1.0,39950,47500,0.841,103,27,2,54
E01874,2026-03-07,,,,PL,Krakow,Tech,L3,M,20,Fixed-term,Onsite,1.0,42000,42000,1.0,3,3,3,56
E01875,2022-04-17,,,,DE,Munich,Customer Service,L1,F,39,Permanent,Onsite,1.0,29900,34200,0.874,50,17,3,55
E01876,2022-05-31,,,,PL,Krakow,Sales,L2,F,33,Permanent,Hybrid,1.0,29800,27600,1.08,49,49,2,60
E01877,2026-01-13,,,,IT,Milan,Operations,L2,F,41,Permanent,Hybrid,1.0,28950,30900,0.937,5,5,3,65
E01878,2026-01-15,2026-04-22,Involuntary,Restructuring,IT,Milan,Operations,L2,M,30,Permanent,Onsite,1.0,25900,30900,0.838,3,3,3,42
E01879,2021-08-03,,,,IT,Milan,HR,L1,M,43,Permanent,Onsite,1.0,26900,26000,1.035,58,46,5,54
E01880,2016-05-30,,,,PL,Krakow,Tech,L2,F,57,Permanent,Hybrid,1.0,32800,32800,1.0,121,121,5,72
E01881,2023-06-01,,,,PL,Krakow,HR,L2,M,32,Permanent,Onsite,1.0,27100,26200,1.034,36,36,2,58
E01882,2025-02-12,2025-08-01,Voluntary,Manager / leadership,IT,Milan,Sales,L1,F,27,Fixed-term,Onsite,1.0,24650,27300,0.903,6,0,3,44
E01883,2018-12-18,,,,PL,Krakow,Customer Service,L2,M,40,Permanent,Hybrid,1.0,28150,23600,1.193,90,90,3,66
E01884,2025-03-11,2026-01-26,Voluntary,Better external offer,IT,Milan,Operations,L5,F,35,Permanent,Hybrid,1.0,65250,71600,0.911,10,10,4,61
E01885,2018-07-15,,,,DE,Munich,Customer Service,L3,F,49,Permanent,Hybrid,1.0,53750,54700,0.983,95,95,3,47
E01886,2022-11-30,,,,IT,Milan,Operations,L1,F,37,Permanent,Onsite,1.0,25000,24700,1.012,43,12,4,76
E01887,2017-01-06,,,,DE,Munich,Customer Service,L3,F,43,Permanent,Hybrid,1.0,57500,54700,1.051,113,10,4,79
E01888,2024-05-17,,,,PL,Krakow,Sales,L2,M,32,Permanent,Onsite,1.0,26150,27600,0.947,25,14,2,68
E01889,2019-08-31,,,,IT,Milan,Customer Service,L4,M,37,Permanent,Onsite,1.0,53150,49100,1.082,82,22,3,57
E01890,2017-03-01,2025-10-13,Voluntary,Compensation,ES,Barcelona,Customer Service,L2,F,45,Permanent,Remote,1.0,25550,28100,0.909,103,12,3,62
E01891,2024-02-23,,,,IT,Milan,Customer Service,L3,F,33,Permanent,Hybrid,1.0,36600,37400,0.979,28,20,2,66
E01892,2021-08-24,,,,ES,Barcelona,Operations,L2,F,36,Permanent,Remote,0.8,32700,29700,1.101,58,17,3,83
E01893,2023-12-08,,,,IT,Milan,Customer Service,L4,F,34,Permanent,Hybrid,1.0,51750,49100,1.054,30,16,5,59
E01894,2024-09-20,2025-08-16,Voluntary,Career progression,PL,Krakow,Customer Service,L1,F,40,Permanent,Hybrid,1.0,16000,18900,0.847,11,11,2,54
E01895,2022-05-16,,,,DE,Munich,HR,L3,F,32,Permanent,Hybrid,1.0,64300,60800,1.058,49,14,2,62
E01896,2021-12-22,,,,PL,Krakow,Customer Service,L5,F,43,Fixed-term,Hybrid,1.0,48950,54800,0.893,54,30,3,30
E01897,2019-06-07,,,,DE,Munich,Operations,L1,F,48,Permanent,Remote,1.0,39950,36100,1.107,84,21,2,78
E01898,2024-07-03,,,,DE,Munich,Customer Service,L1,M,23,Permanent,Hybrid,1.0,33650,34200,0.984,23,23,1,78
E01899,2022-06-10,,,,DE,Munich,Customer Service,L2,M,38,Permanent,Hybrid,1.0,42600,42800,0.995,48,35,3,52
E01900,2022-07-06,,,,PL,Krakow,Customer Service,L5,F,42,Fixed-term,Onsite,0.8,59000,54800,1.077,47,22,2,62
E01901,2025-07-08,2026-02-20,Voluntary,Compensation,PL,Krakow,Operations,L3,F,34,Permanent,Hybrid,1.0,27100,31900,0.85,7,7,4,70
E01902,2026-04-05,,,,PL,Krakow,Customer Service,L5,F,23,Fixed-term,Hybrid,1.0,49000,54800,0.894,2,2,4,63
E01903,2015-11-22,,,,IT,Milan,Customer Service,L2,F,35,Permanent,Onsite,0.8,33900,29200,1.161,127,40,3,41
E01904,2024-04-16,,,,IT,Milan,Tech,L1,M,22,Fixed-term,Hybrid,1.0,33850,32500,1.042,26,18,3,80
E01905,2026-02-18,,,,PL,Krakow,Operations,L1,F,41,Permanent,Hybrid,1.0,16650,20000,0.833,4,4,3,61
E01906,2018-11-01,,,,PL,Krakow,Operations,L4,M,55,Permanent,Hybrid,1.0,43800,41900,1.045,91,91,1,67
E01907,2022-04-30,,,,DE,Munich,Operations,L4,F,34,Permanent,Hybrid,1.0,75150,75800,0.991,50,19,4,86
E01908,2023-10-24,2026-02-06,Voluntary,Career progression,IT,Milan,Customer Service,L2,F,46,Fixed-term,Onsite,1.0,30550,29200,1.046,28,28,3,43
E01909,2022-04-18,,,,ES,Barcelona,Customer Service,L2,F,48,Permanent,Onsite,1.0,24350,28100,0.867,50,28,4,52
E01910,2023-08-21,,,,ES,Barcelona,Tech,L4,M,45,Permanent,Onsite,1.0,65300,65600,0.995,34,7,3,59
E01911,2025-05-17,,,,ES,Barcelona,Customer Service,L1,F,30,Fixed-term,Remote,1.0,23000,22500,1.022,13,13,3,55
E01912,2025-05-14,,,,DE,Munich,Tech,L6,M,32,Fixed-term,Onsite,1.0,183300,190000,0.965,13,13,3,52
E01913,2023-02-25,2025-12-02,Voluntary,Career progression,DE,Munich,Customer Service,L2,M,42,Permanent,Remote,1.0,35000,42800,0.818,34,34,5,36
E01914,2025-10-30,,,,PL,Krakow,Finance,L6,M,26,Permanent,Onsite,1.0,96150,92400,1.041,8,8,2,75
E01915,2019-02-14,,,,IT,Milan,Tech,L4,M,46,Permanent,Remote,1.0,78450,68200,1.15,88,88,4,76
E01916,2023-10-17,,,,DE,Munich,Operations,L3,F,37,Permanent,Remote,0.8,54050,57800,0.935,32,22,1,68
E01917,2025-03-01,,,,PL,Krakow,HR,L1,F,39,Fixed-term,Remote,1.0,17050,21000,0.812,15,9,5,65
E01918,2017-11-04,,,,DE,Munich,Finance,L4,F,57,Permanent,Onsite,1.0,79850,87800,0.909,103,31,3,49
E01919,2026-04-15,,,,PL,Krakow,Customer Service,L2,F,28,Fixed-term,Onsite,1.0,21700,23600,0.919,2,2,3,56
E01920,2023-04-24,,,,IT,Milan,Tech,L1,M,41,Permanent,Onsite,1.0,28250,32500,0.869,38,38,3,35
E01921,2025-02-12,,,,DE,Munich,Customer Service,L3,M,31,Permanent,Hybrid,1.0,51450,54700,0.941,16,13,3,67
E01922,2020-06-13,,,,DE,Munich,Tech,L4,M,29,Permanent,Hybrid,1.0,103600,99800,1.038,72,42,4,59
E01923,2023-10-10,,,,PL,Krakow,Operations,L3,F,42,Permanent,Hybrid,1.0,34400,31900,1.078,32,32,3,63
E01924,2025-11-22,,,,PL,Krakow,Customer Service,L2,F,31,Permanent,Onsite,1.0,23350,23600,0.989,7,7,3,60
E01925,2025-12-04,2026-03-01,Voluntary,Compensation,IT,Milan,Operations,L4,F,32,Permanent,Onsite,1.0,43400,51900,0.836,3,3,3,60
E01926,2025-11-24,,,,PL,Krakow,Finance,L1,F,35,Permanent,Hybrid,1.0,21450,23100,0.929,7,7,3,76
E01927,2024-04-13,,,,PL,Krakow,Operations,L2,F,30,Fixed-term,Remote,1.0,24550,24900,0.986,26,9,3,64
E01928,2013-10-06,,,,PL,Krakow,Operations,L2,M,40,Permanent,Remote,1.0,24650,24900,0.99,152,27,2,44
E01929,2021-03-24,2025-11-01,Involuntary,Performance,DE,Munich,Finance,L3,M,40,Fixed-term,Remote,1.0,65950,66900,0.986,56,56,3,52
E01930,2023-10-03,,,,DE,Munich,Tech,L2,F,30,Permanent,Onsite,1.0,58150,59400,0.979,32,29,2,53
E01931,2022-02-09,,,,DE,Munich,Operations,L1,M,39,Permanent,Hybrid,1.0,31050,36100,0.86,52,20,2,64
E01932,2021-10-26,,,,PL,Krakow,Tech,L3,M,38,Permanent,Hybrid,1.0,43000,42000,1.024,56,56,3,69
E01933,2025-10-04,,,,IT,Milan,Tech,L1,F,27,Fixed-term,Hybrid,1.0,28650,32500,0.882,8,8,3,49
E01934,2018-10-06,,,,IT,Milan,Tech,L4,F,39,Permanent,Onsite,1.0,74300,68200,1.089,92,13,4,67
E01935,2025-12-09,,,,PL,Krakow,Finance,L3,F,36,Permanent,Hybrid,1.0,34200,37000,0.924,6,6,3,84
E01936,2024-01-07,,,,IT,Milan,Finance,L2,M,35,Permanent,Remote,1.0,37500,35800,1.047,29,29,3,52
E01937,2022-04-24,2025-09-21,Voluntary,Career progression,IT,Milan,Operations,L2,F,38,Permanent,Hybrid,1.0,29800,30900,0.964,41,41,2,61
E01938,2023-05-15,,,,IT,Milan,Customer Service,L4,M,34,Permanent,Hybrid,1.0,39400,49100,0.802,37,37,3,43
E01939,2019-06-02,,,,DE,Munich,Customer Service,L1,M,55,Permanent,Hybrid,1.0,40650,34200,1.189,84,18,3,55
E01940,2012-07-22,,,,IT,Milan,Sales,L2,M,43,Permanent,Hybrid,1.0,31550,34100,0.925,167,35,3,66
E01941,2020-10-08,,,,IT,Milan,Finance,L3,M,27,Permanent,Onsite,1.0,37000,45800,0.808,68,11,4,53
E01942,2017-12-17,,,,PL,Krakow,Operations,L1,M,37,Fixed-term,Hybrid,1.0,20650,20000,1.032,102,14,1,65
E01943,2024-03-14,,,,IT,Milan,HR,L2,M,36,Permanent,Hybrid,1.0,35800,32500,1.102,27,11,3,71
E01944,2024-08-23,,,,PL,Krakow,Customer Service,L3,M,39,Fixed-term,Onsite,1.0,27700,30200,0.917,22,22,4,45
E01945,2012-07-25,,,,PL,Krakow,Operations,L6,F,58,Permanent,Hybrid,0.8,80200,79800,1.005,167,18,3,80
E01946,2025-05-04,2026-06-04,Voluntary,Manager / leadership,ES,Barcelona,HR,L5,F,33,Permanent,Hybrid,1.0,59550,72500,0.821,13,13,3,50
E01947,2021-11-03,,,,PL,Krakow,Operations,L3,F,31,Permanent,Hybrid,1.0,32700,31900,1.025,55,14,3,70
E01948,2026-02-10,,,,DE,Munich,Customer Service,L3,F,39,Permanent,Hybrid,1.0,56950,54700,1.041,4,4,1,57
E01949,2024-03-20,,,,PL,Krakow,Operations,L1,F,36,Permanent,Onsite,1.0,18950,20000,0.948,27,10,5,83
E01950,2025-01-11,,,,PL,Krakow,Customer Service,L5,M,27,Permanent,Hybrid,1.0,59100,54800,1.078,17,13,3,71
E01951,2025-06-12,,,,PL,Krakow,Sales,L2,F,23,Permanent,Hybrid,1.0,25950,27600,0.94,12,12,4,90
E01952,2017-04-18,,,,IT,Milan,HR,L3,M,43,Permanent,Hybrid,1.0,43050,41600,1.035,110,110,3,72
E01953,2016-09-22,,,,ES,Barcelona,Operations,L1,F,48,Permanent,Hybrid,1.0,24350,23800,1.023,117,117,4,77
E01954,2025-05-08,,,,PL,Krakow,Operations,L5,M,36,Permanent,Remote,1.0,48050,57900,0.83,13,13,3,60
E01955,2013-07-20,,,,IT,Milan,Tech,L2,M,48,Permanent,Hybrid,1.0,43350,40600,1.068,155,15,3,72
E01956,2025-02-16,,,,ES,Barcelona,Operations,L2,M,43,Fixed-term,Remote,1.0,30900,29700,1.04,16,16,3,73
E01957,2025-04-06,,,,IT,Milan,Customer Service,L3,F,27,Fixed-term,Hybrid,1.0,38500,37400,1.029,14,11,2,69
E01958,2025-11-18,,,,PL,Krakow,Finance,L2,F,27,Permanent,Onsite,0.8,24800,28900,0.858,7,7,3,51
E01959,2015-10-10,2025-10-18,Voluntary,Better external offer,IT,Milan,Tech,L6,M,57,Permanent,Hybrid,1.0,120200,130000,0.925,120,120,3,57
E01960,2021-12-19,,,,DE,Munich,Customer Service,L5,F,23,Fixed-term,Onsite,1.0,102650,99200,1.035,54,11,2,57
E01961,2023-08-16,,,,IT,Milan,Tech,L3,M,41,Permanent,Hybrid,1.0,59500,52000,1.144,34,10,3,70
E01962,2025-04-23,2025-11-16,Voluntary,Career progression,ES,Barcelona,Customer Service,L2,F,28,Permanent,Hybrid,1.0,24200,28100,0.861,7,7,3,56
E01963,2018-07-30,,,,IT,Milan,Operations,L4,F,36,Permanent,Hybrid,1.0,47900,51900,0.923,95,41,4,57
E01964,2024-09-04,,,,PL,Krakow,Customer Service,L1,F,31,Permanent,Onsite,1.0,18700,18900,0.989,21,21,3,45
E01965,2025-07-08,,,,ES,Barcelona,Customer Service,L3,F,39,Permanent,Hybrid,1.0,34450,36000,0.957,11,11,3,67
E01966,2023-03-30,2025-11-15,Voluntary,Career progression,IT,Milan,Sales,L2,F,32,Permanent,Hybrid,1.0,24850,34100,0.729,32,19,3,45
E01967,2022-07-07,,,,IT,Milan,Operations,L1,F,43,Permanent,Remote,0.8,25950,24700,1.051,47,13,1,74
E01968,2023-11-18,,,,IT,Milan,Customer Service,L4,M,32,Permanent,Hybrid,1.0,52550,49100,1.07,31,31,3,50
E01969,2025-04-24,2025-12-25,Voluntary,Manager / leadership,DE,Munich,Sales,L2,M,23,Fixed-term,Onsite,0.8,44250,49900,0.887,8,8,4,50
E01970,2022-01-16,,,,DE,Munich,Tech,L2,F,34,Fixed-term,Hybrid,1.0,59050,59400,0.994,53,35,4,73
E01971,2025-01-11,,,,PL,Krakow,Operations,L4,M,36,Fixed-term,Hybrid,1.0,41500,41900,0.99,17,9,4,82
E01972,2025-01-06,,,,IT,Milan,Finance,L3,M,26,Permanent,Remote,1.0,44650,45800,0.975,17,4,4,65
E01973,2022-01-13,,,,IT,Milan,Tech,L2,F,32,Permanent,Onsite,1.0,36150,40600,0.89,53,53,3,39
E01974,2024-07-22,,,,IT,Milan,Finance,L3,M,23,Permanent,Hybrid,1.0,44800,45800,0.978,23,23,3,69
E01975,2025-12-13,,,,PL,Krakow,Tech,L1,F,23,Fixed-term,Hybrid,1.0,25950,26200,0.99,6,6,4,61
E01976,2024-07-24,,,,ES,Barcelona,Tech,L1,F,26,Permanent,Hybrid,1.0,36050,31200,1.155,23,23,4,76
E01977,2025-10-11,,,,IT,Milan,Customer Service,L4,M,29,Permanent,Onsite,1.0,49150,49100,1.001,8,8,4,83
E01978,2025-01-09,,,,IT,Milan,Customer Service,L2,M,29,Fixed-term,Onsite,1.0,32600,29200,1.116,17,7,3,69
E01979,2024-05-20,,,,PL,Krakow,Customer Service,L1,M,41,Permanent,Onsite,1.0,17750,18900,0.939,25,23,2,67
E01980,2022-07-11,,,,ES,Barcelona,Tech,L4,M,39,Permanent,Hybrid,1.0,67650,65600,1.031,47,24,4,83
E01981,2023-12-05,,,,IT,Milan,Tech,L1,F,29,Permanent,Hybrid,1.0,23200,32500,0.714,30,30,3,64
E01982,2024-12-26,,,,PL,Krakow,Tech,L5,M,41,Permanent,Hybrid,1.0,70300,76100,0.924,18,10,3,85
E01983,2020-04-24,,,,IT,Milan,Operations,L2,F,40,Permanent,Hybrid,1.0,29350,30900,0.95,74,74,3,54
E01984,2025-07-02,2026-06-22,Voluntary,Compensation,PL,Krakow,Customer Service,L4,F,34,Fixed-term,Remote,1.0,36900,39700,0.929,11,11,3,53
E01985,2017-06-11,,,,ES,Barcelona,Operations,L1,F,46,Permanent,Hybrid,1.0,27150,23800,1.141,108,108,3,67
E01986,2026-06-01,,,,PL,Krakow,HR,L2,F,26,Fixed-term,Hybrid,1.0,24750,26200,0.945,0,0,4,86
E01987,2023-07-10,2025-09-03,Voluntary,Work-life balance,PL,Krakow,Sales,L2,F,34,Permanent,Hybrid,1.0,24800,27600,0.899,26,6,4,52
E01988,2023-04-18,2026-01-07,Voluntary,Compensation,IT,Milan,Customer Service,L2,F,38,Permanent,Hybrid,1.0,28100,29200,0.962,33,33,3,57
E01989,2020-07-01,,,,DE,Munich,Operations,L2,M,38,Permanent,Remote,1.0,52300,45100,1.16,71,32,3,46
E01990,2023-10-30,,,,IT,Milan,Tech,L1,F,37,Permanent,Hybrid,1.0,33800,32500,1.04,32,8,2,76
E01991,2025-01-31,,,,ES,Barcelona,Operations,L4,F,40,Fixed-term,Hybrid,1.0,47050,49900,0.943,17,17,2,78
E01992,2021-11-20,,,,DE,Munich,HR,L2,M,42,Fixed-term,Hybrid,1.0,45400,47500,0.956,55,24,4,64
E01993,2021-05-13,,,,PL,Krakow,Customer Service,L5,M,29,Permanent,Hybrid,1.0,52800,54800,0.964,61,61,2,64
E01994,2012-07-05,,,,ES,Barcelona,Tech,L3,M,40,Permanent,Onsite,1.0,48000,50000,0.96,167,26,2,45
E01995,2024-10-04,,,,IT,Milan,Customer Service,L3,M,21,Permanent,Hybrid,1.0,39700,37400,1.061,20,13,2,64
E01996,2024-07-23,,,,PL,Krakow,Sales,L2,M,34,Permanent,Hybrid,0.8,29300,27600,1.062,23,23,3,80
E01997,2025-09-10,,,,PL,Krakow,Operations,L1,F,40,Fixed-term,Hybrid,1.0,17700,20000,0.885,9,9,3,51
E01998,2021-07-01,,,,DE,Munich,Customer Service,L1,M,33,Permanent,Hybrid,1.0,36900,34200,1.079,59,59,4,69
E01999,2023-09-04,,,,PL,Krakow,Finance,L1,F,43,Fixed-term,Hybrid,1.0,24350,23100,1.054,33,26,3,64
E02000,2024-12-01,,,,PL,Krakow,Sales,L2,F,34,Permanent,Onsite,0.8,24850,27600,0.9,18,8,4,53
E02001,2020-04-22,,,,PL,Krakow,Customer Service,L2,F,43,Permanent,Remote,1.0,25250,23600,1.07,74,74,3,51
E02002,2024-12-04,,,,PL,Krakow,Sales,L1,F,30,Permanent,Hybrid,1.0,22000,22000,1.0,18,6,4,87
E02003,2023-07-08,,,,IT,Milan,HR,L5,M,24,Fixed-term,Hybrid,1.0,81500,75400,1.081,35,35,3,61
E02004,2021-06-10,,,,ES,Barcelona,Operations,L3,F,38,Permanent,Hybrid,1.0,41800,38000,1.1,60,60,3,58
E02005,2025-01-01,,,,PL,Krakow,Finance,L3,M,29,Fixed-term,Onsite,1.0,31800,37000,0.859,17,9,4,52
E02006,2026-06-10,,,,IT,Milan,Operations,L1,M,37,Permanent,Hybrid,0.8,18050,24700,0.731,0,0,3,56
E02007,2025-12-09,,,,PL,Krakow,Sales,L3,F,38,Permanent,Hybrid,1.0,30100,35300,0.853,6,6,3,58
E02008,2026-01-21,,,,PL,Krakow,Customer Service,L4,F,22,Permanent,Onsite,1.0,33900,39700,0.854,5,5,2,47
E02009,2025-03-26,,,,PL,Krakow,Sales,L3,F,22,Permanent,Onsite,1.0,37000,35300,1.048,15,15,2,66
E02010,2024-03-16,,,,PL,Krakow,HR,L5,M,43,Permanent,Onsite,1.0,64300,60900,1.056,27,27,3,68
E02011,2024-04-11,,,,ES,Barcelona,Finance,L6,M,26,Fixed-term,Hybrid,1.0,105300,110000,0.957,26,7,4,86
E02012,2023-11-18,,,,IT,Milan,Customer Service,L4,M,30,Permanent,Onsite,1.0,49600,49100,1.01,31,15,4,84
E02013,2021-06-18,,,,PL,Krakow,Operations,L2,F,42,Permanent,Hybrid,1.0,24250,24900,0.974,60,60,3,63
E02014,2023-08-07,,,,ES,Barcelona,HR,L1,F,32,Permanent,Hybrid,1.0,25250,25000,1.01,34,22,2,89
E02015,2012-07-26,,,,IT,Milan,Finance,L4,F,47,Permanent,Hybrid,1.0,57450,60100,0.956,167,167,3,65
E02016,2021-11-18,,,,DE,Munich,Operations,L2,F,36,Permanent,Hybrid,1.0,45300,45100,1.004,55,6,4,81
E02017,2019-02-05,,,,IT,Milan,Sales,L1,F,39,Permanent,Hybrid,0.8,30700,27300,1.125,88,88,2,62
E02018,2019-06-22,,,,IT,Milan,HR,L1,M,23,Fixed-term,Onsite,1.0,26550,26000,1.021,84,13,3,65
E02019,2021-01-05,,,,DE,Munich,Customer Service,L3,F,33,Permanent,Onsite,1.0,57350,54700,1.048,65,21,3,61
E02020,2013-01-31,2026-02-21,Voluntary,Better external offer,PL,Krakow,Operations,L2,F,47,Fixed-term,Hybrid,1.0,22650,24900,0.91,157,157,3,56
E02021,2025-10-22,,,,IT,Milan,Customer Service,L3,M,26,Permanent,Onsite,1.0,35450,37400,0.948,8,8,3,71
E02022,2025-01-26,2026-02-14,Involuntary,Performance,PL,Krakow,Customer Service,L3,M,35,Permanent,Onsite,1.0,26150,30200,0.866,13,4,3,49
E02023,2025-06-11,2026-06-20,Voluntary,Personal reasons,PL,Krakow,Customer Service,L2,F,29,Permanent,Hybrid,1.0,23050,23600,0.977,12,12,5,60
E02024,2023-04-26,,,,DE,Munich,Tech,L3,M,32,Permanent,Onsite,1.0,75100,76000,0.988,38,38,4,49
E02025,2021-12-17,,,,PL,Krakow,Sales,L2,F,28,Permanent,Onsite,1.0,29100,27600,1.054,54,6,4,62
E02026,2025-06-22,,,,DE,Munich,Sales,L2,F,25,Permanent,Onsite,1.0,54050,49900,1.083,12,12,3,73
E02027,2024-05-15,,,,PL,Krakow,Customer Service,L3,M,39,Permanent,Hybrid,1.0,30500,30200,1.01,25,20,4,64
E02028,2024-03-13,,,,ES,Barcelona,Customer Service,L3,M,25,Permanent,Hybrid,1.0,39350,36000,1.093,27,27,3,73
E02029,2026-05-27,,,,PL,Krakow,Operations,L1,M,31,Permanent,Hybrid,1.0,15050,20000,0.752,1,1,3,51
E02030,2012-07-13,2025-10-23,Voluntary,Compensation,PL,Krakow,Sales,L1,M,50,Fixed-term,Onsite,1.0,20850,22000,0.948,159,159,3,53
E02031,2023-05-26,,,,DE,Munich,Operations,L6,F,42,Permanent,Hybrid,0.8,152750,144400,1.058,37,37,1,64
E02032,2020-09-30,,,,IT,Milan,Customer Service,L1,F,39,Permanent,Remote,1.0,24750,23400,1.058,69,69,3,53
E02033,2024-12-24,,,,ES,Barcelona,Sales,L3,M,36,Permanent,Onsite,1.0,36600,42000,0.871,18,18,2,52
E02034,2025-01-20,2026-05-04,Voluntary,Work-life balance,IT,Milan,Customer Service,L1,M,32,Fixed-term,Onsite,1.0,26400,23400,1.128,16,16,5,67
E02035,2022-08-25,,,,PL,Krakow,Finance,L1,F,23,Permanent,Onsite,1.0,22250,23100,0.963,46,13,4,83
E02036,2022-08-25,,,,PL,Krakow,Operations,L4,F,33,Fixed-term,Hybrid,1.0,40800,41900,0.974,46,46,4,77
E02037,2025-01-05,,,,DE,Munich,Operations,L1,F,29,Fixed-term,Onsite,0.8,35700,36100,0.989,17,8,3,60
E02038,2024-03-09,,,,PL,Krakow,Operations,L2,M,31,Permanent,Remote,1.0,25100,24900,1.008,27,27,3,62
E02039,2021-11-20,,,,PL,Krakow,Operations,L1,F,29,Fixed-term,Hybrid,1.0,18400,20000,0.92,55,55,5,64
E02040,2022-08-12,,,,IT,Milan,Operations,L3,F,22,Permanent,Remote,1.0,41400,39500,1.048,46,46,4,68
E02041,2025-01-14,,,,PL,Krakow,Finance,L1,M,36,Permanent,Hybrid,1.0,21750,23100,0.942,17,10,3,70
E02042,2021-10-19,,,,DE,Munich,Operations,L6,M,40,Permanent,Remote,1.0,150550,144400,1.043,56,10,2,59
E02043,2025-03-01,,,,IT,Milan,Finance,L1,F,39,Fixed-term,Hybrid,1.0,28000,28600,0.979,15,7,4,73
E02044,2023-11-06,,,,PL,Krakow,Sales,L1,F,35,Permanent,Hybrid,1.0,25150,22000,1.143,31,31,3,61
E02045,2026-05-27,,,,ES,Barcelona,Operations,L2,F,31,Fixed-term,Hybrid,1.0,28650,29700,0.965,1,1,3,66
E02046,2026-03-16,,,,IT,Milan,Tech,L4,F,30,Permanent,Onsite,1.0,63050,68200,0.924,3,3,3,58
E02047,2025-06-19,,,,IT,Milan,Finance,L1,F,27,Permanent,Hybrid,1.0,27450,28600,0.96,12,12,5,80
E02048,2022-02-21,,,,IT,Milan,Tech,L2,M,23,Fixed-term,Onsite,1.0,41450,40600,1.021,52,12,3,62
E02049,2023-10-17,2025-09-21,Voluntary,Compensation,PL,Krakow,Customer Service,L2,F,48,Permanent,Onsite,1.0,20900,23600,0.886,23,23,3,38
E02050,2025-01-08,,,,IT,Milan,Customer Service,L2,F,28,Permanent,Hybrid,1.0,25900,29200,0.887,17,11,3,49
E02051,2023-05-10,,,,DE,Munich,Operations,L2,F,36,Permanent,Hybrid,1.0,44850,45100,0.994,37,25,4,67
E02052,2022-10-21,,,,PL,Krakow,Operations,L2,M,33,Permanent,Remote,1.0,27700,24900,1.112,44,44,2,62
E02053,2018-08-31,,,,IT,Milan,Sales,L1,F,45,Permanent,Hybrid,1.0,23750,27300,0.87,94,94,2,38
E02054,2025-11-21,2025-12-10,Voluntary,Manager / leadership,DE,Munich,Finance,L3,F,20,Fixed-term,Remote,1.0,66000,66900,0.987,1,1,3,71
E02055,2015-12-18,,,,PL,Krakow,Operations,L3,M,43,Permanent,Hybrid,1.0,31600,31900,0.991,126,6,4,63
E02056,2024-09-02,,,,DE,Munich,Customer Service,L2,F,27,Permanent,Onsite,1.0,39550,42800,0.924,21,21,4,81
E02057,2023-09-14,,,,IT,Milan,HR,L2,M,40,Fixed-term,Hybrid,1.0,38550,32500,1.186,33,33,2,56
E02058,2020-01-24,,,,PL,Krakow,Customer Service,L2,F,41,Permanent,Onsite,1.0,22400,23600,0.949,77,77,2,52
E02059,2025-05-07,2025-07-09,Involuntary,Conduct,ES,Barcelona,Customer Service,L2,F,34,Fixed-term,Hybrid,1.0,23550,28100,0.838,2,2,3,49
E02060,2023-06-25,,,,DE,Munich,Tech,L1,M,28,Permanent,Hybrid,1.0,48650,47500,1.024,36,5,3,71
E02061,2025-09-04,,,,PL,Krakow,Operations,L1,M,34,Fixed-term,Onsite,1.0,19250,20000,0.963,9,9,2,57
E02062,2021-07-23,2026-04-27,Involuntary,Restructuring,PL,Krakow,Customer Service,L1,M,31,Permanent,Onsite,1.0,19650,18900,1.04,57,57,3,50
E02063,2022-10-06,,,,ES,Barcelona,HR,L3,F,33,Permanent,Onsite,1.0,39300,40000,0.983,44,4,3,68
E02064,2023-06-09,,,,IT,Milan,Tech,L3,M,36,Permanent,Remote,1.0,54900,52000,1.056,36,17,2,62
E02065,2023-01-08,,,,IT,Milan,Customer Service,L2,F,27,Permanent,Hybrid,1.0,28650,29200,0.981,41,41,4,60
E02066,2024-12-12,,,,IT,Milan,Operations,L3,M,39,Permanent,Onsite,1.0,36450,39500,0.923,18,11,4,75
E02067,2026-03-03,,,,IT,Milan,Customer Service,L4,M,33,Fixed-term,Onsite,1.0,49550,49100,1.009,3,3,4,55
E02068,2026-02-11,,,,IT,Milan,Operations,L3,M,29,Permanent,Remote,1.0,32550,39500,0.824,4,4,3,51
E02069,2025-02-19,,,,IT,Milan,Customer Service,L2,F,32,Permanent,Onsite,1.0,29650,29200,1.015,16,11,4,73
E02070,2018-11-15,,,,ES,Barcelona,Customer Service,L2,M,46,Permanent,Onsite,1.0,28750,28100,1.023,91,14,3,64
E02071,2025-03-21,,,,PL,Krakow,Finance,L2,M,29,Fixed-term,Onsite,1.0,28800,28900,0.997,15,11,3,67
E02072,2024-03-03,,,,DE,Munich,HR,L2,F,40,Permanent,Hybrid,1.0,48050,47500,1.012,27,21,3,63
E02073,2022-01-09,,,,IT,Milan,Finance,L1,M,27,Permanent,Remote,1.0,25550,28600,0.893,53,33,4,48
E02074,2023-07-10,,,,PL,Krakow,Customer Service,L3,M,36,Permanent,Hybrid,1.0,33500,30200,1.109,35,35,3,83
E02075,2024-12-05,,,,PL,Krakow,HR,L1,F,47,Permanent,Onsite,1.0,22050,21000,1.05,18,18,4,62
E02076,2022-08-11,2026-01-26,Voluntary,Compensation,PL,Krakow,Finance,L1,F,26,Permanent,Onsite,1.0,23150,23100,1.002,41,11,3,70
E02077,2024-12-15,,,,IT,Milan,Operations,L2,F,29,Permanent,Hybrid,0.8,27150,30900,0.879,18,16,2,55
E02078,2025-08-02,,,,DE,Munich,Customer Service,L2,F,20,Fixed-term,Onsite,1.0,44000,42800,1.028,10,10,2,73
E02079,2025-07-23,,,,PL,Krakow,Tech,L2,M,37,Permanent,Hybrid,1.0,31000,32800,0.945,11,11,2,56
E02080,2012-07-11,,,,IT,Milan,Operations,L3,M,55,Permanent,Remote,1.0,35200,39500,0.891,167,14,3,39
E02081,2022-08-24,,,,PL,Krakow,HR,L3,F,36,Permanent,Hybrid,1.0,30950,33600,0.921,46,46,4,69
E02082,2015-10-09,,,,IT,Milan,Customer Service,L5,F,45,Permanent,Hybrid,1.0,65050,67900,0.958,128,128,3,55
E02083,2025-12-23,,,,ES,Barcelona,Tech,L3,M,48,Permanent,Onsite,1.0,46850,50000,0.937,6,6,3,60
E02084,2024-05-05,,,,PL,Krakow,Customer Service,L4,F,33,Permanent,Hybrid,1.0,40050,39700,1.009,25,25,3,54
E02085,2024-04-11,,,,PL,Krakow,Operations,L4,F,43,Fixed-term,Hybrid,1.0,41450,41900,0.989,26,26,3,74
E02086,2017-12-30,,,,DE,Munich,Operations,L3,F,48,Permanent,Hybrid,1.0,54300,57800,0.939,102,28,4,59
E02087,2022-12-20,2025-08-09,Voluntary,Compensation,ES,Barcelona,Customer Service,L1,F,49,Fixed-term,Hybrid,1.0,25200,22500,1.12,32,32,3,52
E02088,2025-11-15,2026-05-11,Voluntary,Relocation,IT,Milan,Tech,L1,M,23,Fixed-term,Hybrid,1.0,32000,32500,0.985,6,6,4,58
E02089,2025-02-28,,,,IT,Milan,Operations,L2,F,34,Permanent,Remote,1.0,31450,30900,1.018,16,10,3,67
E02090,2023-02-21,,,,IT,Milan,Sales,L2,M,31,Fixed-term,Onsite,1.0,35850,34100,1.051,40,29,3,57
E02091,2021-04-23,,,,PL,Krakow,Operations,L2,F,38,Permanent,Hybrid,1.0,24900,24900,1.0,62,25,3,56
E02092,2022-08-18,2026-06-02,Voluntary,Compensation,IT,Milan,Finance,L4,F,38,Permanent,Hybrid,1.0,62050,60100,1.032,46,17,3,73
E02093,2025-10-08,,,,ES,Barcelona,Sales,L1,M,36,Permanent,Remote,1.0,23900,26200,0.912,8,8,3,57
E02094,2022-11-07,,,,PL,Krakow,Operations,L1,M,33,Permanent,Onsite,1.0,16500,20000,0.825,43,25,4,48
E02095,2026-02-09,,,,IT,Milan,Sales,L3,F,33,Fixed-term,Remote,1.0,34450,43700,0.788,4,4,3,50
E02096,2020-02-22,,,,IT,Milan,Finance,L2,F,34,Permanent,Hybrid,0.8,43400,35800,1.212,76,30,3,50
E02097,2024-07-09,,,,IT,Milan,Customer Service,L1,F,43,Permanent,Remote,1.0,19750,23400,0.844,23,19,5,39
E02098,2023-11-23,,,,IT,Milan,Sales,L3,F,20,Permanent,Onsite,1.0,45900,43700,1.05,31,11,4,62
E02099,2025-11-22,,,,PL,Krakow,Finance,L1,F,22,Fixed-term,Hybrid,1.0,22500,23100,0.974,7,7,3,55
E02100,2026-04-15,,,,IT,Milan,Customer Service,L3,F,31,Fixed-term,Hybrid,1.0,30600,37400,0.818,2,2,3,40
E02101,2025-06-03,2025-08-04,Voluntary,Compensation,PL,Krakow,Sales,L1,F,50,Permanent,Hybrid,1.0,17300,22000,0.786,2,2,3,47
E02102,2023-10-23,,,,DE,Munich,HR,L2,F,24,Permanent,Hybrid,1.0,52200,47500,1.099,32,16,3,61
E02103,2017-04-04,,,,DE,Munich,Operations,L2,M,32,Permanent,Hybrid,1.0,44050,45100,0.977,110,25,4,62
E02104,2024-09-02,,,,IT,Milan,Operations,L1,F,26,Permanent,Hybrid,1.0,22150,24700,0.897,21,21,5,46
E02105,2019-07-30,,,,IT,Milan,Finance,L4,M,32,Fixed-term,Hybrid,1.0,62500,60100,1.04,83,18,4,81
E02106,2024-12-26,,,,IT,Milan,Operations,L3,M,31,Permanent,Hybrid,1.0,34350,39500,0.87,18,14,2,55
E02107,2024-06-22,,,,ES,Barcelona,Finance,L3,M,21,Permanent,Onsite,1.0,44950,44000,1.022,24,24,3,68
E02108,2026-06-16,,,,IT,Milan,Sales,L4,F,26,Permanent,Hybrid,1.0,42050,57300,0.734,0,0,4,65
E02109,2021-04-23,2025-12-10,Voluntary,Work-life balance,ES,Barcelona,Customer Service,L2,F,27,Permanent,Hybrid,1.0,28950,28100,1.03,56,21,3,53
E02110,2022-02-06,,,,ES,Barcelona,Operations,L2,F,28,Permanent,Remote,1.0,32600,29700,1.098,52,12,4,59
E02111,2023-07-16,,,,PL,Krakow,Tech,L3,M,33,Permanent,Hybrid,1.0,48800,42000,1.162,35,21,3,68
E02112,2025-03-13,,,,DE,Munich,Customer Service,L6,M,32,Permanent,Remote,1.0,119700,136800,0.875,15,11,4,54
E02113,2025-05-19,2026-03-23,Voluntary,Compensation,PL,Krakow,Sales,L3,F,35,Permanent,Remote,1.0,30450,35300,0.863,10,10,3,47
E02114,2025-06-12,2025-11-14,Voluntary,Compensation,PL,Krakow,Tech,L1,F,23,Permanent,Remote,1.0,22100,26200,0.844,5,5,5,48
E02115,2020-04-30,,,,PL,Krakow,Sales,L2,M,32,Permanent,Hybrid,0.8,27250,27600,0.987,74,74,3,67
E02116,2025-10-24,,,,IT,Milan,Customer Service,L2,F,42,Permanent,Onsite,1.0,27750,29200,0.95,8,8,1,63
E02117,2025-11-26,,,,ES,Barcelona,Operations,L2,F,25,Permanent,Hybrid,1.0,23050,29700,0.776,7,7,3,48
E02118,2024-01-01,,,,IT,Milan,HR,L1,F,32,Permanent,Remote,1.0,31000,26000,1.192,29,29,4,66
E02119,2025-09-23,2025-12-09,Voluntary,Work-life balance,PL,Krakow,Customer Service,L4,M,32,Fixed-term,Hybrid,0.8,35000,39700,0.882,3,3,3,53
E02120,2019-06-24,,,,ES,Barcelona,Customer Service,L4,M,55,Permanent,Hybrid,1.0,44100,47200,0.934,84,84,3,39
E02121,2018-03-14,,,,PL,Krakow,Tech,L2,M,41,Permanent,Hybrid,1.0,32900,32800,1.003,99,34,4,61
E02122,2021-09-09,2026-05-17,Voluntary,Manager / leadership,IT,Milan,HR,L4,M,35,Permanent,Hybrid,1.0,46600,54600,0.853,56,56,5,36
E02123,2024-03-23,2026-06-12,Voluntary,Work-life balance,IT,Milan,Tech,L3,F,25,Permanent,Hybrid,1.0,42600,52000,0.819,27,27,3,39
E02124,2014-11-11,,,,ES,Barcelona,Customer Service,L3,F,48,Permanent,Onsite,1.0,40350,36000,1.121,139,139,3,69
E02125,2022-03-01,,,,ES,Barcelona,Customer Service,L2,F,38,Permanent,Hybrid,1.0,29200,28100,1.039,51,42,3,46
E02126,2019-03-27,2026-03-16,Voluntary,Career progression,PL,Krakow,Customer Service,L3,F,44,Fixed-term,Onsite,1.0,26250,30200,0.869,84,15,2,37
E02127,2024-05-11,,,,PL,Krakow,Tech,L2,F,22,Permanent,Hybrid,1.0,30100,32800,0.918,25,25,3,40
E02128,2016-09-20,,,,IT,Milan,Customer Service,L2,M,39,Permanent,Hybrid,1.0,34350,29200,1.176,117,117,3,69
E02129,2025-03-15,,,,IT,Milan,Customer Service,L3,M,32,Fixed-term,Hybrid,1.0,39450,37400,1.055,15,12,2,61
E02130,2023-04-21,,,,PL,Krakow,Tech,L4,M,39,Permanent,Hybrid,1.0,51950,55100,0.943,38,38,5,66
E02131,2016-12-11,,,,DE,Munich,Tech,L4,F,42,Permanent,Hybrid,1.0,98250,99800,0.984,114,13,4,74
E02132,2025-05-11,,,,IT,Milan,Operations,L2,M,26,Permanent,Hybrid,0.8,30050,30900,0.972,13,13,5,70
E02133,2024-10-11,,,,PL,Krakow,HR,L2,F,35,Permanent,Hybrid,1.0,23350,26200,0.891,20,6,3,45
E02134,2024-04-13,,,,PL,Krakow,Operations,L5,F,34,Permanent,Hybrid,1.0,51500,57900,0.889,26,26,3,51
E02135,2024-08-14,,,,IT,Milan,Sales,L2,M,35,Fixed-term,Onsite,1.0,32750,34100,0.96,22,8,2,62
E02136,2025-03-10,,,,PL,Krakow,Customer Service,L4,M,41,Fixed-term,Onsite,1.0,40250,39700,1.014,15,15,2,71
E02137,2015-11-06,,,,DE,Munich,Operations,L3,F,49,Permanent,Onsite,1.0,58800,57800,1.017,127,127,2,56
E02138,2024-04-10,,,,ES,Barcelona,Customer Service,L2,F,35,Permanent,Onsite,1.0,25350,28100,0.902,26,20,3,62
E02139,2017-02-12,2025-10-27,Involuntary,End of fixed-term contract,IT,Milan,Customer Service,L5,M,36,Permanent,Hybrid,1.0,68500,67900,1.009,104,6,3,69
E02140,2019-06-16,,,,PL,Krakow,Operations,L4,F,46,Permanent,Onsite,0.8,38800,41900,0.926,84,36,3,43
E02141,2025-01-13,2025-09-11,Voluntary,Compensation,DE,Munich,Finance,L2,F,26,Fixed-term,Onsite,1.0,53800,52300,1.029,8,8,3,73
E02142,2025-08-31,,,,ES,Barcelona,Sales,L2,M,34,Fixed-term,Remote,1.0,28500,32800,0.869,10,10,3,47
E02143,2020-07-23,,,,DE,Munich,Tech,L1,F,29,Permanent,Onsite,1.0,42900,47500,0.903,71,17,3,45
E02144,2025-04-14,,,,DE,Munich,HR,L2,M,21,Fixed-term,Remote,1.0,42150,47500,0.887,14,14,3,32
E02145,2026-01-07,2026-03-23,Voluntary,Work-life balance,PL,Krakow,Operations,L1,M,33,Fixed-term,Hybrid,1.0,16900,20000,0.845,2,2,4,40
E02146,2025-05-12,,,,DE,Munich,Customer Service,L2,F,26,Fixed-term,Hybrid,1.0,40800,42800,0.953,13,13,3,70
E02147,2021-01-24,,,,IT,Milan,Operations,L1,M,35,Permanent,Onsite,1.0,28400,24700,1.15,65,36,3,38
E02148,2022-01-10,,,,PL,Krakow,Operations,L3,M,26,Permanent,Hybrid,1.0,35200,31900,1.103,53,53,3,73
E02149,2024-07-05,,,,ES,Barcelona,Operations,L4,M,29,Permanent,Hybrid,1.0,51550,49900,1.033,23,4,4,82
E02150,2025-09-22,2026-04-13,Voluntary,Better external offer,IT,Milan,Tech,L4,M,30,Fixed-term,Hybrid,1.0,67950,68200,0.996,7,7,3,73
E02151,2017-07-27,,,,PL,Krakow,Customer Service,L2,F,48,Permanent,Hybrid,1.0,22850,23600,0.968,107,107,3,65
E02152,2024-05-24,,,,PL,Krakow,Operations,L5,M,33,Permanent,Onsite,0.8,67300,57900,1.162,25,20,3,62
E02153,2022-07-17,,,,IT,Milan,Operations,L4,M,21,Permanent,Onsite,1.0,46450,51900,0.895,47,47,3,43
E02154,2025-10-02,2026-06-08,Voluntary,Personal reasons,PL,Krakow,Customer Service,L1,F,31,Permanent,Hybrid,1.0,14750,18900,0.78,8,8,1,45
E02155,2024-06-08,,,,IT,Milan,Operations,L2,F,25,Permanent,Hybrid,1.0,34350,30900,1.112,24,11,3,72
E02156,2023-02-19,,,,IT,Milan,Operations,L2,M,29,Permanent,Hybrid,1.0,30400,30900,0.984,40,40,3,49
E02157,2025-07-04,,,,ES,Barcelona,Customer Service,L3,F,33,Permanent,Hybrid,1.0,36000,36000,1.0,11,11,3,81
E02158,2019-01-25,,,,ES,Barcelona,Tech,L2,M,39,Permanent,Onsite,0.8,41750,39100,1.068,89,15,3,59
E02159,2023-06-14,,,,DE,Munich,Finance,L3,M,37,Permanent,Onsite,1.0,66650,66900,0.996,36,36,3,55
E02160,2025-12-13,,,,IT,Milan,Finance,L5,M,38,Permanent,Onsite,1.0,75100,82900,0.906,6,6,3,43
E02161,2012-07-07,,,,IT,Milan,Customer Service,L2,F,47,Permanent,Hybrid,1.0,28150,29200,0.964,167,20,2,55
E02162,2016-05-11,,,,PL,Krakow,HR,L4,M,45,Permanent,Onsite,1.0,47200,44100,1.07,121,121,4,60
E02163,2024-06-01,,,,PL,Krakow,HR,L1,F,33,Permanent,Hybrid,1.0,20000,21000,0.952,24,24,3,64
E02164,2025-08-12,,,,IT,Milan,Operations,L3,M,30,Fixed-term,Onsite,1.0,46900,39500,1.187,10,10,4,75
E02165,2024-08-05,2026-04-27,Voluntary,Career progression,PL,Krakow,Customer Service,L3,F,38,Permanent,Remote,1.0,26950,30200,0.892,20,8,2,51
E02166,2019-07-30,,,,PL,Krakow,Tech,L1,F,40,Permanent,Hybrid,1.0,26900,26200,1.027,83,83,3,63
E02167,2016-05-11,,,,PL,Krakow,Customer Service,L1,F,46,Permanent,Remote,1.0,17300,18900,0.915,121,26,4,36
E02168,2022-09-04,,,,ES,Barcelona,Operations,L1,M,31,Permanent,Hybrid,1.0,25350,23800,1.065,45,45,3,70
E02169,2025-11-03,,,,ES,Barcelona,Sales,L1,F,39,Permanent,Hybrid,1.0,25550,26200,0.975,7,7,4,61
E02170,2021-12-18,,,,DE,Munich,Sales,L2,F,43,Permanent,Hybrid,1.0,49800,49900,0.998,54,54,3,76
E02171,2025-01-30,,,,ES,Barcelona,Sales,L4,M,33,Permanent,Hybrid,1.0,58000,55100,1.053,17,3,2,79
E02172,2024-11-16,,,,ES,Barcelona,Operations,L3,F,35,Permanent,Onsite,1.0,38750,38000,1.02,19,16,2,67
E02173,2019-01-06,,,,DE,Munich,Customer Service,L2,F,45,Permanent,Remote,1.0,38100,42800,0.89,89,8,3,36
E02174,2020-05-18,,,,PL,Krakow,Finance,L2,F,47,Permanent,Hybrid,1.0,29500,28900,1.021,73,14,3,74
E02175,2019-05-20,,,,PL,Krakow,HR,L1,F,49,Permanent,Onsite,1.0,24400,21000,1.162,85,29,4,46
E02176,2025-12-31,,,,DE,Munich,Customer Service,L1,F,33,Permanent,Onsite,1.0,26800,34200,0.784,6,6,3,46
E02177,2023-09-10,,,,PL,Krakow,Tech,L1,M,22,Permanent,Hybrid,1.0,26500,26200,1.011,33,19,2,81
E02178,2017-03-18,,,,ES,Barcelona,Customer Service,L3,F,31,Fixed-term,Hybrid,1.0,33500,36000,0.931,111,111,4,54
E02179,2025-04-25,,,,IT,Milan,Customer Service,L1,M,24,Permanent,Onsite,1.0,20250,23400,0.865,14,14,2,51
E02180,2023-04-04,,,,IT,Milan,Tech,L4,F,39,Permanent,Onsite,1.0,70200,68200,1.029,38,18,5,65
E02181,2024-12-14,,,,IT,Milan,Tech,L2,F,42,Permanent,Onsite,1.0,41200,40600,1.015,18,9,3,85
E02182,2024-12-26,,,,IT,Milan,Finance,L2,M,29,Permanent,Hybrid,1.0,34100,35800,0.953,18,14,5,75
E02183,2025-07-18,,,,PL,Krakow,Customer Service,L3,F,37,Fixed-term,Onsite,0.8,28050,30200,0.929,11,11,3,64
E02184,2012-07-10,,,,PL,Krakow,Customer Service,L4,M,49,Fixed-term,Onsite,1.0,37950,39700,0.956,167,167,3,75
E02185,2026-01-31,2026-04-04,Voluntary,Career progression,IT,Milan,Operations,L4,F,39,Fixed-term,Hybrid,1.0,45950,51900,0.885,3,3,2,48
E02186,2022-11-16,,,,DE,Munich,Customer Service,L3,M,30,Permanent,Onsite,1.0,55900,54700,1.022,43,43,4,52
E02187,2024-02-10,,,,DE,Munich,HR,L2,F,36,Permanent,Onsite,0.8,51450,47500,1.083,28,25,4,83
E02188,2025-11-13,,,,PL,Krakow,Sales,L1,F,28,Permanent,Hybrid,1.0,22700,22000,1.032,7,7,2,57
E02189,2024-11-02,,,,PL,Krakow,Finance,L3,M,20,Permanent,Remote,1.0,38000,37000,1.027,19,13,3,78
E02190,2026-02-22,,,,IT,Milan,HR,L2,M,32,Fixed-term,Remote,1.0,33400,32500,1.028,4,4,3,70
E02191,2025-02-28,,,,IT,Milan,Sales,L4,M,29,Permanent,Hybrid,1.0,58150,57300,1.015,16,16,4,75
E02192,2018-01-11,,,,DE,Munich,Sales,L5,M,36,Permanent,Hybrid,1.0,117000,115700,1.011,101,101,3,68
E02193,2024-12-11,,,,DE,Munich,Operations,L1,F,36,Permanent,Hybrid,1.0,34900,36100,0.967,18,13,4,93
E02194,2014-12-02,,,,DE,Munich,Sales,L4,M,44,Permanent,Hybrid,1.0,82800,83800,0.988,138,29,4,60
E02195,2025-01-03,,,,PL,Krakow,Customer Service,L2,F,29,Fixed-term,Hybrid,1.0,22350,23600,0.947,17,14,3,68
E02196,2022-01-06,,,,DE,Munich,HR,L4,F,31,Permanent,Remote,1.0,74250,79800,0.93,53,19,3,62
E02197,2026-04-25,,,,DE,Munich,Customer Service,L4,F,37,Fixed-term,Onsite,1.0,70900,71800,0.987,2,2,3,72
E02198,2023-05-01,,,,IT,Milan,Customer Service,L3,M,28,Permanent,Hybrid,0.8,37600,37400,1.005,37,6,3,61
E02199,2022-10-26,,,,IT,Milan,Tech,L3,M,35,Permanent,Onsite,1.0,60400,52000,1.162,44,22,3,58
E02200,2020-03-25,,,,PL,Krakow,Sales,L1,M,30,Permanent,Remote,1.0,23050,22000,1.048,75,14,1,65
E02201,2021-09-17,,,,PL,Krakow,Tech,L2,M,29,Permanent,Onsite,1.0,29750,32800,0.907,57,24,3,52
E02202,2023-01-04,,,,PL,Krakow,Customer Service,L5,M,24,Permanent,Hybrid,1.0,59400,54800,1.084,41,41,4,45
E02203,2018-06-15,,,,ES,Barcelona,Operations,L3,M,56,Permanent,Hybrid,1.0,39050,38000,1.028,96,96,4,74
E02204,2020-11-05,,,,ES,Barcelona,Operations,L1,M,39,Permanent,Hybrid,1.0,25400,23800,1.067,67,67,3,52
E02205,2021-11-07,,,,DE,Munich,Operations,L2,M,30,Permanent,Hybrid,1.0,48800,45100,1.082,55,55,3,64
E02206,2025-09-04,,,,IT,Milan,Sales,L3,F,20,Fixed-term,Hybrid,1.0,35800,43700,0.819,9,9,2,49
E02207,2014-12-07,,,,ES,Barcelona,Tech,L6,F,60,Permanent,Onsite,1.0,115200,125000,0.922,138,138,3,47
E02208,2020-12-14,,,,DE,Munich,Sales,L1,F,34,Permanent,Hybrid,1.0,40950,39900,1.026,66,33,2,60
E02209,2026-05-10,,,,IT,Milan,Finance,L1,M,34,Fixed-term,Hybrid,1.0,24650,28600,0.862,1,1,3,55
E02210,2025-12-05,2026-05-07,Involuntary,Conduct,DE,Munich,Customer Service,L1,M,25,Permanent,Onsite,1.0,29900,34200,0.874,5,5,2,34
E02211,2012-07-17,,,,IT,Milan,Finance,L1,F,57,Permanent,Hybrid,1.0,28450,28600,0.995,167,10,4,71
E02212,2024-04-18,,,,IT,Milan,Customer Service,L6,M,40,Permanent,Onsite,1.0,88300,93600,0.943,26,18,4,68
E02213,2026-01-05,,,,ES,Barcelona,Operations,L3,F,26,Permanent,Hybrid,0.8,30550,38000,0.804,5,5,3,61
E02214,2023-08-07,,,,ES,Barcelona,Finance,L2,M,37,Permanent,Onsite,1.0,36350,34400,1.057,34,17,4,74
E02215,2013-04-09,,,,IT,Milan,Finance,L2,F,48,Permanent,Hybrid,1.0,34000,35800,0.95,158,9,4,70
E02216,2023-11-20,2025-07-02,Voluntary,Manager / leadership,PL,Krakow,Customer Service,L2,M,38,Permanent,Onsite,1.0,28550,23600,1.21,20,8,3,60
E02217,2021-08-07,,,,PL,Krakow,Customer Service,L3,F,39,Permanent,Hybrid,1.0,33450,30200,1.108,58,14,3,67
E02218,2012-07-04,,,,PL,Krakow,Customer Service,L1,F,45,Permanent,Hybrid,1.0,19650,18900,1.04,167,16,3,65
E02219,2016-01-17,,,,PL,Krakow,Sales,L2,M,55,Permanent,Onsite,1.0,29000,27600,1.051,125,26,2,57
E02220,2020-02-29,,,,ES,Barcelona,Sales,L3,M,36,Permanent,Remote,1.0,52200,42000,1.243,76,24,4,57
E02221,2024-11-22,,,,DE,Munich,HR,L2,F,32,Permanent,Hybrid,1.0,45400,47500,0.956,19,4,3,76
E02222,2024-12-08,,,,IT,Milan,Finance,L2,M,26,Permanent,Onsite,0.8,34200,35800,0.955,18,13,3,85
E02223,2026-02-16,,,,IT,Milan,Customer Service,L3,F,24,Fixed-term,Hybrid,0.8,33100,37400,0.885,4,4,5,64
E02224,2022-02-10,,,,IT,Milan,Customer Service,L2,F,25,Permanent,Onsite,1.0,30200,29200,1.034,52,19,2,68
E02225,2025-01-01,,,,PL,Krakow,Customer Service,L2,F,28,Permanent,Hybrid,1.0,21950,23600,0.93,17,7,4,65
E02226,2025-03-07,2026-02-02,Involuntary,Performance,DE,Munich,Customer Service,L3,F,33,Permanent,Onsite,1.0,49950,54700,0.913,11,11,3,40
E02227,2020-03-03,,,,ES,Barcelona,HR,L3,M,35,Permanent,Hybrid,1.0,34500,40000,0.863,75,75,3,47
E02228,2025-02-08,,,,ES,Barcelona,Customer Service,L2,M,36,Permanent,Onsite,1.0,26400,28100,0.94,16,16,3,73
E02229,2022-12-23,,,,ES,Barcelona,Finance,L4,M,35,Permanent,Onsite,1.0,65150,57800,1.127,42,42,3,50
E02230,2017-11-08,,,,DE,Munich,Customer Service,L4,M,45,Permanent,Remote,1.0,74250,71800,1.034,103,15,3,52
E02231,2023-05-15,,,,DE,Munich,Tech,L4,M,28,Permanent,Hybrid,1.0,104500,99800,1.047,37,26,3,70
E02232,2023-10-04,,,,IT,Milan,Customer Service,L1,F,33,Permanent,Hybrid,1.0,22850,23400,0.976,32,27,4,58
E02233,2024-10-19,,,,IT,Milan,Operations,L2,F,20,Permanent,Remote,1.0,31600,30900,1.023,20,20,4,83
E02234,2020-10-23,,,,IT,Milan,Tech,L4,M,31,Permanent,Onsite,1.0,55950,68200,0.82,68,33,3,45
E02235,2017-06-10,,,,IT,Milan,Sales,L4,M,48,Permanent,Remote,1.0,51500,57300,0.899,108,108,3,31
E02236,2024-07-15,,,,ES,Barcelona,Operations,L4,F,41,Permanent,Hybrid,1.0,43550,49900,0.873,23,16,3,68
E02237,2025-07-10,2025-09-28,Voluntary,Personal reasons,PL,Krakow,Customer Service,L2,F,20,Fixed-term,Hybrid,1.0,21200,23600,0.898,2,2,3,47
E02238,2023-10-01,,,,DE,Munich,Customer Service,L2,F,21,Permanent,Remote,1.0,39400,42800,0.921,32,18,3,68
E02239,2024-01-08,,,,DE,Munich,Tech,L4,F,36,Permanent,Onsite,1.0,116950,99800,1.172,29,10,3,70
E02240,2020-12-08,,,,DE,Munich,Operations,L1,F,27,Permanent,Remote,1.0,36600,36100,1.014,66,18,4,77
E02241,2026-04-01,,,,DE,Munich,Sales,L2,F,22,Permanent,Hybrid,1.0,40900,49900,0.82,2,2,2,56
E02242,2016-01-06,,,,DE,Munich,Finance,L3,F,48,Permanent,Onsite,1.0,66900,66900,1.0,125,125,3,57
E02243,2022-11-26,,,,PL,Krakow,Operations,L3,F,34,Permanent,Hybrid,1.0,31750,31900,0.995,43,43,3,59
E02244,2026-05-07,,,,PL,Krakow,Operations,L5,M,44,Permanent,Hybrid,1.0,44650,57900,0.771,1,1,3,55
E02245,2023-11-20,,,,ES,Barcelona,Finance,L2,F,49,Permanent,Hybrid,1.0,34600,34400,1.006,31,31,3,72
E02246,2025-09-24,,,,PL,Krakow,Sales,L1,M,31,Permanent,Hybrid,1.0,14750,22000,0.67,9,9,4,66
E02247,2024-12-16,,,,PL,Krakow,Customer Service,L4,M,23,Permanent,Hybrid,1.0,39650,39700,0.999,18,13,3,70
E02248,2014-05-16,,,,IT,Milan,Tech,L4,M,46,Permanent,Onsite,1.0,80450,68200,1.18,145,145,1,70
E02249,2025-07-03,,,,PL,Krakow,Finance,L5,M,31,Permanent,Hybrid,1.0,63800,67000,0.952,11,11,3,70
E02250,2025-07-05,2025-11-23,Voluntary,Compensation,IT,Milan,Sales,L2,M,20,Fixed-term,Hybrid,1.0,34900,34100,1.023,4,4,3,72
E02251,2023-11-13,,,,IT,Milan,Customer Service,L4,M,40,Permanent,Hybrid,1.0,50050,49100,1.019,31,31,3,59
E02252,2015-08-06,,,,PL,Krakow,Customer Service,L5,F,48,Permanent,Remote,1.0,52750,54800,0.963,130,14,3,55
E02253,2018-12-05,,,,IT,Milan,Finance,L4,F,48,Permanent,Remote,0.8,64900,60100,1.08,90,12,3,66
E02254,2022-12-01,2026-04-12,Voluntary,Better external offer,IT,Milan,Operations,L2,M,24,Fixed-term,Hybrid,1.0,27650,30900,0.895,40,40,3,29
E02255,2015-05-02,2025-07-19,Voluntary,Career progression,DE,Munich,Sales,L1,M,49,Permanent,Onsite,1.0,33400,39900,0.837,122,122,5,32
E02256,2025-05-27,,,,IT,Milan,HR,L2,F,37,Permanent,Hybrid,1.0,28400,32500,0.874,13,13,3,58
E02257,2024-11-23,,,,PL,Krakow,Operations,L4,F,22,Permanent,Hybrid,1.0,38900,41900,0.928,19,15,4,83
E02258,2025-01-24,,,,PL,Krakow,Operations,L2,M,41,Fixed-term,Hybrid,1.0,26200,24900,1.052,17,14,3,70
E02259,2026-04-08,,,,PL,Krakow,Tech,L4,M,20,Permanent,Remote,1.0,62900,55100,1.142,2,2,4,76
E02260,2025-11-15,,,,IT,Milan,Operations,L1,F,45,Permanent,Onsite,1.0,21950,24700,0.889,7,7,2,53
E02261,2026-01-20,,,,DE,Munich,Customer Service,L1,M,30,Permanent,Hybrid,1.0,31700,34200,0.927,5,5,3,81
E02262,2026-04-26,,,,DE,Munich,Operations,L2,F,31,Permanent,Hybrid,1.0,40600,45100,0.9,2,2,3,52
E02263,2025-04-10,,,,ES,Barcelona,Customer Service,L2,F,23,Permanent,Onsite,1.0,27600,28100,0.982,14,10,3,62
E02264,2025-04-17,,,,PL,Krakow,Customer Service,L3,F,37,Permanent,Onsite,1.0,29400,30200,0.974,14,7,5,77
E02265,2021-04-17,,,,IT,Milan,Operations,L3,F,44,Permanent,Onsite,1.0,35050,39500,0.887,62,36,5,45
E02266,2025-08-30,2026-04-09,Involuntary,Restructuring,IT,Milan,Sales,L4,F,32,Permanent,Onsite,1.0,52250,57300,0.912,8,8,4,58
E02267,2024-12-19,,,,DE,Munich,Operations,L1,F,31,Permanent,Hybrid,1.0,36950,36100,1.024,18,7,3,54
E02268,2025-12-07,,,,PL,Krakow,Finance,L1,M,31,Permanent,Onsite,1.0,23000,23100,0.996,6,6,4,86
E02269,2023-04-25,,,,ES,Barcelona,Operations,L2,M,39,Permanent,Remote,1.0,29650,29700,0.998,38,18,3,55
E02270,2025-03-07,,,,ES,Barcelona,Tech,L2,F,36,Fixed-term,Hybrid,1.0,31150,39100,0.797,15,15,3,69
E02271,2015-08-31,,,,DE,Munich,Customer Service,L2,M,33,Permanent,Hybrid,1.0,41250,42800,0.964,130,16,3,67
E02272,2026-04-15,,,,PL,Krakow,Tech,L1,F,34,Fixed-term,Hybrid,1.0,25350,26200,0.968,2,2,3,64
E02273,2015-07-10,,,,IT,Milan,Finance,L4,M,44,Permanent,Onsite,1.0,68100,60100,1.133,131,131,3,64
E02274,2026-03-17,,,,DE,Munich,Operations,L2,F,26,Fixed-term,Hybrid,1.0,43600,45100,0.967,3,3,3,75
E02275,2025-08-18,,,,DE,Munich,HR,L2,M,39,Fixed-term,Hybrid,1.0,48300,47500,1.017,10,10,2,76
E02276,2012-12-11,,,,ES,Barcelona,Customer Service,L1,M,36,Permanent,Hybrid,1.0,24300,22500,1.08,162,21,3,77
E02277,2020-02-17,,,,ES,Barcelona,Tech,L2,M,42,Permanent,Hybrid,1.0,38400,39100,0.982,76,18,3,63
E02278,2019-09-03,,,,DE,Munich,Finance,L1,F,30,Permanent,Remote,1.0,40750,41800,0.975,81,81,3,63
E02279,2021-09-18,,,,PL,Krakow,Sales,L1,F,39,Permanent,Hybrid,1.0,26750,22000,1.216,57,57,3,65
E02280,2024-03-15,,,,DE,Munich,Sales,L5,F,38,Permanent,Hybrid,1.0,108600,115700,0.939,27,27,3,56
E02281,2023-08-03,,,,DE,Munich,Operations,L3,F,24,Permanent,Hybrid,1.0,53350,57800,0.923,34,34,4,81
E02282,2024-01-31,,,,ES,Barcelona,Operations,L2,F,29,Permanent,Hybrid,1.0,30600,29700,1.03,29,14,1,96
E02283,2025-05-01,,,,IT,Milan,Tech,L2,M,40,Permanent,Hybrid,1.0,39800,40600,0.98,13,13,3,73
E02284,2018-12-13,2025-11-21,Voluntary,Personal reasons,PL,Krakow,Customer Service,L3,M,38,Fixed-term,Hybrid,0.8,32900,30200,1.089,83,1,3,63
E02285,2018-03-05,,,,DE,Munich,Finance,L4,M,50,Permanent,Hybrid,1.0,93950,87800,1.07,99,18,3,72
E02286,2022-11-18,,,,PL,Krakow,Customer Service,L3,F,34,Permanent,Hybrid,1.0,31200,30200,1.033,43,2,3,53
E02287,2020-02-16,2025-08-26,Voluntary,Career progression,ES,Barcelona,HR,L2,F,35,Permanent,Hybrid,1.0,37150,31200,1.191,66,30,3,65
E02288,2021-07-01,,,,DE,Munich,Operations,L1,M,26,Permanent,Onsite,1.0,32250,36100,0.893,59,59,1,43
E02289,2024-09-06,,,,IT,Milan,Operations,L5,M,38,Fixed-term,Onsite,1.0,78300,71600,1.094,21,21,5,76
E02290,2025-10-26,,,,PL,Krakow,Tech,L1,M,38,Permanent,Hybrid,1.0,23750,26200,0.906,8,8,3,54
E02291,2020-08-26,,,,IT,Milan,HR,L1,F,36,Permanent,Onsite,0.8,26900,26000,1.035,70,20,3,63
E02292,2025-10-22,,,,IT,Milan,Operations,L2,M,24,Permanent,Remote,1.0,24600,30900,0.796,8,8,3,62
E02293,2024-05-22,,,,PL,Krakow,Tech,L3,F,30,Permanent,Hybrid,1.0,40950,42000,0.975,25,10,3,82
E02294,2022-10-26,,,,PL,Krakow,Tech,L2,M,35,Permanent,Hybrid,1.0,30400,32800,0.927,44,17,3,79
E02295,2025-03-17,,,,ES,Barcelona,Customer Service,L2,F,39,Fixed-term,Hybrid,1.0,29900,28100,1.064,15,6,2,75
E02296,2019-03-20,,,,IT,Milan,Sales,L1,F,38,Permanent,Onsite,1.0,26300,27300,0.963,87,37,1,53
E02297,2016-10-31,,,,DE,Munich,Finance,L2,M,47,Permanent,Hybrid,1.0,47950,52300,0.917,116,21,3,44
E02298,2024-10-18,,,,IT,Milan,Tech,L1,M,39,Permanent,Hybrid,1.0,29550,32500,0.909,20,8,2,53
E02299,2022-10-12,,,,PL,Krakow,Finance,L1,F,40,Permanent,Hybrid,1.0,23700,23100,1.026,44,1,2,72
E02300,2025-03-20,,,,IT,Milan,Operations,L2,M,26,Permanent,Remote,1.0,27800,30900,0.9,15,15,3,59
E02301,2023-09-10,,,,DE,Munich,Customer Service,L6,F,37,Permanent,Onsite,1.0,116700,136800,0.853,33,33,3,30
E02302,2024-12-25,,,,ES,Barcelona,Customer Service,L2,F,36,Permanent,Hybrid,1.0,22400,28100,0.797,18,6,4,63
E02303,2024-04-19,,,,IT,Milan,HR,L1,M,37,Fixed-term,Onsite,1.0,30200,26000,1.162,26,26,3,56
E02304,2012-07-14,,,,DE,Munich,Sales,L4,F,38,Permanent,Remote,1.0,75400,83800,0.9,167,33,4,40
E02305,2020-07-30,,,,IT,Milan,Sales,L2,M,25,Permanent,Hybrid,1.0,33500,34100,0.982,71,24,3,76
E02306,2023-12-27,,,,PL,Krakow,Operations,L2,M,34,Permanent,Onsite,1.0,28400,24900,1.141,30,16,2,53
E02307,2014-11-23,,,,IT,Milan,Tech,L2,F,44,Permanent,Remote,1.0,43550,40600,1.073,139,22,1,62
E02308,2016-11-24,,,,IT,Milan,Operations,L3,F,44,Permanent,Hybrid,1.0,42800,39500,1.084,115,30,2,60
E02309,2022-10-08,,,,IT,Milan,Operations,L3,F,24,Permanent,Onsite,0.8,39950,39500,1.011,44,18,3,69
E02310,2025-10-05,,,,PL,Krakow,Tech,L1,F,32,Permanent,Remote,1.0,25500,26200,0.973,8,8,3,82
E02311,2022-10-27,,,,PL,Krakow,Customer Service,L2,F,24,Permanent,Onsite,1.0,25450,23600,1.078,44,44,5,67
E02312,2025-03-03,,,,DE,Munich,Operations,L4,M,38,Fixed-term,Hybrid,1.0,65750,75800,0.867,15,15,5,57
E02313,2017-10-19,,,,DE,Munich,Sales,L1,F,42,Permanent,Remote,1.0,43850,39900,1.099,104,31,3,62
E02314,2016-07-25,2026-01-20,Voluntary,Compensation,IT,Milan,Customer Service,L5,M,38,Permanent,Hybrid,1.0,61700,67900,0.909,114,114,4,29
E02315,2021-02-15,,,,PL,Krakow,Customer Service,L4,M,31,Permanent,Onsite,1.0,35950,39700,0.906,64,40,4,48
E02316,2026-01-12,,,,PL,Krakow,HR,L1,M,26,Fixed-term,Remote,1.0,19300,21000,0.919,5,5,3,59
E02317,2023-11-24,2026-05-06,Voluntary,Compensation,ES,Barcelona,Tech,L3,M,34,Permanent,Onsite,1.0,55450,50000,1.109,30,30,2,50
E02318,2026-04-18,,,,DE,Munich,Customer Service,L2,M,36,Fixed-term,Onsite,1.0,43050,42800,1.006,2,2,4,75
E02319,2021-05-20,,,,IT,Milan,HR,L3,M,35,Fixed-term,Remote,1.0,45600,41600,1.096,61,11,3,65
E02320,2026-05-10,,,,ES,Barcelona,Customer Service,L3,M,34,Fixed-term,Remote,1.0,31500,36000,0.875,1,1,4,56
E02321,2020-03-13,,,,ES,Barcelona,Operations,L3,F,49,Permanent,Hybrid,1.0,39900,38000,1.05,75,75,1,64
E02322,2025-07-10,2026-02-11,Involuntary,Performance,IT,Milan,HR,L3,F,28,Permanent,Onsite,1.0,34950,41600,0.84,7,7,3,54
E02323,2024-12-10,,,,DE,Munich,Operations,L2,M,36,Permanent,Hybrid,1.0,37600,45100,0.834,18,9,4,56
E02324,2024-07-07,,,,PL,Krakow,Customer Service,L2,F,40,Permanent,Hybrid,0.8,22350,23600,0.947,23,23,4,83
E02325,2025-12-18,2026-05-07,Voluntary,Manager / leadership,PL,Krakow,Operations,L3,M,30,Fixed-term,Hybrid,1.0,31300,31900,0.981,5,5,3,77
E02326,2025-11-25,,,,DE,Munich,Operations,L2,F,35,Permanent,Hybrid,1.0,37650,45100,0.835,7,7,3,61
E02327,2026-04-18,,,,DE,Munich,Tech,L2,F,33,Permanent,Hybrid,1.0,52700,59400,0.887,2,2,3,54
E02328,2023-09-20,,,,IT,Milan,Customer Service,L2,F,40,Fixed-term,Hybrid,0.8,36000,29200,1.233,33,3,4,72
E02329,2026-02-05,,,,PL,Krakow,Operations,L2,M,36,Permanent,Onsite,1.0,21450,24900,0.861,4,4,3,59
E02330,2024-12-09,,,,IT,Milan,Operations,L4,F,30,Permanent,Hybrid,1.0,43300,51900,0.834,18,18,2,53
E02331,2024-08-19,,,,PL,Krakow,Tech,L4,M,31,Permanent,Remote,1.0,54850,55100,0.995,22,5,2,56
E02332,2026-03-09,,,,PL,Krakow,Customer Service,L2,F,26,Permanent,Hybrid,1.0,24500,23600,1.038,3,3,3,73
E02333,2022-10-13,,,,ES,Barcelona,HR,L3,M,36,Permanent,Remote,1.0,40950,40000,1.024,44,24,3,59
E02334,2024-04-02,,,,DE,Munich,Operations,L1,M,28,Permanent,Hybrid,1.0,32050,36100,0.888,26,13,4,64
E02335,2022-06-19,,,,PL,Krakow,HR,L2,F,33,Permanent,Onsite,1.0,23550,26200,0.899,48,48,5,46
E02336,2024-10-13,,,,IT,Milan,Sales,L4,F,31,Permanent,Remote,1.0,58950,57300,1.029,20,20,3,70
E02337,2026-01-01,,,,PL,Krakow,Operations,L1,M,31,Fixed-term,Hybrid,1.0,16050,20000,0.802,5,5,2,67
E02338,2022-05-05,,,,DE,Munich,Customer Service,L2,F,29,Permanent,Hybrid,1.0,40300,42800,0.942,49,49,3,62
E02339,2022-12-21,,,,IT,Milan,Operations,L4,M,42,Permanent,Onsite,1.0,51950,51900,1.001,42,42,3,55
E02340,2025-05-05,,,,PL,Krakow,Customer Service,L3,M,45,Fixed-term,Hybrid,1.0,34750,30200,1.151,13,13,2,57
E02341,2025-12-06,,,,PL,Krakow,Tech,L2,M,34,Permanent,Hybrid,1.0,30700,32800,0.936,6,6,3,71
E02342,2025-10-11,2026-01-05,Voluntary,Work-life balance,PL,Krakow,Customer Service,L2,M,23,Fixed-term,Onsite,1.0,21650,23600,0.917,3,3,3,36
E02343,2026-03-04,,,,PL,Krakow,Operations,L1,F,36,Fixed-term,Onsite,0.8,18550,20000,0.927,3,3,3,74
E02344,2026-02-25,,,,PL,Krakow,Finance,L3,F,38,Fixed-term,Remote,1.0,37050,37000,1.001,4,4,3,78
E02345,2024-04-16,,,,DE,Munich,Customer Service,L2,F,20,Permanent,Remote,1.0,41500,42800,0.97,26,26,3,47
E02346,2012-07-12,,,,DE,Munich,Sales,L3,M,48,Permanent,Hybrid,1.0,72950,63800,1.143,167,33,3,54
E02347,2023-05-06,,,,PL,Krakow,Operations,L5,F,39,Permanent,Onsite,1.0,49200,57900,0.85,37,37,3,37
E02348,2017-09-17,,,,PL,Krakow,Tech,L4,M,48,Permanent,Hybrid,1.0,62800,55100,1.14,105,105,4,77
E02349,2024-10-05,,,,IT,Milan,Customer Service,L3,M,27,Permanent,Onsite,1.0,39700,37400,1.061,20,20,3,59
E02350,2022-10-12,,,,DE,Munich,Tech,L2,F,40,Permanent,Onsite,1.0,61500,59400,1.035,44,24,4,57
E02351,2025-10-30,2026-03-15,Voluntary,Relocation,DE,Munich,Operations,L2,F,28,Permanent,Hybrid,1.0,47450,45100,1.052,5,5,5,78
E02352,2025-05-04,2025-10-17,Voluntary,Work-life balance,PL,Krakow,Operations,L2,M,36,Permanent,Hybrid,1.0,22750,24900,0.914,5,5,3,44
E02353,2026-03-16,,,,ES,Barcelona,Sales,L1,M,34,Permanent,Remote,1.0,23300,26200,0.889,3,3,4,59
E02354,2023-08-07,,,,PL,Krakow,Tech,L5,F,25,Permanent,Hybrid,1.0,70850,76100,0.931,34,34,5,77
E02355,2026-01-13,,,,IT,Milan,Customer Service,L3,F,37,Fixed-term,Hybrid,1.0,33950,37400,0.908,5,5,3,49
E02356,2025-04-03,,,,PL,Krakow,Customer Service,L2,F,39,Permanent,Hybrid,1.0,24000,23600,1.017,14,14,2,70
E02357,2025-04-04,,,,PL,Krakow,Tech,L1,F,26,Fixed-term,Hybrid,1.0,24550,26200,0.937,14,14,1,68
E02358,2021-06-11,2026-05-07,Voluntary,Compensation,IT,Milan,Tech,L1,M,28,Permanent,Hybrid,1.0,28600,32500,0.88,59,59,3,45
E02359,2020-01-20,,,,DE,Munich,Tech,L2,F,40,Permanent,Hybrid,1.0,62950,59400,1.06,77,29,3,64
E02360,2026-01-20,2026-02-18,Involuntary,Conduct,DE,Munich,Customer Service,L5,M,24,Fixed-term,Onsite,1.0,83900,99200,0.846,1,1,3,62
E02361,2024-04-25,,,,DE,Munich,Finance,L1,M,21,Permanent,Hybrid,1.0,40300,41800,0.964,26,10,3,65
E02362,2019-04-30,,,,PL,Krakow,Customer Service,L3,M,31,Permanent,Hybrid,1.0,30700,30200,1.017,86,86,2,67
E02363,2025-07-20,,,,IT,Milan,Operations,L5,M,28,Permanent,Onsite,1.0,76500,71600,1.068,11,11,4,77
E02364,2025-11-10,,,,IT,Milan,Tech,L3,F,20,Fixed-term,Onsite,1.0,45900,52000,0.883,7,7,2,53
E02365,2024-05-15,,,,PL,Krakow,Finance,L3,M,36,Permanent,Hybrid,1.0,35050,37000,0.947,25,25,2,55
E02366,2023-07-20,,,,ES,Barcelona,Sales,L3,F,35,Fixed-term,Hybrid,1.0,38200,42000,0.91,35,12,5,59
E02367,2023-11-01,2026-03-02,Voluntary,Career progression,DE,Munich,Operations,L3,F,32,Permanent,Onsite,1.0,50650,57800,0.876,28,28,4,35
E02368,2014-12-31,,,,IT,Milan,Customer Service,L3,F,40,Permanent,Onsite,1.0,37300,37400,0.997,138,138,3,70
E02369,2023-02-24,,,,DE,Munich,Tech,L3,F,22,Permanent,Hybrid,1.0,70550,76000,0.928,40,13,3,74
E02370,2024-07-11,,,,PL,Krakow,Operations,L1,F,22,Permanent,Hybrid,1.0,23050,20000,1.153,23,23,2,88
E02371,2025-06-11,,,,ES,Barcelona,Operations,L5,M,36,Permanent,Onsite,1.0,64600,68900,0.938,12,12,3,65
E02372,2017-06-16,,,,DE,Munich,Tech,L4,F,31,Fixed-term,Hybrid,1.0,94400,99800,0.946,108,108,4,46
E02373,2025-04-10,2026-04-27,Voluntary,Manager / leadership,IT,Milan,Operations,L5,M,29,Fixed-term,Hybrid,1.0,70600,71600,0.986,12,2,4,70
E02374,2018-08-17,,,,DE,Munich,Tech,L3,F,42,Permanent,Hybrid,1.0,76400,76000,1.005,94,94,4,76
E02375,2017-01-16,,,,PL,Krakow,Operations,L1,F,42,Permanent,Remote,1.0,22050,20000,1.103,113,24,4,73
E02376,2019-07-13,,,,IT,Milan,Tech,L6,F,47,Permanent,Onsite,1.0,119650,130000,0.92,83,83,4,65
E02377,2019-02-19,,,,PL,Krakow,Sales,L3,M,36,Permanent,Hybrid,1.0,36400,35300,1.031,88,25,5,84
E02378,2012-07-09,,,,ES,Barcelona,Customer Service,L4,M,40,Permanent,Onsite,1.0,49800,47200,1.055,167,167,4,54
E02379,2022-11-04,,,,PL,Krakow,Operations,L2,M,39,Permanent,Remote,1.0,28950,24900,1.163,43,18,2,59
E02380,2022-01-07,,,,DE,Munich,Customer Service,L2,M,31,Fixed-term,Hybrid,1.0,46450,42800,1.085,53,14,4,64
E02381,2024-09-01,,,,PL,Krakow,Tech,L3,F,32,Permanent,Hybrid,1.0,40950,42000,0.975,21,21,4,84
E02382,2012-07-02,,,,IT,Milan,Customer Service,L1,F,50,Permanent,Hybrid,1.0,21850,23400,0.934,167,19,2,61
E02383,2023-11-06,2026-05-20,Voluntary,Relocation,ES,Barcelona,Customer Service,L1,F,34,Fixed-term,Remote,0.8,24150,22500,1.073,30,13,3,47
E02384,2024-08-19,,,,IT,Milan,Operations,L2,M,47,Permanent,Onsite,1.0,31350,30900,1.015,22,22,3,73
E02385,2024-05-01,,,,PL,Krakow,HR,L1,F,38,Permanent,Onsite,1.0,19450,21000,0.926,25,25,4,66
E02386,2024-03-12,,,,DE,Munich,Tech,L4,M,34,Permanent,Onsite,1.0,98000,99800,0.982,27,6,3,60
E02387,2021-10-10,,,,ES,Barcelona,Sales,L3,F,31,Permanent,Onsite,1.0,48500,42000,1.155,56,56,3,51
E02388,2013-07-03,,,,IT,Milan,Customer Service,L2,F,45,Permanent,Remote,1.0,33450,29200,1.146,155,155,3,43
E02389,2022-03-01,,,,PL,Krakow,Finance,L3,F,46,Permanent,Hybrid,1.0,39000,37000,1.054,51,51,3,64
E02390,2012-07-13,,,,PL,Krakow,Customer Service,L2,F,51,Permanent,Hybrid,1.0,21550,23600,0.913,167,167,3,48
E02391,2022-10-20,,,,PL,Krakow,Customer Service,L3,F,54,Permanent,Remote,1.0,27450,30200,0.909,44,28,4,35
E02392,2024-05-04,,,,PL,Krakow,Customer Service,L2,M,33,Permanent,Onsite,1.0,23650,23600,1.002,25,13,4,72
E02393,2020-06-16,,,,DE,Munich,Sales,L1,M,30,Permanent,Remote,1.0,38600,39900,0.967,72,72,5,52
E02394,2025-06-05,,,,IT,Milan,Operations,L6,M,39,Fixed-term,Hybrid,1.0,101900,98800,1.031,12,12,4,74
E02395,2023-11-30,2025-11-22,Voluntary,Work-life balance,IT,Milan,HR,L4,F,39,Fixed-term,Onsite,1.0,54600,54600,1.0,24,12,3,64
E02396,2025-06-12,2026-01-14,Involuntary,Performance,DE,Munich,Customer Service,L3,M,27,Permanent,Hybrid,1.0,45450,54700,0.831,7,7,4,58
E02397,2025-10-10,,,,PL,Krakow,Sales,L4,F,24,Permanent,Remote,1.0,44850,46300,0.969,8,8,3,67
E02398,2025-04-04,,,,DE,Munich,Finance,L2,F,33,Fixed-term,Hybrid,1.0,45000,52300,0.86,14,11,3,45
E02399,2025-04-05,,,,IT,Milan,Operations,L1,F,34,Permanent,Onsite,1.0,23200,24700,0.939,14,8,3,69
E02400,2025-03-16,,,,DE,Munich,HR,L2,F,35,Fixed-term,Hybrid,1.0,40500,47500,0.853,15,13,3,52
E02401,2024-11-10,,,,IT,Milan,Operations,L1,F,50,Permanent,Hybrid,1.0,25850,24700,1.047,19,19,3,81
E02402,2021-04-11,2025-10-16,Involuntary,Restructuring,ES,Barcelona,Tech,L3,M,46,Permanent,Onsite,1.0,43150,50000,0.863,54,36,3,42
E02403,2013-07-02,,,,DE,Munich,HR,L4,F,50,Permanent,Hybrid,1.0,83100,79800,1.041,155,16,3,79
E02404,2019-01-18,,,,PL,Krakow,Customer Service,L1,M,43,Permanent,Hybrid,0.8,20750,18900,1.098,89,18,3,63
E02405,2024-12-13,,,,IT,Milan,Finance,L2,M,31,Permanent,Remote,0.8,35800,35800,1.0,18,14,3,58
E02406,2016-08-07,,,,IT,Milan,Tech,L1,M,48,Permanent,Onsite,1.0,36950,32500,1.137,118,118,3,57
E02407,2025-04-01,,,,ES,Barcelona,Customer Service,L1,M,37,Permanent,Hybrid,1.0,22300,22500,0.991,14,11,1,68
E02408,2025-05-06,,,,DE,Munich,Finance,L2,F,29,Permanent,Hybrid,1.0,56250,52300,1.076,13,13,2,65
E02409,2024-09-21,,,,PL,Krakow,Operations,L2,F,33,Permanent,Remote,1.0,20850,24900,0.837,21,21,3,55
E02410,2020-01-07,,,,DE,Munich,Tech,L1,F,47,Permanent,Onsite,1.0,45600,47500,0.96,77,13,4,73
E02411,2024-09-16,,,,PL,Krakow,Customer Service,L1,M,37,Permanent,Onsite,1.0,16950,18900,0.897,21,21,4,53
E02412,2023-02-18,2025-11-16,Voluntary,Relocation,ES,Barcelona,Customer Service,L2,F,36,Permanent,Hybrid,1.0,29000,28100,1.032,33,33,2,61
E02413,2025-02-04,,,,IT,Milan,Tech,L1,M,32,Fixed-term,Hybrid,1.0,32500,32500,1.0,16,12,4,77
E02414,2024-03-19,2026-02-19,Voluntary,Work-life balance,IT,Milan,Tech,L4,F,34,Permanent,Hybrid,1.0,67250,68200,0.986,23,10,4,77
E02415,2025-10-14,2026-03-20,Voluntary,Personal reasons,DE,Munich,Tech,L4,M,57,Permanent,Onsite,1.0,78500,99800,0.787,5,5,4,66
E02416,2021-07-13,,,,IT,Milan,Operations,L2,M,40,Permanent,Hybrid,1.0,29100,30900,0.942,59,10,1,83
E02417,2023-02-10,2026-03-16,Voluntary,Manager / leadership,PL,Krakow,Sales,L2,F,37,Permanent,Hybrid,1.0,30500,27600,1.105,37,37,3,58
E02418,2024-04-16,,,,PL,Krakow,Operations,L1,F,40,Fixed-term,Onsite,1.0,17750,20000,0.887,26,21,2,51
E02419,2026-03-12,2026-04-19,Voluntary,Compensation,IT,Milan,Customer Service,L1,F,24,Fixed-term,Hybrid,1.0,19050,23400,0.814,1,1,3,58
E02420,2025-01-15,2025-08-13,Voluntary,Work-life balance,PL,Krakow,HR,L4,F,33,Permanent,Remote,1.0,40150,44100,0.91,7,0,3,39
E02421,2024-02-08,,,,ES,Barcelona,Sales,L1,M,45,Permanent,Hybrid,1.0,27250,26200,1.04,28,28,3,71
E02422,2024-08-08,,,,IT,Milan,Tech,L4,M,29,Permanent,Onsite,1.0,75100,68200,1.101,22,13,3,74
E02423,2018-06-22,,,,IT,Milan,Tech,L2,M,40,Permanent,Onsite,1.0,36200,40600,0.892,96,96,5,48
E02424,2023-12-16,,,,DE,Munich,Customer Service,L3,M,42,Permanent,Hybrid,1.0,58950,54700,1.078,30,30,4,52
E02425,2022-07-23,,,,DE,Munich,Sales,L1,M,20,Permanent,Onsite,1.0,41300,39900,1.035,47,45,3,44
E02426,2025-06-26,,,,IT,Milan,Sales,L3,M,43,Fixed-term,Onsite,1.0,42350,43700,0.969,12,12,3,59
E02427,2022-11-02,,,,PL,Krakow,Customer Service,L2,F,37,Permanent,Hybrid,1.0,22000,23600,0.932,43,15,4,80
E02428,2018-05-17,,,,PL,Krakow,HR,L3,F,31,Permanent,Remote,0.8,37750,33600,1.124,97,30,3,52
E02429,2022-04-26,2025-08-14,Involuntary,Performance,PL,Krakow,Operations,L1,M,30,Permanent,Hybrid,1.0,18200,20000,0.91,40,40,3,41
E02430,2016-11-25,,,,DE,Munich,Sales,L2,F,30,Permanent,Onsite,1.0,50150,49900,1.005,115,20,3,54
E02431,2022-07-17,,,,PL,Krakow,Sales,L1,F,31,Permanent,Remote,1.0,23800,22000,1.082,47,21,4,65
E02432,2025-06-01,2025-07-02,Voluntary,Manager / leadership,DE,Munich,Finance,L1,F,21,Permanent,Onsite,0.8,36500,41800,0.873,1,1,3,40
E02433,2024-11-19,,,,PL,Krakow,Customer Service,L4,F,42,Permanent,Remote,1.0,33750,39700,0.85,19,12,3,51
E02434,2018-08-03,,,,PL,Krakow,Customer Service,L1,F,25,Fixed-term,Remote,1.0,21050,18900,1.114,94,13,1,68
E02435,2024-12-26,,,,PL,Krakow,Operations,L3,F,35,Permanent,Hybrid,0.8,34700,31900,1.088,18,16,3,72
E02436,2022-10-02,2025-10-04,Voluntary,Better external offer,IT,Milan,Customer Service,L2,M,31,Fixed-term,Remote,1.0,27700,29200,0.949,36,36,3,49
E02437,2024-11-12,,,,PL,Krakow,HR,L2,F,39,Permanent,Hybrid,1.0,25000,26200,0.954,19,16,4,77
E02438,2025-08-31,2025-12-06,Involuntary,Restructuring,IT,Milan,Finance,L1,F,30,Permanent,Hybrid,1.0,25850,28600,0.904,4,4,3,56
E02439,2025-12-09,,,,IT,Milan,Finance,L1,F,28,Permanent,Hybrid,1.0,18850,28600,0.659,6,6,3,53
E02440,2023-10-14,,,,PL,Krakow,Finance,L1,F,24,Permanent,Onsite,0.8,21850,23100,0.946,32,16,2,70
E02441,2024-06-19,,,,PL,Krakow,Operations,L2,M,31,Permanent,Hybrid,1.0,22800,24900,0.916,24,12,3,45
E02442,2020-04-17,,,,ES,Barcelona,Sales,L5,M,40,Permanent,Onsite,1.0,70000,76100,0.92,74,23,3,62
E02443,2025-05-08,,,,IT,Milan,Customer Service,L2,F,31,Permanent,Hybrid,1.0,27200,29200,0.932,13,13,4,78
E02444,2021-10-06,,,,DE,Munich,Sales,L2,F,35,Permanent,Hybrid,1.0,52000,49900,1.042,56,13,3,62
E02445,2025-07-24,,,,DE,Munich,Customer Service,L2,F,38,Fixed-term,Remote,1.0,33800,42800,0.79,11,11,3,41
E02446,2024-12-09,,,,DE,Munich,Finance,L1,F,35,Permanent,Onsite,1.0,43700,41800,1.045,18,12,2,70
E02447,2019-06-12,,,,IT,Milan,Tech,L4,M,57,Permanent,Hybrid,1.0,68200,68200,1.0,84,21,4,78
E02448,2024-12-26,,,,IT,Milan,Operations,L2,M,26,Permanent,Onsite,1.0,35600,30900,1.152,18,18,3,78
E02449,2023-06-19,,,,IT,Milan,Customer Service,L2,M,34,Permanent,Onsite,1.0,25650,29200,0.878,36,36,3,35
E02450,2026-05-23,,,,ES,Barcelona,Tech,L3,M,20,Permanent,Onsite,1.0,40800,50000,0.816,1,1,3,51
E02451,2026-03-15,,,,PL,Krakow,Tech,L3,F,24,Permanent,Remote,1.0,33850,42000,0.806,3,3,3,42
E02452,2017-01-25,,,,DE,Munich,Operations,L2,F,56,Permanent,Hybrid,0.8,44100,45100,0.978,113,22,3,65
E02453,2023-09-01,,,,DE,Munich,Finance,L1,M,38,Permanent,Onsite,1.0,51100,41800,1.222,33,33,3,57
E02454,2025-05-09,2026-01-04,Voluntary,Work-life balance,PL,Krakow,Tech,L5,M,35,Permanent,Onsite,1.0,83000,76100,1.091,8,8,3,67
E02455,2021-08-30,,,,IT,Milan,Tech,L1,M,41,Permanent,Hybrid,1.0,32950,32500,1.014,58,24,3,70
E02456,2025-09-09,,,,IT,Milan,Customer Service,L2,F,38,Fixed-term,Hybrid,1.0,29950,29200,1.026,9,9,3,71
E02457,2025-01-23,,,,ES,Barcelona,Customer Service,L5,M,20,Permanent,Onsite,1.0,68100,65200,1.044,17,17,2,65
E02458,2025-04-21,,,,PL,Krakow,Tech,L3,F,29,Fixed-term,Hybrid,1.0,44000,42000,1.048,14,14,3,72
E02459,2025-10-31,,,,PL,Krakow,Customer Service,L1,M,31,Permanent,Onsite,1.0,16650,18900,0.881,8,8,2,52
E02460,2022-04-24,,,,DE,Munich,Tech,L1,M,37,Permanent,Hybrid,1.0,51600,47500,1.086,50,50,3,67
E02461,2025-05-21,2026-06-23,Involuntary,Performance,IT,Milan,Customer Service,L3,F,28,Permanent,Remote,0.8,30750,37400,0.822,13,13,3,44
E02462,2012-08-09,,,,IT,Milan,Operations,L1,M,42,Permanent,Onsite,1.0,25400,24700,1.028,166,9,3,78
E02463,2020-06-16,,,,IT,Milan,Operations,L3,F,43,Permanent,Hybrid,0.8,43500,39500,1.101,72,25,4,78
E02464,2020-03-17,2025-08-20,Voluntary,Career progression,DE,Munich,Customer Service,L2,F,38,Permanent,Onsite,0.8,43650,42800,1.02,65,65,3,52
E02465,2019-03-16,,,,IT,Milan,Tech,L1,M,34,Permanent,Hybrid,1.0,33450,32500,1.029,87,23,3,72
E02466,2012-07-02,,,,DE,Munich,Finance,L1,M,45,Permanent,Onsite,1.0,42050,41800,1.006,167,167,2,48
E02467,2019-07-18,2026-02-22,Involuntary,End of fixed-term contract,DE,Munich,Customer Service,L2,F,45,Permanent,Remote,1.0,43300,42800,1.012,79,7,3,52
E02468,2023-06-08,,,,DE,Munich,Customer Service,L2,F,33,Permanent,Onsite,1.0,39700,42800,0.928,36,18,3,71
E02469,2025-06-15,,,,IT,Milan,Customer Service,L3,F,20,Permanent,Hybrid,1.0,37200,37400,0.995,12,12,3,64
E02470,2024-02-21,,,,DE,Munich,Customer Service,L2,M,32,Permanent,Onsite,1.0,43100,42800,1.007,28,25,4,41
E02471,2026-03-24,2026-05-18,Voluntary,Personal reasons,PL,Krakow,Tech,L3,F,28,Fixed-term,Hybrid,1.0,33650,42000,0.801,2,2,3,45
E02472,2023-10-15,,,,IT,Milan,Tech,L2,F,30,Permanent,Hybrid,1.0,47600,40600,1.172,32,32,4,66
E02473,2026-06-19,,,,DE,Munich,HR,L2,F,25,Fixed-term,Remote,1.0,47500,47500,1.0,0,0,3,55
E02474,2024-09-21,,,,PL,Krakow,Customer Service,L4,F,39,Permanent,Onsite,1.0,36100,39700,0.909,21,21,4,53
E02475,2025-08-08,,,,DE,Munich,Customer Service,L4,F,37,Permanent,Hybrid,1.0,65750,71800,0.916,10,10,2,45
E02476,2023-01-14,,,,ES,Barcelona,Operations,L2,F,46,Permanent,Hybrid,1.0,27100,29700,0.912,41,13,4,63
E02477,2025-10-31,,,,PL,Krakow,Tech,L3,M,23,Fixed-term,Hybrid,1.0,35850,42000,0.854,8,8,3,58
E02478,2020-12-11,,,,IT,Milan,Tech,L1,F,39,Permanent,Onsite,1.0,37450,32500,1.152,66,13,3,70
E02479,2025-01-16,,,,DE,Munich,Operations,L2,F,29,Fixed-term,Hybrid,1.0,39100,45100,0.867,17,13,3,52
E02480,2025-01-06,,,,IT,Milan,Customer Service,L2,F,25,Permanent,Remote,1.0,26300,29200,0.901,17,17,3,51
E02481,2025-10-19,2026-02-22,Voluntary,Career progression,PL,Krakow,Operations,L3,F,28,Permanent,Onsite,1.0,24900,31900,0.781,4,4,3,45
E02482,2026-02-19,,,,PL,Krakow,Customer Service,L1,F,34,Fixed-term,Hybrid,1.0,18050,18900,0.955,4,4,3,56
E02483,2026-04-18,,,,DE,Munich,Operations,L5,F,40,Permanent,Remote,1.0,84950,104700,0.811,2,2,3,43
E02484,2015-12-06,,,,IT,Milan,Tech,L3,F,42,Permanent,Onsite,1.0,54650,52000,1.051,126,21,3,80
E02485,2022-12-02,,,,IT,Milan,Customer Service,L1,F,32,Permanent,Onsite,1.0,24450,23400,1.045,42,11,2,63
E02486,2020-07-09,,,,DE,Munich,Customer Service,L1,M,38,Fixed-term,Hybrid,1.0,32750,34200,0.958,71,18,4,74
E02487,2025-12-22,,,,IT,Milan,Operations,L1,M,23,Fixed-term,Hybrid,1.0,22000,24700,0.891,6,6,3,53
E02488,2024-09-01,,,,PL,Krakow,Operations,L5,F,39,Permanent,Hybrid,1.0,40750,57900,0.704,21,10,4,65
E02489,2023-12-31,,,,IT,Milan,Operations,L1,F,28,Permanent,Onsite,1.0,24300,24700,0.984,30,13,4,78
E02490,2014-02-22,,,,IT,Milan,Tech,L5,M,44,Permanent,Onsite,1.0,109450,94200,1.162,148,43,1,60
E02491,2025-07-27,,,,DE,Munich,Customer Service,L3,M,29,Permanent,Hybrid,1.0,54200,54700,0.991,11,11,4,81
E02492,2024-11-03,,,,PL,Krakow,Sales,L4,M,36,Fixed-term,Remote,1.0,53900,46300,1.164,19,16,2,70
E02493,2017-12-11,,,,IT,Milan,Customer Service,L2,M,48,Permanent,Hybrid,1.0,31750,29200,1.087,102,102,3,39
E02494,2023-06-23,,,,PL,Krakow,HR,L2,F,29,Permanent,Hybrid,1.0,27950,26200,1.067,36,15,3,73
E02495,2023-10-23,,,,DE,Munich,Customer Service,L4,F,34,Permanent,Hybrid,1.0,75800,71800,1.056,32,32,3,56
E02496,2020-12-24,2025-08-20,Voluntary,Manager / leadership,PL,Krakow,Operations,L3,F,40,Permanent,Onsite,1.0,32050,31900,1.005,56,56,3,45
E02497,2026-04-21,,,,IT,Milan,Customer Service,L1,F,26,Permanent,Remote,1.0,21100,23400,0.902,2,2,4,57
E02498,2021-09-25,,,,DE,Munich,Sales,L1,F,29,Permanent,Hybrid,0.8,41350,39900,1.036,57,57,4,65
E02499,2025-08-03,,,,DE,Munich,Tech,L5,M,27,Permanent,Hybrid,1.0,136850,137800,0.993,10,10,3,81
E02500,2022-07-18,,,,DE,Munich,Customer Service,L3,F,35,Permanent,Onsite,1.0,53450,54700,0.977,47,9,4,68
E02501,2024-11-23,,,,DE,Munich,Operations,L2,F,44,Fixed-term,Hybrid,0.8,41900,45100,0.929,19,8,2,82
E02502,2025-08-14,2026-03-09,Voluntary,Manager / leadership,PL,Krakow,Tech,L2,M,44,Permanent,Onsite,1.0,28600,32800,0.872,7,7,3,44
E02503,2023-04-26,,,,PL,Krakow,Customer Service,L4,M,24,Permanent,Hybrid,1.0,39400,39700,0.992,38,6,3,66
E02504,2026-01-09,,,,ES,Barcelona,Finance,L1,M,29,Permanent,Hybrid,1.0,27200,27500,0.989,5,5,3,56
E02505,2026-02-04,2026-06-24,Voluntary,Compensation,IT,Milan,Sales,L1,F,31,Permanent,Hybrid,1.0,24350,27300,0.892,4,4,3,67
E02506,2022-02-05,,,,DE,Munich,Operations,L2,M,37,Permanent,Hybrid,1.0,45600,45100,1.011,52,52,4,48
E02507,2021-02-24,,,,DE,Munich,Operations,L3,M,47,Permanent,Onsite,1.0,60050,57800,1.039,64,64,3,64
E02508,2025-07-06,,,,ES,Barcelona,Operations,L4,F,20,Permanent,Hybrid,1.0,46950,49900,0.941,11,11,3,84
E02509,2025-05-11,,,,DE,Munich,Sales,L1,M,32,Permanent,Onsite,1.0,40450,39900,1.014,13,13,2,53
E02510,2020-07-22,,,,DE,Munich,Operations,L1,M,27,Permanent,Hybrid,1.0,33300,36100,0.922,71,18,4,83
E02511,2026-03-18,2026-04-20,Involuntary,Performance,PL,Krakow,Operations,L2,M,43,Permanent,Hybrid,1.0,21650,24900,0.869,1,1,4,66
E02512,2025-02-06,,,,DE,Munich,HR,L1,F,25,Permanent,Hybrid,1.0,36800,38000,0.968,16,15,4,68
E02513,2023-02-25,,,,ES,Barcelona,Sales,L1,F,31,Permanent,Remote,1.0,25750,26200,0.983,40,12,5,81
E02514,2024-04-13,,,,PL,Krakow,Sales,L3,F,20,Permanent,Hybrid,1.0,36750,35300,1.041,26,16,4,79
E02515,2026-05-26,,,,PL,Krakow,Customer Service,L1,F,34,Permanent,Remote,1.0,16650,18900,0.881,1,1,4,57
E02516,2014-01-13,,,,IT,Milan,Customer Service,L1,F,44,Permanent,Hybrid,1.0,24350,23400,1.041,149,52,3,56
E02517,2024-02-07,,,,IT,Milan,Finance,L1,F,35,Permanent,Onsite,1.0,29300,28600,1.024,28,28,3,57
E02518,2024-12-03,,,,PL,Krakow,Customer Service,L2,M,31,Permanent,Hybrid,0.8,27850,23600,1.18,18,18,3,73
E02519,2026-01-02,,,,IT,Milan,Operations,L1,F,24,Permanent,Hybrid,1.0,21000,24700,0.85,5,5,3,57
E02520,2022-02-09,,,,ES,Barcelona,HR,L1,F,40,Permanent,Hybrid,0.8,27500,25000,1.1,52,52,2,65
E02521,2025-04-15,,,,DE,Munich,Operations,L4,M,33,Permanent,Hybrid,1.0,62800,75800,0.828,14,13,3,57
E02522,2018-11-23,,,,DE,Munich,Tech,L1,F,42,Permanent,Onsite,1.0,49300,47500,1.038,91,12,3,57
E02523,2025-08-26,,,,DE,Munich,Customer Service,L3,M,35,Fixed-term,Onsite,1.0,47500,54700,0.868,10,10,3,58
E02524,2023-07-20,2026-02-26,Voluntary,Career progression,IT,Milan,Operations,L3,M,30,Permanent,Hybrid,1.0,42900,39500,1.086,31,31,3,58
E02525,2026-04-14,,,,IT,Milan,Finance,L1,F,21,Permanent,Hybrid,1.0,25000,28600,0.874,2,2,3,68
E02526,2018-11-23,,,,DE,Munich,Tech,L1,M,30,Permanent,Hybrid,1.0,53100,47500,1.118,91,91,3,65
E02527,2020-07-03,,,,IT,Milan,Operations,L5,F,31,Permanent,Remote,1.0,80200,71600,1.12,71,37,5,64
E02528,2026-03-21,,,,ES,Barcelona,Tech,L1,F,38,Permanent,Hybrid,1.0,26850,31200,0.861,3,3,3,52
E02529,2024-04-12,,,,PL,Krakow,HR,L1,F,25,Permanent,Hybrid,1.0,19300,21000,0.919,26,26,4,51
E02530,2021-11-25,,,,IT,Milan,Tech,L1,F,46,Fixed-term,Remote,0.8,32050,32500,0.986,55,55,2,54
E02531,2026-06-19,,,,IT,Milan,Customer Service,L1,F,20,Permanent,Hybrid,1.0,17900,23400,0.765,0,0,2,46
E02532,2025-08-13,,,,IT,Milan,Operations,L2,F,20,Fixed-term,Hybrid,1.0,26000,30900,0.841,10,10,3,73
E02533,2019-01-02,,,,DE,Munich,Customer Service,L4,F,30,Permanent,Hybrid,1.0,75400,71800,1.05,89,89,3,51
E02534,2023-11-13,,,,IT,Milan,Customer Service,L3,F,42,Permanent,Hybrid,1.0,35300,37400,0.944,31,25,4,73
E02535,2023-12-14,2025-12-26,Voluntary,Compensation,PL,Krakow,Customer Service,L5,M,34,Permanent,Onsite,1.0,49100,54800,0.896,24,2,3,59
E02536,2026-02-28,,,,DE,Munich,Customer Service,L1,M,26,Permanent,Hybrid,1.0,35100,34200,1.026,4,4,2,67
E02537,2025-01-11,,,,IT,Milan,Tech,L2,M,26,Fixed-term,Hybrid,1.0,41650,40600,1.026,17,15,3,72
E02538,2026-02-15,,,,DE,Munich,Finance,L1,M,35,Permanent,Remote,1.0,35450,41800,0.848,4,4,3,60
E02539,2025-07-08,2025-10-22,Voluntary,Compensation,IT,Milan,HR,L3,F,40,Permanent,Onsite,1.0,32250,41600,0.775,3,3,3,44
E02540,2018-03-20,,,,DE,Munich,Finance,L3,M,34,Permanent,Hybrid,1.0,61350,66900,0.917,99,99,4,46
E02541,2023-08-08,,,,IT,Milan,Sales,L3,F,42,Fixed-term,Hybrid,1.0,47800,43700,1.094,34,13,3,66
E02542,2024-10-16,,,,ES,Barcelona,Customer Service,L3,F,35,Permanent,Remote,1.0,35600,36000,0.989,20,13,3,65
E02543,2023-04-09,,,,DE,Munich,Finance,L2,F,30,Permanent,Onsite,1.0,51800,52300,0.99,38,4,3,66
E02544,2024-06-15,,,,ES,Barcelona,Sales,L2,M,27,Permanent,Hybrid,1.0,36850,32800,1.123,24,12,3,84
E02545,2024-01-18,,,,IT,Milan,Customer Service,L3,F,38,Permanent,Onsite,1.0,38300,37400,1.024,29,14,1,72
E02546,2020-09-18,,,,DE,Munich,Finance,L1,M,31,Permanent,Hybrid,1.0,39950,41800,0.956,69,69,3,51
E02547,2024-11-08,,,,DE,Munich,Sales,L3,F,29,Permanent,Hybrid,1.0,60150,63800,0.943,19,14,4,81
E02548,2021-06-26,,,,PL,Krakow,Customer Service,L3,F,43,Permanent,Hybrid,1.0,28900,30200,0.957,60,13,5,74
E02549,2024-06-18,,,,IT,Milan,HR,L3,F,28,Permanent,Remote,1.0,41700,41600,1.002,24,16,5,78
E02550,2024-10-06,,,,PL,Krakow,Operations,L1,F,23,Fixed-term,Hybrid,1.0,20250,20000,1.012,20,9,2,73
E02551,2023-12-27,,,,IT,Milan,Sales,L1,F,43,Permanent,Hybrid,1.0,26050,27300,0.954,30,17,5,80
E02552,2025-12-06,2026-01-13,Involuntary,Performance,IT,Milan,Customer Service,L5,M,29,Fixed-term,Onsite,1.0,62400,67900,0.919,1,1,4,40
E02553,2024-12-11,,,,PL,Krakow,Tech,L5,M,29,Permanent,Onsite,1.0,84800,76100,1.114,18,16,4,71
E02554,2016-08-31,,,,PL,Krakow,Operations,L2,F,47,Permanent,Hybrid,1.0,25700,24900,1.032,118,18,4,67
E02555,2022-08-21,,,,DE,Munich,HR,L1,F,43,Permanent,Hybrid,1.0,41350,38000,1.088,46,34,2,53
E02556,2022-09-30,,,,PL,Krakow,Tech,L1,M,22,Permanent,Onsite,1.0,25300,26200,0.966,45,15,4,78
E02557,2026-03-16,,,,ES,Barcelona,Sales,L4,M,26,Fixed-term,Onsite,1.0,40950,55100,0.743,3,3,3,64
E02558,2024-05-14,,,,ES,Barcelona,Customer Service,L1,F,37,Permanent,Hybrid,1.0,25450,22500,1.131,25,25,4,64
E02559,2021-12-09,,,,PL,Krakow,Operations,L1,M,27,Permanent,Onsite,1.0,19700,20000,0.985,54,54,3,46
E02560,2023-09-22,2025-11-01,Voluntary,Better external offer,PL,Krakow,Tech,L2,M,37,Fixed-term,Hybrid,1.0,31850,32800,0.971,26,26,3,58
E02561,2024-08-20,,,,IT,Milan,Operations,L5,M,26,Permanent,Hybrid,1.0,75650,71600,1.057,22,13,2,75
E02562,2012-07-06,2026-01-07,Voluntary,Manager / leadership,ES,Barcelona,HR,L3,F,56,Permanent,Hybrid,1.0,42900,40000,1.073,162,162,3,47
E02563,2025-11-02,,,,IT,Milan,Finance,L2,F,31,Fixed-term,Hybrid,1.0,35450,35800,0.99,7,7,3,55
E02564,2018-04-06,,,,DE,Munich,Customer Service,L1,M,46,Permanent,Hybrid,1.0,40950,34200,1.197,98,98,3,62
E02565,2026-01-08,,,,DE,Munich,HR,L4,F,23,Permanent,Onsite,1.0,75450,79800,0.945,5,5,4,59
E02566,2023-07-11,2025-11-21,Voluntary,Career progression,IT,Milan,Sales,L2,F,35,Permanent,Remote,1.0,35400,34100,1.038,28,28,3,40
E02567,2013-10-13,2025-11-03,Voluntary,Relocation,ES,Barcelona,Tech,L2,M,36,Fixed-term,Hybrid,1.0,35600,39100,0.91,145,145,3,43
E02568,2021-04-19,,,,ES,Barcelona,Sales,L4,M,36,Permanent,Remote,1.0,49350,55100,0.896,62,11,3,54
E02569,2020-12-13,,,,IT,Milan,Operations,L5,M,26,Permanent,Onsite,1.0,75100,71600,1.049,66,66,3,53
E02570,2023-01-18,,,,IT,Milan,Customer Service,L3,F,41,Fixed-term,Onsite,1.0,37000,37400,0.989,41,23,3,69
E02571,2013-02-06,,,,IT,Milan,Tech,L3,M,41,Permanent,Remote,1.0,44950,52000,0.864,160,29,4,45
E02572,2025-08-10,2025-09-06,Voluntary,Manager / leadership,IT,Milan,Finance,L4,F,32,Permanent,Remote,1.0,57750,60100,0.961,1,1,3,60
E02573,2025-12-19,,,,PL,Krakow,Sales,L2,M,45,Fixed-term,Hybrid,0.8,26950,27600,0.976,6,6,3,67
E02574,2025-08-17,2025-10-18,Voluntary,Work-life balance,DE,Munich,Operations,L3,M,50,Permanent,Hybrid,1.0,45400,57800,0.785,2,2,4,56
E02575,2022-08-19,,,,IT,Milan,Operations,L1,F,29,Permanent,Remote,1.0,24050,24700,0.974,46,46,4,67
E02576,2020-12-23,,,,ES,Barcelona,Sales,L2,F,27,Permanent,Onsite,1.0,40900,32800,1.247,66,45,4,61
E02577,2022-03-03,,,,PL,Krakow,Customer Service,L2,F,34,Permanent,Hybrid,1.0,23200,23600,0.983,51,51,4,52
E02578,2024-09-19,2025-09-24,Involuntary,End of fixed-term contract,DE,Munich,Customer Service,L5,M,20,Permanent,Hybrid,1.0,97450,99200,0.982,12,4,3,61
E02579,2019-09-21,,,,IT,Milan,Operations,L4,M,32,Permanent,Onsite,1.0,50750,51900,0.978,81,81,4,53
E02580,2023-11-18,,,,PL,Krakow,Finance,L2,M,37,Permanent,Hybrid,1.0,29600,28900,1.024,31,20,2,81
E02581,2026-03-14,,,,PL,Krakow,Tech,L2,F,39,Permanent,Hybrid,1.0,30100,32800,0.918,3,3,4,61
E02582,2019-03-08,,,,IT,Milan,Sales,L3,F,34,Permanent,Remote,0.8,48750,43700,1.116,87,11,3,86
E02583,2018-09-11,2025-10-17,Voluntary,Career progression,DE,Munich,Customer Service,L2,F,40,Permanent,Hybrid,1.0,39950,42800,0.933,85,85,5,48
E02584,2025-10-10,,,,PL,Krakow,Customer Service,L5,F,26,Permanent,Remote,0.8,55600,54800,1.015,8,8,5,79
E02585,2024-09-02,,,,PL,Krakow,Operations,L3,M,35,Permanent,Hybrid,1.0,22900,31900,0.718,21,17,2,57
E02586,2024-05-20,2025-12-09,Voluntary,Compensation,ES,Barcelona,Customer Service,L2,F,31,Permanent,Onsite,1.0,23650,28100,0.842,19,17,3,49
E02587,2021-08-18,,,,IT,Milan,Finance,L1,F,36,Permanent,Remote,1.0,30350,28600,1.061,58,27,3,56
E02588,2024-06-03,,,,ES,Barcelona,HR,L1,F,27,Permanent,Hybrid,1.0,25100,25000,1.004,24,24,3,60
E02589,2023-12-16,,,,PL,Krakow,Customer Service,L5,F,36,Permanent,Hybrid,1.0,53350,54800,0.974,30,30,3,54
E02590,2025-07-04,,,,IT,Milan,Tech,L1,F,20,Permanent,Hybrid,1.0,29200,32500,0.898,11,11,4,54
E02591,2022-01-08,,,,IT,Milan,Operations,L1,M,41,Permanent,Remote,1.0,23300,24700,0.943,53,53,3,48
E02592,2026-05-03,,,,IT,Milan,Customer Service,L4,F,31,Permanent,Hybrid,1.0,45150,49100,0.92,1,1,3,58
E02593,2018-03-30,,,,PL,Krakow,Tech,L3,M,48,Permanent,Hybrid,1.0,44100,42000,1.05,99,27,3,52
E02594,2025-04-10,,,,IT,Milan,Operations,L3,M,20,Fixed-term,Onsite,1.0,39200,39500,0.992,14,12,3,76
E02595,2025-04-20,,,,ES,Barcelona,Operations,L5,M,34,Fixed-term,Hybrid,1.0,69300,68900,1.006,14,13,3,70
E02596,2025-04-03,,,,IT,Milan,Sales,L5,M,20,Fixed-term,Hybrid,1.0,72350,79200,0.914,14,14,3,66
E02597,2024-01-02,,,,PL,Krakow,Tech,L5,M,25,Permanent,Hybrid,1.0,76650,76100,1.007,29,29,3,60
E02598,2016-08-30,2025-07-11,Voluntary,Work-life balance,IT,Milan,Customer Service,L1,M,38,Fixed-term,Onsite,1.0,25400,23400,1.085,107,107,4,56
E02599,2024-02-10,,,,DE,Munich,Finance,L2,M,36,Permanent,Hybrid,1.0,53550,52300,1.024,28,28,4,57
E02600,2025-04-07,,,,PL,Krakow,Customer Service,L1,F,26,Permanent,Hybrid,1.0,18900,18900,1.0,14,8,3,89
E02601,2021-07-20,,,,IT,Milan,Operations,L2,M,36,Permanent,Hybrid,1.0,29200,30900,0.945,59,16,3,74
E02602,2018-05-13,,,,DE,Munich,Tech,L3,M,43,Permanent,Hybrid,1.0,75700,76000,0.996,97,38,3,53
E02603,2018-06-25,,,,IT,Milan,Operations,L4,F,35,Permanent,Remote,1.0,49300,51900,0.95,96,96,3,50
E02604,2023-04-11,,,,IT,Milan,Operations,L1,M,35,Permanent,Onsite,1.0,25950,24700,1.051,38,10,4,76
E02605,2017-09-22,,,,PL,Krakow,Operations,L5,M,36,Permanent,Onsite,1.0,60700,57900,1.048,105,105,2,58
E02606,2021-09-20,2025-09-12,Involuntary,Performance,PL,Krakow,Customer Service,L1,F,30,Permanent,Hybrid,1.0,20850,18900,1.103,48,11,3,69
E02607,2022-10-01,,,,IT,Milan,Tech,L2,M,43,Permanent,Remote,1.0,41850,40600,1.031,44,44,3,45
E02608,2024-07-08,,,,PL,Krakow,Customer Service,L3,F,28,Permanent,Remote,0.8,29350,30200,0.972,23,23,3,71
E02609,2026-01-21,,,,IT,Milan,Sales,L1,M,33,Permanent,Hybrid,1.0,25450,27300,0.932,5,5,1,72
E02610,2026-01-08,,,,IT,Milan,Sales,L2,F,27,Permanent,Hybrid,1.0,29900,34100,0.877,5,5,3,48
E02611,2023-08-01,2026-04-10,Voluntary,Better external offer,PL,Krakow,Sales,L2,F,24,Permanent,Onsite,1.0,30900,27600,1.12,32,26,4,52
E02612,2016-12-06,,,,IT,Milan,Customer Service,L3,F,33,Permanent,Hybrid,1.0,43950,37400,1.175,114,114,3,42
E02613,2024-08-31,,,,IT,Milan,Customer Service,L2,M,40,Permanent,Hybrid,1.0,32850,29200,1.125,22,11,3,74
E02614,2025-02-22,,,,PL,Krakow,Operations,L1,M,35,Fixed-term,Onsite,1.0,16900,20000,0.845,16,16,2,47
E02615,2026-01-05,,,,DE,Munich,Operations,L2,M,32,Permanent,Remote,1.0,39900,45100,0.885,5,5,3,62
E02616,2022-05-25,,,,ES,Barcelona,Sales,L6,M,31,Fixed-term,Remote,1.0,122650,105000,1.168,49,49,3,52
E02617,2026-04-25,2026-06-14,Voluntary,Compensation,IT,Milan,Finance,L3,M,28,Permanent,Hybrid,1.0,43750,45800,0.955,2,2,3,76
E02618,2025-06-16,2025-09-21,Voluntary,Manager / leadership,IT,Milan,Finance,L3,M,32,Permanent,Hybrid,1.0,39400,45800,0.86,3,3,2,43
E02619,2025-06-14,,,,DE,Munich,Finance,L2,M,36,Fixed-term,Hybrid,1.0,64750,52300,1.238,12,12,4,78
E02620,2024-07-20,,,,IT,Milan,Finance,L3,M,31,Permanent,Hybrid,1.0,45750,45800,0.999,23,23,1,75
E02621,2024-12-19,,,,IT,Milan,Customer Service,L2,M,40,Permanent,Hybrid,1.0,29800,29200,1.021,18,18,2,61
E02622,2022-01-21,,,,PL,Krakow,Tech,L3,M,34,Permanent,Hybrid,1.0,47850,42000,1.139,53,53,4,60
E02623,2025-11-20,,,,ES,Barcelona,Sales,L4,M,32,Permanent,Hybrid,1.0,45950,55100,0.834,7,7,3,42
E02624,2023-07-08,,,,IT,Milan,Sales,L4,F,29,Permanent,Hybrid,1.0,62500,57300,1.091,35,35,3,55
E02625,2021-12-05,,,,IT,Milan,Operations,L1,F,38,Fixed-term,Hybrid,1.0,27950,24700,1.132,54,54,4,77
E02626,2025-11-11,,,,ES,Barcelona,Tech,L4,F,25,Fixed-term,Hybrid,1.0,50450,65600,0.769,7,7,4,71
E02627,2026-03-10,,,,IT,Milan,Customer Service,L2,M,32,Permanent,Hybrid,1.0,27950,29200,0.957,3,3,2,59
E02628,2023-04-01,,,,ES,Barcelona,Tech,L2,F,40,Permanent,Hybrid,1.0,38950,39100,0.996,38,38,3,57
E02629,2021-09-26,2026-06-07,Voluntary,Better external offer,ES,Barcelona,Sales,L5,M,24,Permanent,Remote,1.0,67900,76100,0.892,57,52,3,43
E02630,2020-11-02,2026-05-28,Involuntary,Restructuring,IT,Milan,Customer Service,L2,M,42,Permanent,Hybrid,1.0,33750,29200,1.156,66,45,3,60
E02631,2025-05-03,2025-12-18,Voluntary,Better external offer,IT,Milan,Operations,L3,M,34,Permanent,Onsite,1.0,36250,39500,0.918,7,7,3,53
E02632,2025-12-31,,,,DE,Munich,Customer Service,L1,F,27,Fixed-term,Onsite,0.8,29500,34200,0.863,6,6,4,61
E02633,2025-01-05,,,,PL,Krakow,Sales,L2,M,32,Fixed-term,Hybrid,1.0,19350,27600,0.701,17,17,3,54
E02634,2022-10-27,,,,IT,Milan,Sales,L3,F,36,Permanent,Hybrid,1.0,43950,43700,1.006,44,15,2,61
E02635,2023-04-22,2026-06-07,Voluntary,Career progression,DE,Munich,Customer Service,L2,F,32,Permanent,Hybrid,1.0,37700,42800,0.881,38,38,3,34
E02636,2025-11-10,2026-02-28,Voluntary,Compensation,ES,Barcelona,Sales,L3,M,32,Permanent,Onsite,1.0,37800,42000,0.9,3,3,3,39
E02637,2024-04-30,2026-02-08,Voluntary,Better external offer,IT,Milan,Operations,L2,F,31,Permanent,Onsite,1.0,33650,30900,1.089,22,15,3,70
E02638,2025-08-02,,,,IT,Milan,Tech,L5,M,20,Fixed-term,Hybrid,1.0,86600,94200,0.919,10,10,3,66
E02639,2025-11-18,,,,ES,Barcelona,Finance,L2,M,38,Fixed-term,Onsite,1.0,33800,34400,0.983,7,7,3,65
E02640,2025-11-06,,,,IT,Milan,Finance,L4,M,30,Permanent,Remote,1.0,57300,60100,0.953,7,7,3,82
E02641,2024-09-10,,,,IT,Milan,Customer Service,L4,F,35,Permanent,Hybrid,1.0,42450,49100,0.865,21,21,4,45
E02642,2024-12-16,,,,PL,Krakow,Sales,L1,F,31,Permanent,Remote,1.0,21950,22000,0.998,18,8,4,92
E02643,2024-01-12,,,,DE,Munich,Operations,L3,M,21,Permanent,Onsite,1.0,68200,57800,1.18,29,29,3,41
E02644,2025-12-03,,,,DE,Munich,Customer Service,L2,F,25,Permanent,Onsite,0.8,41550,42800,0.971,6,6,3,72
E02645,2025-12-13,,,,DE,Munich,Operations,L2,M,30,Permanent,Onsite,1.0,36850,45100,0.817,6,6,3,58
E02646,2023-08-04,2025-12-04,Voluntary,Relocation,DE,Munich,Customer Service,L1,F,35,Fixed-term,Remote,1.0,36450,34200,1.066,28,10,3,68
E02647,2024-08-21,,,,PL,Krakow,Customer Service,L2,M,25,Permanent,Hybrid,1.0,17800,23600,0.754,22,22,3,64
E02648,2023-04-09,,,,IT,Milan,Operations,L5,M,24,Permanent,Onsite,1.0,67400,71600,0.941,38,32,2,55
E02649,2024-12-03,,,,DE,Munich,Customer Service,L5,M,36,Permanent,Hybrid,1.0,98350,99200,0.991,18,18,2,81
E02650,2021-03-14,,,,IT,Milan,Customer Service,L3,F,29,Permanent,Onsite,1.0,32250,37400,0.862,63,52,3,46
E02651,2022-03-12,,,,IT,Milan,Tech,L5,M,40,Permanent,Hybrid,1.0,101250,94200,1.075,51,14,4,70
E02652,2025-08-05,2026-05-13,Voluntary,Career progression,DE,Munich,Operations,L1,M,30,Fixed-term,Hybrid,1.0,33200,36100,0.92,9,9,3,65
E02653,2023-03-09,,,,IT,Milan,Tech,L1,M,44,Permanent,Remote,1.0,35650,32500,1.097,39,11,3,54
E02654,2025-10-04,,,,IT,Milan,Sales,L4,M,44,Fixed-term,Onsite,1.0,59200,57300,1.033,8,8,4,64
E02655,2023-09-20,,,,IT,Milan,HR,L2,M,48,Fixed-term,Hybrid,1.0,34300,32500,1.055,33,26,3,40
E02656,2020-11-09,,,,ES,Barcelona,Sales,L1,M,31,Permanent,Remote,1.0,28500,26200,1.088,67,28,3,51
E02657,2025-04-04,,,,PL,Krakow,Tech,L3,F,23,Fixed-term,Hybrid,1.0,30600,42000,0.729,14,9,2,66
E02658,2025-08-18,,,,IT,Milan,Customer Service,L3,M,23,Fixed-term,Remote,1.0,38850,37400,1.039,10,10,4,69
E02659,2016-02-20,,,,IT,Milan,Operations,L6,M,41,Permanent,Onsite,1.0,108150,98800,1.095,124,12,5,79
E02660,2022-08-21,,,,IT,Milan,Customer Service,L3,F,36,Permanent,Hybrid,1.0,33400,37400,0.893,46,19,2,53
E02661,2013-07-05,,,,DE,Munich,Sales,L4,M,39,Permanent,Hybrid,1.0,79900,83800,0.953,155,155,3,53
E02662,2026-06-22,,,,IT,Milan,Customer Service,L5,F,22,Permanent,Hybrid,1.0,57350,67900,0.845,0,0,3,57
E02663,2025-08-31,,,,PL,Krakow,Operations,L5,F,23,Permanent,Hybrid,1.0,48250,57900,0.833,10,10,3,64
E02664,2024-01-02,2025-08-08,Voluntary,Career progression,DE,Munich,Tech,L1,M,38,Fixed-term,Hybrid,1.0,52650,47500,1.108,19,19,3,67
E02665,2024-11-17,,,,IT,Milan,Tech,L1,M,25,Permanent,Hybrid,1.0,29750,32500,0.915,19,19,3,64
E02666,2014-09-23,,,,DE,Munich,Finance,L5,F,33,Fixed-term,Hybrid,1.0,116200,121200,0.959,141,39,3,63
E02667,2024-01-17,,,,PL,Krakow,Finance,L5,F,31,Permanent,Onsite,1.0,72700,67000,1.085,29,29,3,44
E02668,2015-04-10,,,,PL,Krakow,Operations,L1,F,39,Permanent,Onsite,1.0,19650,20000,0.983,134,134,1,53
E02669,2025-02-23,,,,DE,Munich,Finance,L2,F,42,Permanent,Onsite,1.0,49750,52300,0.951,16,16,2,80
E02670,2022-03-26,2026-03-01,Voluntary,Personal reasons,IT,Milan,Tech,L3,F,27,Fixed-term,Hybrid,1.0,52600,52000,1.012,48,18,3,60
E02671,2021-05-07,,,,IT,Milan,Tech,L5,M,35,Permanent,Remote,1.0,95400,94200,1.013,61,61,4,72
E02672,2025-07-24,2026-05-19,Voluntary,Work-life balance,DE,Munich,Finance,L1,M,28,Fixed-term,Onsite,1.0,37800,41800,0.904,10,10,3,52
E02673,2024-01-02,,,,IT,Milan,Customer Service,L3,M,33,Permanent,Remote,0.8,36450,37400,0.975,29,17,2,57
E02674,2019-08-13,2025-12-15,Voluntary,Manager / leadership,DE,Munich,Sales,L3,F,46,Permanent,Hybrid,1.0,63900,63800,1.002,76,26,3,44
E02675,2026-04-08,,,,DE,Munich,Customer Service,L1,F,36,Fixed-term,Hybrid,1.0,29050,34200,0.849,2,2,4,56
E02676,2023-01-13,,,,DE,Munich,Operations,L2,M,26,Permanent,Remote,1.0,47850,45100,1.061,41,26,5,61
E02677,2025-07-03,,,,PL,Krakow,Finance,L2,F,20,Permanent,Onsite,1.0,25700,28900,0.889,11,11,4,54
E02678,2019-07-13,,,,PL,Krakow,Sales,L3,M,34,Permanent,Onsite,1.0,31750,35300,0.899,83,25,3,40
E02679,2020-04-30,,,,PL,Krakow,Customer Service,L1,F,44,Fixed-term,Onsite,1.0,17850,18900,0.944,74,74,2,48
E02680,2022-09-14,,,,PL,Krakow,Finance,L3,M,39,Permanent,Onsite,1.0,34500,37000,0.932,45,45,3,61
E02681,2022-02-01,,,,IT,Milan,Tech,L1,M,32,Permanent,Remote,1.0,38350,32500,1.18,52,13,2,74
E02682,2025-10-24,,,,PL,Krakow,Tech,L4,M,32,Permanent,Onsite,1.0,59300,55100,1.076,8,8,3,85
E02683,2025-01-20,,,,IT,Milan,Operations,L1,M,36,Permanent,Remote,1.0,25950,24700,1.051,17,10,3,71
E02684,2023-03-22,,,,DE,Munich,HR,L3,F,33,Permanent,Hybrid,1.0,56800,60800,0.934,39,39,2,69
E02685,2023-11-05,,,,ES,Barcelona,Customer Service,L3,F,32,Permanent,Hybrid,1.0,42650,36000,1.185,31,17,3,64
E02686,2025-11-01,,,,IT,Milan,Operations,L1,F,30,Permanent,Onsite,1.0,23550,24700,0.953,7,7,5,75
E02687,2026-01-03,,,,PL,Krakow,Tech,L2,F,20,Permanent,Onsite,1.0,30850,32800,0.941,5,5,4,85
E02688,2019-10-08,,,,DE,Munich,Customer Service,L3,F,30,Permanent,Remote,1.0,51600,54700,0.943,80,17,3,61
E02689,2025-01-17,,,,IT,Milan,HR,L5,F,26,Fixed-term,Remote,1.0,70100,75400,0.93,17,14,3,82
E02690,2025-07-08,,,,DE,Munich,Operations,L2,F,29,Fixed-term,Hybrid,1.0,48800,45100,1.082,11,11,3,74
E02691,2023-09-11,,,,PL,Krakow,Operations,L3,M,30,Permanent,Hybrid,1.0,33300,31900,1.044,33,33,3,67
E02692,2022-01-14,,,,IT,Milan,HR,L1,M,26,Permanent,Hybrid,1.0,26250,26000,1.01,53,30,5,37
E02693,2021-02-21,,,,IT,Milan,Customer Service,L1,F,29,Permanent,Hybrid,0.8,23400,23400,1.0,64,12,5,56
E02694,2023-10-31,,,,IT,Milan,Customer Service,L2,F,38,Fixed-term,Onsite,1.0,31250,29200,1.07,32,17,3,65
E02695,2014-05-11,,,,IT,Milan,Customer Service,L2,F,39,Permanent,Hybrid,1.0,28200,29200,0.966,145,145,4,61
E02696,2024-11-21,,,,DE,Munich,Finance,L3,M,25,Permanent,Hybrid,1.0,65050,66900,0.972,19,19,5,74
E02697,2022-10-06,,,,DE,Munich,Sales,L1,F,40,Fixed-term,Hybrid,1.0,37500,39900,0.94,44,44,3,69
E02698,2025-12-18,2026-03-22,Voluntary,Work-life balance,IT,Milan,Tech,L1,F,33,Fixed-term,Hybrid,1.0,31700,32500,0.975,3,3,4,61
E02699,2024-10-09,,,,IT,Milan,Sales,L3,F,41,Permanent,Hybrid,0.8,42450,43700,0.971,20,10,3,82
E02700,2024-09-16,,,,PL,Krakow,Finance,L1,M,30,Permanent,Hybrid,1.0,24100,23100,1.043,21,14,3,67
E02701,2026-04-17,,,,ES,Barcelona,Customer Service,L3,F,34,Permanent,Hybrid,1.0,32750,36000,0.91,2,2,3,53
E02702,2026-03-09,,,,PL,Krakow,Finance,L5,M,36,Permanent,Remote,1.0,54800,67000,0.818,3,3,3,61
E02703,2023-08-08,2025-07-24,Involuntary,Conduct,ES,Barcelona,Customer Service,L2,F,33,Fixed-term,Hybrid,1.0,21500,28100,0.765,23,23,4,40
E02704,2019-05-31,,,,DE,Munich,Customer Service,L4,M,51,Permanent,Hybrid,1.0,79050,71800,1.101,85,85,5,63
E02705,2018-12-23,,,,IT,Milan,Tech,L2,F,37,Permanent,Hybrid,1.0,42600,40600,1.049,90,90,3,73
E02706,2024-12-12,,,,PL,Krakow,Finance,L1,F,33,Permanent,Hybrid,1.0,19400,23100,0.84,18,11,2,71
E02707,2017-01-04,,,,IT,Milan,Operations,L1,M,48,Fixed-term,Hybrid,1.0,26650,24700,1.079,113,18,4,89
E02708,2020-05-10,2025-09-17,Voluntary,Manager / leadership,IT,Milan,Operations,L2,F,43,Permanent,Onsite,1.0,29000,30900,0.939,64,64,4,85
E02709,2025-11-19,,,,PL,Krakow,Operations,L2,F,44,Fixed-term,Onsite,1.0,23450,24900,0.942,7,7,3,66
E02710,2023-06-01,2026-04-26,Involuntary,Restructuring,IT,Milan,Operations,L2,M,28,Permanent,Hybrid,1.0,27600,30900,0.893,34,34,1,55
E02711,2023-06-30,,,,DE,Munich,Operations,L5,F,29,Permanent,Hybrid,1.0,105050,104700,1.003,36,36,3,58
E02712,2023-03-22,,,,IT,Milan,Tech,L2,M,40,Fixed-term,Onsite,1.0,46000,40600,1.133,39,6,4,80
E02713,2018-08-31,,,,PL,Krakow,Operations,L1,M,49,Fixed-term,Remote,1.0,19400,20000,0.97,94,21,3,70
E02714,2023-08-18,,,,PL,Krakow,Customer Service,L4,M,40,Fixed-term,Remote,1.0,45000,39700,1.134,34,24,4,71
E02715,2024-06-30,,,,PL,Krakow,Tech,L2,F,34,Permanent,Remote,1.0,28500,32800,0.869,24,9,2,36
E02716,2025-07-21,,,,IT,Milan,Customer Service,L1,F,37,Permanent,Hybrid,1.0,22400,23400,0.957,11,11,2,63
E02717,2026-03-23,,,,DE,Munich,Customer Service,L2,F,24,Fixed-term,Hybrid,0.8,32150,42800,0.751,3,3,2,53
E02718,2023-09-13,,,,IT,Milan,Sales,L1,F,28,Permanent,Hybrid,1.0,26700,27300,0.978,33,8,3,70
E02719,2026-04-18,,,,IT,Milan,Operations,L5,F,37,Fixed-term,Onsite,1.0,57300,71600,0.8,2,2,2,58
E02720,2024-12-10,2025-08-22,Voluntary,Career progression,DE,Munich,Operations,L4,M,36,Permanent,Onsite,1.0,72650,75800,0.958,8,8,4,69
E02721,2023-02-26,,,,DE,Munich,Tech,L1,M,48,Permanent,Remote,1.0,56200,47500,1.183,40,7,3,74
E02722,2017-12-31,,,,IT,Milan,Operations,L2,M,52,Permanent,Onsite,1.0,34150,30900,1.105,102,50,3,60
E02723,2017-05-16,2025-11-26,Voluntary,Manager / leadership,IT,Milan,Operations,L3,M,49,Permanent,Remote,1.0,43200,39500,1.094,102,30,2,72
E02724,2025-02-21,,,,PL,Krakow,Operations,L1,F,20,Fixed-term,Hybrid,1.0,18500,20000,0.925,16,12,2,54
E02725,2014-03-04,,,,ES,Barcelona,Customer Service,L4,F,46,Permanent,Onsite,1.0,51500,47200,1.091,147,16,3,56
E02726,2022-11-30,,,,IT,Milan,Customer Service,L2,M,32,Permanent,Onsite,1.0,27550,29200,0.943,43,14,3,71
E02727,2020-02-12,,,,IT,Milan,Finance,L3,F,31,Permanent,Remote,1.0,38050,45800,0.831,76,20,3,51
E02728,2022-12-20,,,,PL,Krakow,Operations,L3,M,31,Fixed-term,Hybrid,1.0,29800,31900,0.934,42,15,3,65
E02729,2022-02-21,,,,IT,Milan,Operations,L2,F,37,Permanent,Hybrid,1.0,30250,30900,0.979,52,24,3,85
E02730,2021-04-09,,,,IT,Milan,HR,L3,M,33,Permanent,Remote,1.0,37900,41600,0.911,62,32,3,44
E02731,2025-12-09,,,,DE,Munich,Customer Service,L3,M,20,Permanent,Hybrid,1.0,54650,54700,0.999,6,6,3,64
E02732,2025-07-16,,,,ES,Barcelona,Operations,L5,M,45,Fixed-term,Onsite,1.0,64500,68900,0.936,11,11,4,67
E02733,2022-02-02,,,,IT,Milan,Customer Service,L4,F,34,Permanent,Onsite,1.0,45200,49100,0.921,52,52,3,62
E02734,2021-05-12,,,,PL,Krakow,Customer Service,L5,F,42,Permanent,Hybrid,1.0,59500,54800,1.086,61,61,3,62
E02735,2024-02-29,,,,IT,Milan,Sales,L2,M,22,Permanent,Onsite,1.0,36750,34100,1.078,28,28,4,64
E02736,2025-05-04,,,,DE,Munich,Customer Service,L3,M,32,Permanent,Onsite,1.0,60100,54700,1.099,13,13,3,58
E02737,2024-08-22,,,,PL,Krakow,Operations,L1,F,27,Permanent,Onsite,1.0,19000,20000,0.95,22,9,3,54
E02738,2024-02-03,2025-12-15,Voluntary,Better external offer,IT,Milan,Customer Service,L4,M,40,Fixed-term,Hybrid,1.0,51150,49100,1.042,22,22,2,51
E02739,2024-12-22,,,,ES,Barcelona,Operations,L3,F,28,Permanent,Hybrid,1.0,34900,38000,0.918,18,13,3,54
E02740,2020-03-10,,,,PL,Krakow,Sales,L5,M,35,Fixed-term,Onsite,0.8,67650,63900,1.059,75,75,4,73
E02741,2025-01-11,,,,DE,Munich,Customer Service,L1,F,28,Permanent,Hybrid,1.0,27150,34200,0.794,17,17,4,48
E02742,2024-07-25,,,,PL,Krakow,Operations,L5,M,20,Fixed-term,Onsite,1.0,54500,57900,0.941,23,23,4,70
E02743,2019-05-22,,,,PL,Krakow,Customer Service,L2,M,40,Permanent,Hybrid,0.8,22350,23600,0.947,85,12,3,59
E02744,2024-10-21,,,,IT,Milan,Customer Service,L4,F,23,Fixed-term,Remote,1.0,46050,49100,0.938,20,6,2,67
E02745,2025-03-19,2026-02-22,Voluntary,Manager / leadership,PL,Krakow,Tech,L1,M,35,Permanent,Hybrid,1.0,23350,26200,0.891,11,11,4,60
E02746,2024-07-21,,,,PL,Krakow,Customer Service,L4,F,39,Permanent,Hybrid,1.0,36200,39700,0.912,23,7,3,43
E02747,2026-02-20,,,,PL,Krakow,Customer Service,L3,F,35,Fixed-term,Remote,1.0,30100,30200,0.997,4,4,3,61
E02748,2024-08-26,,,,IT,Milan,Sales,L2,M,34,Permanent,Hybrid,1.0,35200,34100,1.032,22,6,3,59
E02749,2023-10-22,2025-10-05,Voluntary,Manager / leadership,ES,Barcelona,Customer Service,L3,F,40,Fixed-term,Hybrid,1.0,36450,36000,1.012,24,24,3,60
E02750,2025-05-26,,,,PL,Krakow,Customer Service,L4,F,34,Permanent,Onsite,1.0,31600,39700,0.796,13,13,3,54
E02751,2020-04-13,,,,IT,Milan,Customer Service,L3,M,36,Permanent,Hybrid,1.0,39050,37400,1.044,74,36,4,65
E02752,2019-03-07,,,,PL,Krakow,Customer Service,L1,F,44,Permanent,Hybrid,1.0,20450,18900,1.082,87,18,4,74
E02753,2024-03-18,,,,ES,Barcelona,Customer Service,L3,F,30,Permanent,Hybrid,1.0,38900,36000,1.081,27,27,2,58
E02754,2023-09-19,,,,DE,Munich,Customer Service,L2,M,44,Permanent,Onsite,1.0,46200,42800,1.079,33,33,3,54
E02755,2026-01-03,,,,PL,Krakow,Sales,L1,F,21,Permanent,Onsite,1.0,19750,22000,0.898,5,5,3,48
E02756,2020-02-18,,,,PL,Krakow,Operations,L3,F,41,Permanent,Hybrid,0.8,31200,31900,0.978,76,44,3,68
E02757,2019-09-03,,,,PL,Krakow,HR,L2,F,34,Permanent,Onsite,1.0,30100,26200,1.149,81,12,2,53
E02758,2026-04-18,,,,PL,Krakow,Sales,L2,F,28,Fixed-term,Hybrid,1.0,25000,27600,0.906,2,2,5,49
E02759,2023-11-01,,,,IT,Milan,Sales,L2,F,25,Permanent,Remote,1.0,34250,34100,1.004,31,13,3,64
E02760,2023-06-05,,,,DE,Munich,Customer Service,L3,F,32,Permanent,Hybrid,1.0,59350,54700,1.085,36,36,3,55
E02761,2024-06-21,,,,PL,Krakow,Operations,L2,M,34,Fixed-term,Remote,1.0,27100,24900,1.088,24,24,5,70
E02762,2023-12-24,,,,PL,Krakow,Operations,L2,F,32,Permanent,Hybrid,1.0,25900,24900,1.04,30,13,3,67
E02763,2020-12-15,,,,PL,Krakow,Operations,L3,M,31,Permanent,Onsite,1.0,34400,31900,1.078,66,29,4,58
E02764,2022-12-19,,,,IT,Milan,Operations,L2,M,35,Permanent,Hybrid,1.0,33050,30900,1.07,42,6,3,72
E02765,2024-02-26,,,,PL,Krakow,Customer Service,L2,M,36,Permanent,Hybrid,1.0,20950,23600,0.888,28,22,4,47
E02766,2026-02-09,,,,IT,Milan,Customer Service,L3,M,26,Fixed-term,Hybrid,1.0,34100,37400,0.912,4,4,4,38
E02767,2022-04-15,,,,DE,Munich,Operations,L2,M,30,Permanent,Remote,1.0,47500,45100,1.053,50,21,3,84
E02768,2023-06-08,,,,DE,Munich,Tech,L4,M,50,Permanent,Hybrid,1.0,112600,99800,1.128,36,36,4,67
E02769,2025-01-26,2026-05-21,Voluntary,Career progression,ES,Barcelona,Sales,L3,M,40,Fixed-term,Onsite,1.0,36100,42000,0.86,16,15,3,42
E02770,2025-08-24,2026-06-09,Voluntary,Compensation,PL,Krakow,Operations,L1,F,20,Fixed-term,Hybrid,1.0,14100,20000,0.705,10,10,4,61
E02771,2020-01-10,,,,DE,Munich,HR,L1,F,47,Permanent,Onsite,1.0,40000,38000,1.053,77,8,1,90
E02772,2021-04-12,,,,PL,Krakow,Sales,L3,F,35,Permanent,Hybrid,1.0,36600,35300,1.037,62,12,4,74
E02773,2012-07-23,,,,PL,Krakow,Sales,L6,M,42,Permanent,Remote,1.0,83100,88200,0.942,167,35,3,51
E02774,2023-10-31,,,,ES,Barcelona,Customer Service,L6,F,32,Permanent,Hybrid,1.0,90500,90000,1.006,32,4,3,85
E02775,2025-12-20,2026-02-02,Voluntary,Better external offer,DE,Munich,Customer Service,L1,M,32,Permanent,Hybrid,1.0,28100,34200,0.822,2,2,3,43
E02776,2016-01-02,,,,DE,Munich,Sales,L2,F,41,Fixed-term,Onsite,1.0,51750,49900,1.037,125,125,3,43
E02777,2025-07-08,,,,ES,Barcelona,Sales,L2,M,28,Fixed-term,Hybrid,1.0,27300,32800,0.832,11,11,4,41
E02778,2023-10-10,,,,PL,Krakow,Operations,L2,F,29,Permanent,Hybrid,1.0,24500,24900,0.984,32,25,3,62
E02779,2023-04-05,,,,IT,Milan,Finance,L2,F,34,Permanent,Hybrid,0.8,32700,35800,0.913,38,1,4,57
E02780,2021-10-05,,,,IT,Milan,Operations,L4,M,40,Permanent,Onsite,0.8,53250,51900,1.026,56,56,3,59
E02781,2020-02-18,,,,ES,Barcelona,HR,L2,M,34,Permanent,Onsite,1.0,28850,31200,0.925,76,25,3,47
E02782,2023-04-15,,,,IT,Milan,Customer Service,L3,F,31,Permanent,Remote,1.0,36000,37400,0.963,38,17,3,57
E02783,2025-01-08,,,,ES,Barcelona,Finance,L1,F,30,Fixed-term,Hybrid,1.0,25650,27500,0.933,17,10,3,77
E02784,2024-12-11,,,,IT,Milan,Sales,L3,F,33,Permanent,Onsite,1.0,38750,43700,0.887,18,18,5,59
E02785,2020-05-01,,,,PL,Krakow,Operations,L1,M,40,Permanent,Onsite,1.0,20850,20000,1.042,73,23,4,84
E02786,2025-02-24,,,,IT,Milan,Tech,L2,M,37,Permanent,Hybrid,1.0,45550,40600,1.122,16,16,3,77
E02787,2023-08-05,,,,DE,Munich,Operations,L4,F,31,Permanent,Remote,1.0,59950,75800,0.791,34,34,4,48
E02788,2023-08-22,,,,PL,Krakow,Finance,L3,F,40,Permanent,Hybrid,1.0,40400,37000,1.092,34,27,3,61
E02789,2024-10-14,,,,IT,Milan,Tech,L4,M,27,Permanent,Hybrid,1.0,61700,68200,0.905,20,20,2,62
E02790,2021-11-14,,,,DE,Munich,Operations,L2,F,48,Permanent,Onsite,1.0,45200,45100,1.002,55,40,3,40
E02791,2024-02-03,,,,IT,Milan,Customer Service,L2,F,36,Permanent,Remote,1.0,29950,29200,1.026,28,15,3,68
E02792,2025-05-30,,,,IT,Milan,Operations,L2,F,45,Fixed-term,Hybrid,1.0,26550,30900,0.859,13,13,3,67
E02793,2023-06-08,,,,DE,Munich,Operations,L1,F,28,Permanent,Onsite,1.0,36200,36100,1.003,36,4,3,64
E02794,2025-02-09,,,,DE,Munich,Sales,L1,M,36,Fixed-term,Hybrid,1.0,38250,39900,0.959,16,11,3,63
E02795,2019-11-11,,,,DE,Munich,HR,L2,M,40,Fixed-term,Onsite,1.0,50700,47500,1.067,79,11,2,61
E02796,2025-08-03,,,,DE,Munich,Customer Service,L6,M,37,Permanent,Hybrid,1.0,144400,136800,1.056,10,10,4,71
E02797,2018-07-11,,,,PL,Krakow,Tech,L4,M,29,Permanent,Hybrid,1.0,54500,55100,0.989,95,39,2,44
E02798,2018-01-10,2026-03-17,Voluntary,Work-life balance,ES,Barcelona,Customer Service,L2,M,44,Permanent,Remote,1.0,27500,28100,0.979,98,9,2,71
E02799,2013-07-09,,,,PL,Krakow,Customer Service,L1,F,52,Permanent,Onsite,0.8,20200,18900,1.069,155,40,3,51
E02800,2026-06-22,,,,PL,Krakow,Operations,L3,M,32,Permanent,Hybrid,1.0,25050,31900,0.785,0,0,3,63
E02801,2022-11-25,,,,PL,Krakow,Operations,L1,M,37,Permanent,Hybrid,1.0,20850,20000,1.042,43,7,3,70
E02802,2023-08-06,,,,PL,Krakow,Sales,L4,M,23,Permanent,Hybrid,1.0,43800,46300,0.946,34,5,3,75
E02803,2021-10-16,2025-07-11,Involuntary,Conduct,PL,Krakow,Customer Service,L2,F,33,Permanent,Onsite,1.0,26250,23600,1.112,45,45,5,56
E02804,2020-12-20,,,,DE,Munich,Operations,L2,F,55,Permanent,Hybrid,1.0,48500,45100,1.075,66,6,3,73
E02805,2022-10-20,,,,DE,Munich,Finance,L2,F,34,Permanent,Remote,1.0,53200,52300,1.017,44,24,3,66
E02806,2020-05-11,2025-12-28,Involuntary,Conduct,PL,Krakow,Operations,L4,M,45,Permanent,Onsite,1.0,37150,41900,0.887,67,15,4,70
E02807,2025-04-17,,,,ES,Barcelona,Tech,L5,M,39,Permanent,Onsite,1.0,88550,90600,0.977,14,12,4,71
E02808,2017-10-09,,,,IT,Milan,Operations,L4,M,36,Permanent,Hybrid,1.0,50600,51900,0.975,104,7,3,79
E02809,2025-04-06,,,,PL,Krakow,HR,L5,F,31,Fixed-term,Hybrid,1.0,53800,60900,0.883,14,7,3,54
E02810,2025-06-10,,,,IT,Milan,Customer Service,L4,M,20,Permanent,Onsite,0.8,51950,49100,1.058,12,12,5,67
E02811,2022-04-02,,,,PL,Krakow,Tech,L3,M,39,Permanent,Hybrid,1.0,37050,42000,0.882,50,50,3,44
E02812,2023-12-22,2026-04-10,Voluntary,Work-life balance,PL,Krakow,Tech,L2,F,30,Permanent,Hybrid,1.0,30050,32800,0.916,28,14,4,74
E02813,2025-12-19,,,,DE,Munich,Customer Service,L2,F,30,Fixed-term,Remote,1.0,39800,42800,0.93,6,6,3,69
E02814,2025-03-21,,,,PL,Krakow,Customer Service,L4,M,20,Permanent,Onsite,1.0,38500,39700,0.97,15,15,3,68
E02815,2020-03-12,,,,DE,Munich,Customer Service,L4,M,36,Permanent,Hybrid,1.0,85700,71800,1.194,75,9,3,75
E02816,2025-09-10,2026-04-20,Voluntary,Work-life balance,DE,Munich,Operations,L1,F,28,Fixed-term,Hybrid,1.0,37600,36100,1.042,7,7,4,73
E02817,2020-12-23,2026-05-20,Voluntary,Relocation,PL,Krakow,Customer Service,L2,M,35,Permanent,Hybrid,1.0,20150,23600,0.854,65,65,3,38
E02818,2012-07-08,,,,IT,Milan,Operations,L2,M,57,Permanent,Onsite,1.0,34400,30900,1.113,167,16,3,74
E02819,2021-08-09,,,,IT,Milan,Operations,L3,F,26,Permanent,Hybrid,0.8,36600,39500,0.927,58,31,3,64
E02820,2022-08-10,,,,PL,Krakow,Operations,L1,M,34,Permanent,Hybrid,0.8,20450,20000,1.022,46,46,3,49
E02821,2025-02-06,,,,DE,Munich,Tech,L1,M,42,Fixed-term,Onsite,1.0,44250,47500,0.932,16,16,2,74
E02822,2025-08-15,,,,ES,Barcelona,HR,L2,F,27,Fixed-term,Onsite,1.0,27700,31200,0.888,10,10,1,51
E02823,2025-02-07,,,,DE,Munich,Tech,L2,F,30,Permanent,Hybrid,1.0,52050,59400,0.876,16,16,3,52
E02824,2025-02-15,,,,PL,Krakow,Customer Service,L4,F,30,Permanent,Onsite,1.0,40600,39700,1.023,16,13,1,63
E02825,2026-06-30,,,,DE,Munich,Sales,L2,F,34,Permanent,Onsite,0.8,43950,49900,0.881,0,0,4,59
E02826,2020-07-05,,,,PL,Krakow,Finance,L1,M,23,Permanent,Hybrid,0.8,23900,23100,1.035,71,71,3,56
E02827,2020-01-23,,,,PL,Krakow,Customer Service,L1,F,46,Permanent,Remote,1.0,18400,18900,0.974,77,17,3,60
E02828,2020-06-08,,,,PL,Krakow,Operations,L1,M,39,Permanent,Hybrid,1.0,21200,20000,1.06,72,29,2,62
E02829,2024-12-19,,,,IT,Milan,Sales,L1,M,36,Permanent,Hybrid,1.0,27600,27300,1.011,18,18,3,59
E02830,2023-07-21,,,,ES,Barcelona,Customer Service,L1,F,32,Permanent,Hybrid,1.0,24100,22500,1.071,35,10,3,78
E02831,2023-11-09,,,,ES,Barcelona,Tech,L1,F,28,Permanent,Hybrid,1.0,34350,31200,1.101,31,31,3,51
E02832,2024-01-23,,,,DE,Munich,HR,L1,F,35,Permanent,Hybrid,1.0,43450,38000,1.143,29,29,3,48
E02833,2025-09-22,2026-01-28,Voluntary,Work-life balance,PL,Krakow,Customer Service,L3,M,33,Permanent,Onsite,1.0,26350,30200,0.873,4,4,3,48
E02834,2025-07-06,,,,ES,Barcelona,HR,L3,F,34,Fixed-term,Hybrid,1.0,30850,40000,0.771,11,11,3,59
E02835,2015-07-20,2025-07-05,Voluntary,Career progression,PL,Krakow,HR,L1,M,42,Fixed-term,Hybrid,1.0,16700,21000,0.795,120,120,3,36
E02836,2020-07-03,,,,PL,Krakow,Tech,L1,M,42,Permanent,Hybrid,1.0,28950,26200,1.105,71,19,3,75
E02837,2020-04-12,,,,IT,Milan,Customer Service,L1,F,41,Permanent,Hybrid,1.0,22650,23400,0.968,74,17,1,82
E02838,2021-01-20,,,,PL,Krakow,Operations,L2,M,28,Permanent,Hybrid,1.0,27950,24900,1.122,65,65,3,71
E02839,2025-08-22,,,,PL,Krakow,Customer Service,L3,F,32,Permanent,Hybrid,1.0,28550,30200,0.945,10,10,2,65
E02840,2024-01-04,,,,PL,Krakow,Operations,L6,M,38,Permanent,Hybrid,1.0,82350,79800,1.032,29,29,3,72
E02841,2024-09-16,2026-05-16,Voluntary,Compensation,PL,Krakow,Operations,L5,M,48,Permanent,Onsite,1.0,51850,57900,0.896,20,20,3,57
E02842,2017-11-11,,,,ES,Barcelona,Tech,L2,M,38,Permanent,Onsite,1.0,45150,39100,1.155,103,103,3,60
E02843,2017-07-06,,,,PL,Krakow,Sales,L4,M,40,Permanent,Onsite,1.0,47000,46300,1.015,107,19,3,78
E02844,2024-05-31,,,,DE,Munich,Finance,L2,F,33,Permanent,Hybrid,1.0,47950,52300,0.917,25,10,3,37
E02845,2024-10-21,,,,DE,Munich,Customer Service,L1,F,27,Permanent,Hybrid,1.0,34100,34200,0.997,20,20,3,66
E02846,2012-07-09,,,,DE,Munich,Tech,L3,M,49,Permanent,Hybrid,1.0,75850,76000,0.998,167,167,4,76
E02847,2026-04-15,,,,PL,Krakow,Customer Service,L1,M,30,Fixed-term,Onsite,1.0,17550,18900,0.929,2,2,3,66
E02848,2024-10-22,,,,DE,Munich,Customer Service,L2,F,28,Permanent,Remote,1.0,46550,42800,1.088,20,17,4,86
E02849,2025-06-26,,,,PL,Krakow,Operations,L2,F,23,Permanent,Hybrid,1.0,25650,24900,1.03,12,12,3,74
E02850,2020-02-11,,,,IT,Milan,Tech,L5,M,34,Permanent,Onsite,1.0,106600,94200,1.132,76,22,2,65
E02851,2025-12-05,,,,IT,Milan,Operations,L5,M,26,Permanent,Onsite,1.0,64450,71600,0.9,6,6,3,50
E02852,2026-01-19,,,,ES,Barcelona,Customer Service,L4,F,28,Permanent,Hybrid,1.0,43450,47200,0.921,5,5,3,68
E02853,2025-09-13,,,,IT,Milan,Sales,L5,M,31,Permanent,Hybrid,1.0,82300,79200,1.039,9,9,4,84
E02854,2025-05-02,,,,PL,Krakow,Operations,L1,M,31,Permanent,Remote,1.0,20950,20000,1.048,13,13,3,74
E02855,2020-04-05,,,,IT,Milan,Operations,L1,M,37,Permanent,Hybrid,1.0,23950,24700,0.97,74,74,3,75
E02856,2018-03-02,,,,PL,Krakow,Customer Service,L2,F,43,Permanent,Onsite,1.0,24950,23600,1.057,99,99,4,45
E02857,2023-02-07,,,,PL,Krakow,Customer Service,L3,F,22,Permanent,Onsite,1.0,34300,30200,1.136,40,12,2,57
E02858,2025-06-24,,,,PL,Krakow,Customer Service,L2,F,38,Fixed-term,Hybrid,1.0,22750,23600,0.964,12,12,3,60
E02859,2025-09-02,2025-12-24,Voluntary,Better external offer,IT,Milan,Customer Service,L2,F,34,Fixed-term,Remote,1.0,24050,29200,0.824,3,3,3,37
E02860,2016-02-09,,,,ES,Barcelona,Sales,L1,M,51,Permanent,Remote,1.0,29450,26200,1.124,124,44,3,66
E02861,2018-09-06,2025-12-19,Voluntary,Manager / leadership,IT,Milan,Tech,L2,F,42,Permanent,Onsite,1.0,44500,40600,1.096,87,37,4,61
E02862,2025-11-08,2026-04-05,Voluntary,Career progression,PL,Krakow,Finance,L1,F,35,Fixed-term,Hybrid,1.0,19600,23100,0.848,5,5,2,57
E02863,2026-04-04,,,,IT,Milan,HR,L5,F,40,Fixed-term,Hybrid,1.0,65650,75400,0.871,2,2,2,54
E02864,2025-10-14,,,,DE,Munich,Operations,L1,M,38,Fixed-term,Hybrid,1.0,34900,36100,0.967,8,8,2,59
E02865,2021-07-05,,,,DE,Munich,Operations,L4,M,30,Permanent,Hybrid,1.0,78350,75800,1.034,59,59,3,53
E02866,2023-05-01,,,,PL,Krakow,Finance,L1,M,34,Permanent,Hybrid,1.0,24250,23100,1.05,37,11,3,68
E02867,2023-10-25,,,,IT,Milan,Customer Service,L3,M,33,Permanent,Onsite,0.8,35400,37400,0.947,32,28,4,51
E02868,2020-05-26,2026-04-21,Voluntary,Compensation,PL,Krakow,Customer Service,L1,M,41,Permanent,Hybrid,1.0,20200,18900,1.069,71,71,3,57
E02869,2023-08-17,,,,PL,Krakow,Customer Service,L3,M,40,Permanent,Hybrid,1.0,33250,30200,1.101,34,17,2,68
E02870,2025-12-03,,,,ES,Barcelona,Customer Service,L1,F,47,Permanent,Remote,1.0,22600,22500,1.004,6,6,3,62
E02871,2019-12-03,,,,PL,Krakow,Operations,L4,F,36,Fixed-term,Remote,1.0,39800,41900,0.95,78,78,3,53
E02872,2025-05-13,,,,IT,Milan,Sales,L1,F,34,Permanent,Remote,1.0,26400,27300,0.967,13,13,4,68
E02873,2023-12-02,,,,IT,Milan,Operations,L5,M,20,Permanent,Remote,1.0,75850,71600,1.059,30,30,3,52
E02874,2025-05-02,,,,DE,Munich,Customer Service,L2,M,41,Permanent,Hybrid,1.0,43050,42800,1.006,13,13,4,75
E02875,2025-08-02,,,,PL,Krakow,Sales,L1,F,24,Fixed-term,Onsite,1.0,19850,22000,0.902,10,10,3,52
E02876,2021-09-09,,,,IT,Milan,Customer Service,L1,F,33,Permanent,Onsite,1.0,22500,23400,0.962,57,57,3,53
E02877,2020-06-03,,,,IT,Milan,Operations,L4,M,31,Permanent,Remote,1.0,56950,51900,1.097,72,15,3,53
E02878,2025-06-13,,,,PL,Krakow,Finance,L1,M,32,Permanent,Onsite,1.0,22750,23100,0.985,12,12,5,70
E02879,2021-12-05,,,,PL,Krakow,HR,L1,M,36,Permanent,Onsite,1.0,21100,21000,1.005,54,54,4,72
E02880,2024-11-23,,,,PL,Krakow,Customer Service,L2,F,29,Permanent,Onsite,1.0,22900,23600,0.97,19,8,3,63
E02881,2024-05-12,,,,IT,Milan,Customer Service,L3,F,37,Permanent,Onsite,1.0,37200,37400,0.995,25,25,4,51
E02882,2023-02-15,,,,DE,Munich,Customer Service,L3,F,21,Permanent,Hybrid,1.0,53900,54700,0.985,40,40,3,66
E02883,2024-11-04,2025-08-02,Voluntary,Work-life balance,IT,Milan,Operations,L2,M,28,Permanent,Onsite,0.8,33800,30900,1.094,9,9,1,66
E02884,2025-10-05,,,,DE,Munich,Customer Service,L3,F,42,Fixed-term,Hybrid,1.0,52750,54700,0.964,8,8,3,50
E02885,2023-08-10,,,,PL,Krakow,Customer Service,L2,F,34,Permanent,Hybrid,1.0,27000,23600,1.144,34,16,4,66
E02886,2024-08-21,,,,ES,Barcelona,Customer Service,L2,F,27,Permanent,Hybrid,1.0,25600,28100,0.911,22,22,4,46
E02887,2022-06-19,,,,IT,Milan,HR,L1,F,26,Permanent,Hybrid,1.0,24700,26000,0.95,48,12,4,82
E02888,2021-10-07,,,,IT,Milan,Operations,L1,F,38,Permanent,Onsite,1.0,22850,24700,0.925,56,36,3,58
E02889,2025-06-03,,,,PL,Krakow,Sales,L1,F,20,Permanent,Hybrid,1.0,18850,22000,0.857,12,12,3,54
E02890,2025-05-15,2025-10-26,Involuntary,Restructuring,PL,Krakow,Tech,L1,M,40,Fixed-term,Onsite,1.0,23650,26200,0.903,5,5,3,48
E02891,2024-10-01,,,,ES,Barcelona,Operations,L3,F,37,Permanent,Onsite,1.0,32850,38000,0.864,20,20,4,47
E02892,2023-07-24,2025-10-08,Involuntary,End of fixed-term contract,IT,Milan,Tech,L1,M,20,Permanent,Onsite,1.0,32700,32500,1.006,27,27,3,50
E02893,2025-11-13,,,,IT,Milan,HR,L3,F,20,Permanent,Remote,1.0,34650,41600,0.833,7,7,3,47
E02894,2025-12-03,,,,PL,Krakow,Tech,L5,M,32,Permanent,Hybrid,1.0,82750,76100,1.087,6,6,4,68
E02895,2023-08-24,2026-01-27,Voluntary,Compensation,IT,Milan,Operations,L2,M,50,Permanent,Onsite,0.8,26650,30900,0.862,29,29,3,37
E02896,2024-03-08,,,,IT,Milan,Tech,L5,F,47,Permanent,Hybrid,1.0,102200,94200,1.085,27,19,4,71
E02897,2018-08-11,,,,DE,Munich,Tech,L3,F,30,Permanent,Onsite,1.0,77800,76000,1.024,94,41,3,60
E02898,2025-02-11,,,,IT,Milan,Operations,L3,F,31,Permanent,Hybrid,1.0,44650,39500,1.13,16,15,4,74
E02899,2025-06-14,,,,PL,Krakow,Customer Service,L2,M,40,Permanent,Onsite,1.0,22550,23600,0.956,12,12,3,49
E02900,2024-02-10,,,,DE,Munich,Finance,L2,F,28,Permanent,Hybrid,1.0,49450,52300,0.946,28,12,3,74
E02901,2021-03-22,2026-01-05,Voluntary,Work-life balance,PL,Krakow,Customer Service,L2,F,46,Permanent,Hybrid,1.0,24350,23600,1.032,58,58,3,44
E02902,2023-12-25,,,,IT,Milan,Finance,L3,M,38,Permanent,Hybrid,1.0,46600,45800,1.017,30,21,3,71
E02903,2022-04-20,,,,IT,Milan,Sales,L3,M,46,Permanent,Onsite,1.0,45200,43700,1.034,50,24,4,80
E02904,2025-04-26,,,,PL,Krakow,Operations,L2,M,33,Fixed-term,Onsite,1.0,25300,24900,1.016,14,6,3,66
E02905,2016-10-11,,,,IT,Milan,Operations,L2,M,41,Permanent,Onsite,1.0,29300,30900,0.948,116,116,4,59
E02906,2022-12-11,,,,IT,Milan,Operations,L3,M,27,Permanent,Remote,1.0,42450,39500,1.075,42,42,2,55
E02907,2024-01-08,,,,IT,Milan,Tech,L2,M,29,Permanent,Onsite,1.0,43050,40600,1.06,29,28,3,57
E02908,2015-09-26,,,,ES,Barcelona,Finance,L2,M,33,Permanent,Hybrid,1.0,34150,34400,0.993,129,15,4,74
E02909,2024-09-01,,,,DE,Munich,Finance,L2,M,30,Permanent,Onsite,1.0,56550,52300,1.081,21,16,3,69
E02910,2023-09-18,2025-11-02,Voluntary,Compensation,DE,Munich,Customer Service,L2,M,28,Permanent,Hybrid,1.0,38200,42800,0.893,26,19,3,27
E02911,2025-05-31,2025-07-15,Voluntary,Career progression,IT,Milan,Customer Service,L3,F,34,Fixed-term,Hybrid,1.0,32150,37400,0.86,2,2,4,64
E02912,2021-11-24,,,,PL,Krakow,Tech,L5,M,43,Permanent,Hybrid,1.0,83700,76100,1.1,55,55,4,78
E02913,2026-02-15,,,,IT,Milan,Tech,L2,F,22,Fixed-term,Remote,1.0,27200,40600,0.67,4,4,4,67
E02914,2023-03-21,,,,DE,Munich,Customer Service,L3,F,46,Permanent,Hybrid,1.0,58550,54700,1.07,39,23,3,69
E02915,2024-02-24,,,,IT,Milan,Customer Service,L3,M,30,Permanent,Hybrid,1.0,40700,37400,1.088,28,28,3,61
E02916,2023-06-30,,,,IT,Milan,Finance,L2,F,25,Permanent,Hybrid,1.0,40950,35800,1.144,36,31,4,76
E02917,2023-03-08,,,,DE,Munich,Operations,L4,M,27,Fixed-term,Hybrid,1.0,91450,75800,1.206,39,22,4,74
E02918,2023-06-01,,,,PL,Krakow,Tech,L3,M,44,Permanent,Onsite,1.0,45400,42000,1.081,36,20,3,70
E02919,2025-10-30,,,,PL,Krakow,Finance,L3,M,20,Permanent,Onsite,0.8,33050,37000,0.893,8,8,3,61
E02920,2025-05-08,,,,IT,Milan,Sales,L2,M,34,Permanent,Hybrid,1.0,34850,34100,1.022,13,13,3,77
E02921,2015-03-01,,,,DE,Munich,Sales,L1,M,41,Permanent,Hybrid,1.0,39850,39900,0.999,135,32,3,56
E02922,2025-07-11,2026-05-13,Voluntary,Compensation,IT,Milan,Finance,L3,M,29,Permanent,Hybrid,1.0,43450,45800,0.949,10,10,2,80
E02923,2023-11-20,,,,PL,Krakow,Tech,L2,F,34,Permanent,Remote,1.0,28050,32800,0.855,31,31,3,53
E02924,2019-12-24,,,,PL,Krakow,Tech,L2,F,35,Permanent,Hybrid,1.0,34850,32800,1.062,78,78,3,66
E02925,2024-06-15,,,,DE,Munich,Finance,L3,F,30,Permanent,Hybrid,1.0,66550,66900,0.995,24,24,3,74
E02926,2025-07-19,,,,DE,Munich,Sales,L2,F,26,Fixed-term,Hybrid,1.0,48250,49900,0.967,11,11,4,71
E02927,2018-06-08,,,,IT,Milan,Customer Service,L5,M,36,Permanent,Hybrid,1.0,70150,67900,1.033,96,2,4,66
E02928,2025-06-05,2025-10-07,Voluntary,Better external offer,PL,Krakow,Customer Service,L3,M,33,Fixed-term,Remote,0.8,27300,30200,0.904,4,4,3,30
E02929,2026-01-16,,,,ES,Barcelona,Customer Service,L6,M,26,Permanent,Onsite,1.0,79700,90000,0.886,5,5,3,50
E02930,2025-04-10,2026-01-03,Voluntary,Career progression,IT,Milan,Customer Service,L2,F,34,Fixed-term,Hybrid,1.0,26750,29200,0.916,9,8,3,52
E02931,2025-05-06,,,,DE,Munich,Operations,L3,M,38,Permanent,Hybrid,1.0,56550,57800,0.978,13,13,1,53
E02932,2022-08-07,,,,PL,Krakow,Finance,L1,M,32,Permanent,Hybrid,1.0,19800,23100,0.857,46,27,3,55
E02933,2024-04-02,,,,PL,Krakow,Tech,L3,M,29,Permanent,Remote,1.0,39750,42000,0.946,26,19,2,47
E02934,2024-01-04,,,,PL,Krakow,Customer Service,L3,F,31,Permanent,Onsite,1.0,32550,30200,1.078,29,10,3,46
E02935,2026-04-02,,,,IT,Milan,HR,L3,F,24,Fixed-term,Hybrid,1.0,39150,41600,0.941,2,2,3,72
E02936,2021-09-23,,,,ES,Barcelona,Customer Service,L4,F,36,Fixed-term,Hybrid,1.0,57350,47200,1.215,57,16,2,63
E02937,2024-11-15,,,,ES,Barcelona,Customer Service,L5,M,33,Permanent,Hybrid,1.0,65000,65200,0.997,19,19,4,82
E02938,2022-06-07,,,,DE,Munich,Tech,L5,M,24,Permanent,Onsite,1.0,138200,137800,1.003,48,8,3,52
E02939,2015-08-09,,,,IT,Milan,HR,L1,F,55,Fixed-term,Remote,0.8,28000,26000,1.077,130,130,4,61
E02940,2020-03-05,,,,PL,Krakow,Operations,L2,M,39,Permanent,Remote,1.0,28600,24900,1.149,75,75,3,60
E02941,2022-04-15,,,,DE,Munich,Tech,L3,F,35,Fixed-term,Hybrid,1.0,75850,76000,0.998,50,9,4,72
E02942,2024-07-17,,,,ES,Barcelona,Sales,L6,M,43,Permanent,Hybrid,1.0,106800,105000,1.017,23,23,2,88
E02943,2022-06-14,,,,PL,Krakow,Tech,L6,F,28,Permanent,Hybrid,1.0,111800,105000,1.065,48,48,3,66
E02944,2021-04-09,,,,IT,Milan,Operations,L4,M,36,Permanent,Onsite,1.0,52850,51900,1.018,62,62,2,47
E02945,2022-11-26,,,,PL,Krakow,HR,L1,M,20,Permanent,Onsite,1.0,21250,21000,1.012,43,33,4,45
E02946,2024-02-08,,,,ES,Barcelona,HR,L4,M,20,Permanent,Hybrid,1.0,50500,52500,0.962,28,6,3,79
E02947,2026-05-15,,,,PL,Krakow,Tech,L1,F,28,Fixed-term,Onsite,1.0,24150,26200,0.922,1,1,3,63
E02948,2020-05-01,,,,IT,Milan,Sales,L1,F,41,Permanent,Onsite,1.0,26250,27300,0.962,73,15,1,73
E02949,2022-08-01,,,,DE,Munich,Tech,L1,F,29,Permanent,Hybrid,1.0,48900,47500,1.029,46,26,5,69
E02950,2025-10-20,,,,DE,Munich,Finance,L2,M,33,Permanent,Onsite,1.0,46300,52300,0.885,8,8,4,50
E02951,2025-07-24,,,,IT,Milan,Operations,L6,F,21,Fixed-term,Remote,1.0,91350,98800,0.925,11,11,3,64
E02952,2024-06-02,2026-02-06,Involuntary,End of fixed-term contract,PL,Krakow,Tech,L1,F,37,Fixed-term,Onsite,1.0,22300,26200,0.851,20,15,3,44
E02953,2025-01-12,,,,DE,Munich,Operations,L2,M,25,Permanent,Remote,0.8,41650,45100,0.924,17,11,3,57
E02954,2025-10-07,,,,ES,Barcelona,Operations,L3,F,35,Permanent,Onsite,1.0,41700,38000,1.097,8,8,4,65
E02955,2020-02-10,,,,PL,Krakow,Operations,L1,F,27,Permanent,Hybrid,0.8,21800,20000,1.09,76,50,4,70
E02956,2020-08-30,,,,PL,Krakow,Sales,L3,M,54,Fixed-term,Onsite,1.0,35800,35300,1.014,70,17,4,64
E02957,2026-03-18,,,,IT,Milan,Operations,L1,M,37,Permanent,Hybrid,1.0,19850,24700,0.804,3,3,3,61
E02958,2019-12-17,,,,IT,Milan,Customer Service,L4,F,42,Permanent,Hybrid,1.0,56250,49100,1.146,78,32,3,56
E02959,2022-01-18,,,,IT,Milan,Customer Service,L2,M,30,Permanent,Onsite,1.0,30750,29200,1.053,53,53,3,62
E02960,2025-12-27,,,,PL,Krakow,Operations,L1,M,33,Permanent,Hybrid,1.0,18800,20000,0.94,6,6,2,79
E02961,2026-01-18,,,,DE,Munich,Customer Service,L4,M,30,Fixed-term,Hybrid,1.0,65100,71800,0.907,5,5,3,57
E02962,2025-08-14,,,,PL,Krakow,Customer Service,L5,F,35,Fixed-term,Hybrid,1.0,52650,54800,0.961,10,10,4,77
E02963,2021-04-01,,,,ES,Barcelona,Operations,L1,M,32,Permanent,Hybrid,0.8,25200,23800,1.059,62,62,3,69
E02964,2020-05-30,,,,PL,Krakow,Customer Service,L1,F,27,Permanent,Hybrid,1.0,18400,18900,0.974,73,73,3,62
E02965,2019-11-08,,,,DE,Munich,Operations,L2,F,51,Permanent,Remote,1.0,53050,45100,1.176,79,79,3,51
E02966,2021-11-15,,,,IT,Milan,Customer Service,L2,M,39,Permanent,Hybrid,1.0,29300,29200,1.003,55,26,3,64
E02967,2026-02-23,,,,PL,Krakow,Customer Service,L2,M,39,Fixed-term,Hybrid,1.0,20750,23600,0.879,4,4,1,50
E02968,2024-10-18,,,,DE,Munich,Operations,L5,F,42,Permanent,Onsite,1.0,96800,104700,0.925,20,20,3,83
E02969,2018-01-08,,,,PL,Krakow,Sales,L1,M,47,Permanent,Remote,1.0,21650,22000,0.984,101,101,4,72
E02970,2025-09-12,,,,IT,Milan,Customer Service,L5,M,36,Fixed-term,Onsite,1.0,67200,67900,0.99,9,9,3,59
E02971,2022-01-06,,,,ES,Barcelona,Finance,L1,M,37,Permanent,Hybrid,1.0,29050,27500,1.056,53,53,4,55
E02972,2021-08-21,,,,ES,Barcelona,Sales,L3,M,30,Permanent,Hybrid,1.0,46050,42000,1.096,58,20,2,64
E02973,2017-08-11,,,,DE,Munich,Customer Service,L2,F,33,Permanent,Onsite,1.0,43350,42800,1.013,106,29,5,50
E02974,2025-12-13,,,,IT,Milan,Sales,L1,F,34,Fixed-term,Hybrid,1.0,24450,27300,0.896,6,6,3,58
E02975,2025-02-07,,,,PL,Krakow,Operations,L4,F,29,Fixed-term,Hybrid,0.8,36200,41900,0.864,16,16,3,51
E02976,2025-07-09,2026-03-21,Involuntary,End of fixed-term contract,DE,Munich,Customer Service,L2,F,30,Fixed-term,Hybrid,1.0,34550,42800,0.807,8,8,3,52
E02977,2023-11-24,,,,DE,Munich,Operations,L2,M,26,Fixed-term,Hybrid,1.0,50200,45100,1.113,31,31,3,64
E02978,2025-10-09,,,,IT,Milan,Customer Service,L4,M,26,Fixed-term,Remote,1.0,46450,49100,0.946,8,8,3,53
E02979,2021-08-16,,,,DE,Munich,Customer Service,L3,M,39,Permanent,Hybrid,0.8,56300,54700,1.029,58,58,3,53
E02980,2022-01-23,2026-05-22,Voluntary,Career progression,DE,Munich,Operations,L3,F,25,Permanent,Hybrid,1.0,52750,57800,0.913,52,52,2,36
E02981,2020-07-05,,,,ES,Barcelona,Customer Service,L2,F,28,Permanent,Remote,1.0,26750,28100,0.952,71,33,4,54
E02982,2024-08-04,,,,DE,Munich,Sales,L1,F,34,Permanent,Hybrid,1.0,43100,39900,1.08,22,2,3,72
E02983,2026-04-16,,,,IT,Milan,Operations,L2,F,28,Permanent,Hybrid,1.0,29950,30900,0.969,2,2,2,81
E02984,2022-12-22,,,,ES,Barcelona,HR,L1,F,31,Permanent,Hybrid,1.0,26250,25000,1.05,42,31,3,79
E02985,2022-10-03,,,,IT,Milan,Customer Service,L2,M,25,Permanent,Onsite,1.0,28500,29200,0.976,44,44,3,59
E02986,2024-08-20,,,,PL,Krakow,HR,L2,F,40,Permanent,Onsite,1.0,22250,26200,0.849,22,22,3,41
E02987,2022-10-14,,,,PL,Krakow,Sales,L2,M,38,Permanent,Onsite,1.0,27850,27600,1.009,44,44,3,71
E02988,2025-01-23,,,,PL,Krakow,Customer Service,L5,F,28,Permanent,Remote,1.0,56500,54800,1.031,17,15,2,59
E02989,2019-03-03,,,,PL,Krakow,Operations,L1,F,40,Permanent,Hybrid,1.0,17450,20000,0.873,87,87,3,47
E02990,2024-08-08,,,,PL,Krakow,Tech,L1,F,32,Permanent,Remote,1.0,26550,26200,1.013,22,22,4,72
E02991,2023-08-25,,,,ES,Barcelona,Finance,L1,F,34,Permanent,Remote,1.0,29550,27500,1.075,34,13,3,62
E02992,2026-02-02,,,,PL,Krakow,Operations,L3,M,32,Permanent,Remote,1.0,27300,31900,0.856,4,4,3,49
E02993,2023-09-01,,,,IT,Milan,HR,L2,F,36,Permanent,Onsite,1.0,32900,32500,1.012,33,20,3,62
E02994,2025-01-25,,,,PL,Krakow,HR,L1,M,32,Fixed-term,Onsite,0.8,18650,21000,0.888,17,3,4,66
E02995,2024-12-25,,,,PL,Krakow,Customer Service,L1,M,29,Permanent,Hybrid,1.0,16700,18900,0.884,18,18,3,50
E02996,2019-11-22,,,,PL,Krakow,Tech,L1,F,41,Permanent,Remote,1.0,29300,26200,1.118,79,10,2,66
E02997,2023-07-22,,,,IT,Milan,Operations,L5,M,35,Permanent,Hybrid,1.0,75850,71600,1.059,35,4,3,72
E02998,2023-10-23,,,,IT,Milan,Sales,L2,M,34,Permanent,Hybrid,1.0,34100,34100,1.0,32,32,3,61
E02999,2020-10-30,2026-05-21,Involuntary,Performance,ES,Barcelona,Operations,L2,F,42,Permanent,Hybrid,1.0,25550,29700,0.86,67,18,3,61
E03000,2020-12-12,,,,PL,Krakow,Sales,L2,M,20,Permanent,Remote,0.8,26150,27600,0.947,66,27,3,48
E03001,2025-07-11,,,,PL,Krakow,Tech,L2,M,31,Permanent,Hybrid,1.0,32800,32800,1.0,11,11,4,87
E03002,2024-08-03,,,,ES,Barcelona,Customer Service,L4,F,34,Fixed-term,Hybrid,1.0,44150,47200,0.935,22,16,3,67
E03003,2024-12-15,,,,PL,Krakow,Tech,L1,F,31,Permanent,Onsite,1.0,26750,26200,1.021,18,12,4,66
E03004,2023-03-05,,,,DE,Munich,Operations,L1,M,46,Permanent,Hybrid,1.0,37200,36100,1.03,39,14,3,67
E03005,2025-11-26,,,,PL,Krakow,Customer Service,L3,F,50,Permanent,Hybrid,0.8,31250,30200,1.035,7,7,4,61
E03006,2012-07-15,,,,PL,Krakow,Finance,L1,F,58,Permanent,Onsite,1.0,23550,23100,1.019,167,18,3,61
E03007,2016-07-14,,,,PL,Krakow,Operations,L2,M,37,Permanent,Remote,1.0,22250,24900,0.894,119,14,3,57
E03008,2024-05-12,,,,ES,Barcelona,Tech,L1,M,21,Permanent,Hybrid,0.8,28850,31200,0.925,25,25,4,64
E03009,2021-11-25,,,,IT,Milan,Operations,L4,F,20,Permanent,Hybrid,1.0,53150,51900,1.024,55,55,4,70
E03010,2022-08-21,,,,IT,Milan,Finance,L1,F,34,Permanent,Hybrid,1.0,27750,28600,0.97,46,46,3,65
E03011,2025-12-23,,,,DE,Munich,Customer Service,L1,F,28,Permanent,Hybrid,1.0,38800,34200,1.135,6,6,5,80
E03012,2016-12-05,,,,PL,Krakow,HR,L1,F,45,Permanent,Hybrid,1.0,20800,21000,0.99,114,114,3,48
E03013,2024-02-01,,,,DE,Munich,Finance,L4,M,21,Permanent,Hybrid,1.0,107300,87800,1.222,28,20,5,71
E03014,2022-09-24,2026-05-06,Voluntary,Relocation,PL,Krakow,Operations,L3,F,31,Permanent,Onsite,1.0,29050,31900,0.911,44,7,2,50
E03015,2022-11-17,2026-02-19,Involuntary,Conduct,DE,Munich,Operations,L1,F,28,Permanent,Onsite,1.0,38500,36100,1.066,39,39,3,50
E03016,2025-05-05,,,,PL,Krakow,Customer Service,L3,M,39,Fixed-term,Hybrid,1.0,29050,30200,0.962,13,13,3,62
E03017,2020-11-05,,,,PL,Krakow,Sales,L2,F,53,Permanent,Hybrid,1.0,26500,27600,0.96,67,32,2,56
E03018,2019-01-11,,,,IT,Milan,Customer Service,L3,M,25,Permanent,Onsite,1.0,38250,37400,1.023,89,89,2,61
E03019,2020-06-16,,,,IT,Milan,Tech,L2,F,30,Permanent,Onsite,1.0,45000,40600,1.108,72,16,3,63
E03020,2024-11-01,,,,PL,Krakow,Tech,L3,F,29,Permanent,Onsite,1.0,39050,42000,0.93,19,15,3,75
E03021,2022-12-10,2025-07-03,Voluntary,Relocation,PL,Krakow,Operations,L2,M,39,Permanent,Remote,1.0,21700,24900,0.871,31,31,3,45
E03022,2025-04-22,,,,IT,Milan,Tech,L3,M,23,Fixed-term,Hybrid,1.0,52650,52000,1.012,14,14,3,67
E03023,2016-09-01,2025-12-16,Voluntary,Career progression,DE,Munich,HR,L2,F,41,Permanent,Hybrid,1.0,39700,47500,0.836,111,111,3,45
E03024,2026-01-13,,,,PL,Krakow,Operations,L1,F,31,Permanent,Hybrid,1.0,20550,20000,1.028,5,5,4,70
E03025,2018-05-11,,,,IT,Milan,Customer Service,L2,F,42,Permanent,Remote,1.0,27400,29200,0.938,97,20,3,64
E03026,2020-11-19,,,,IT,Milan,Tech,L2,F,40,Permanent,Onsite,1.0,43100,40600,1.062,67,16,2,75
E03027,2022-03-18,,,,ES,Barcelona,Customer Service,L2,F,36,Permanent,Hybrid,1.0,27100,28100,0.964,51,16,2,70
E03028,2019-04-16,,,,PL,Krakow,Finance,L5,M,40,Permanent,Hybrid,1.0,76700,67000,1.145,86,28,3,59
E03029,2022-06-17,,,,DE,Munich,Customer Service,L3,F,31,Permanent,Remote,1.0,56550,54700,1.034,48,48,2,65
E03030,2024-04-12,2025-07-06,Voluntary,Career progression,DE,Munich,Operations,L3,M,38,Permanent,Hybrid,1.0,59750,57800,1.034,15,15,3,76
E03031,2024-06-04,,,,DE,Munich,Operations,L1,M,33,Permanent,Remote,1.0,29700,36100,0.823,24,14,3,45
E03032,2014-03-23,,,,DE,Munich,Tech,L4,F,42,Permanent,Hybrid,1.0,101800,99800,1.02,147,13,5,86
E03033,2023-11-02,,,,ES,Barcelona,Sales,L3,M,24,Permanent,Remote,0.8,40850,42000,0.973,31,31,3,51
E03034,2025-01-02,,,,IT,Milan,Customer Service,L6,F,34,Permanent,Onsite,1.0,68950,93600,0.737,17,8,2,48
E03035,2024-12-14,,,,DE,Munich,Finance,L1,M,41,Permanent,Onsite,1.0,40900,41800,0.978,18,5,4,75
E03036,2018-12-24,,,,DE,Munich,Customer Service,L2,F,39,Permanent,Hybrid,1.0,44250,42800,1.034,90,15,3,52
E03037,2024-09-18,,,,PL,Krakow,Tech,L2,M,37,Fixed-term,Hybrid,1.0,35800,32800,1.091,21,14,3,79
E03038,2026-03-18,,,,PL,Krakow,Operations,L2,F,29,Fixed-term,Remote,1.0,19400,24900,0.779,3,3,4,73
E03039,2019-12-13,,,,IT,Milan,Finance,L6,M,38,Permanent,Hybrid,1.0,110100,114400,0.962,78,24,4,84
E03040,2015-02-10,2025-09-17,Voluntary,Relocation,IT,Milan,Customer Service,L6,F,38,Permanent,Remote,1.0,106250,93600,1.135,127,127,3,62
E03041,2026-03-02,,,,PL,Krakow,Customer Service,L3,F,20,Permanent,Hybrid,1.0,23050,30200,0.763,3,3,3,53
E03042,2025-03-17,,,,DE,Munich,Customer Service,L1,F,24,Fixed-term,Remote,1.0,35400,34200,1.035,15,15,2,61
E03043,2019-06-30,,,,IT,Milan,Operations,L3,F,46,Permanent,Hybrid,1.0,40450,39500,1.024,84,18,3,82
E03044,2025-08-02,2026-01-12,Voluntary,Relocation,IT,Milan,Tech,L3,F,36,Permanent,Onsite,1.0,42250,52000,0.812,5,5,1,46
E03045,2016-10-30,2025-07-26,Voluntary,Relocation,IT,Milan,Sales,L1,F,35,Permanent,Remote,1.0,29450,27300,1.079,105,4,3,71
E03046,2015-05-10,,,,PL,Krakow,Tech,L3,M,48,Fixed-term,Onsite,1.0,39950,42000,0.951,133,133,4,68
E03047,2025-01-02,2025-11-27,Voluntary,Manager / leadership,IT,Milan,Operations,L5,M,32,Permanent,Hybrid,1.0,65350,71600,0.913,10,0,3,58
E03048,2021-01-06,2025-10-25,Involuntary,Performance,PL,Krakow,Finance,L2,M,48,Permanent,Onsite,1.0,34700,28900,1.201,57,57,3,55
E03049,2025-06-03,,,,PL,Krakow,Tech,L2,M,29,Permanent,Hybrid,1.0,32550,32800,0.992,12,12,3,72
E03050,2025-07-08,2026-01-27,Voluntary,Compensation,IT,Milan,Finance,L1,F,26,Fixed-term,Hybrid,1.0,24150,28600,0.844,6,6,3,59
E03051,2025-08-05,,,,PL,Krakow,Tech,L3,M,20,Permanent,Hybrid,1.0,39600,42000,0.943,10,10,3,75
E03052,2025-07-24,2026-05-12,Involuntary,Conduct,PL,Krakow,Customer Service,L5,M,31,Fixed-term,Onsite,1.0,45150,54800,0.824,10,10,3,56
E03053,2022-12-19,,,,IT,Milan,Customer Service,L2,F,44,Permanent,Hybrid,1.0,25400,29200,0.87,42,42,3,41
E03054,2021-01-07,,,,PL,Krakow,Sales,L3,M,42,Fixed-term,Remote,1.0,37100,35300,1.051,65,65,3,43
E03055,2022-07-11,,,,PL,Krakow,Operations,L1,F,36,Fixed-term,Remote,1.0,21800,20000,1.09,47,35,3,51
E03056,2026-04-22,2026-05-21,Voluntary,Work-life balance,IT,Milan,Customer Service,L3,M,35,Fixed-term,Onsite,1.0,26950,37400,0.721,1,1,3,62
E03057,2023-11-20,,,,IT,Milan,Tech,L2,M,30,Permanent,Onsite,1.0,43000,40600,1.059,31,21,3,76
E03058,2013-10-02,,,,PL,Krakow,Customer Service,L2,F,45,Permanent,Hybrid,1.0,20050,23600,0.85,152,152,3,33
E03059,2021-10-08,,,,PL,Krakow,Operations,L1,F,41,Permanent,Hybrid,1.0,17250,20000,0.863,56,43,3,47
E03060,2012-11-17,,,,DE,Munich,Operations,L1,M,54,Permanent,Remote,1.0,41700,36100,1.155,163,14,2,68
E03061,2025-07-01,,,,PL,Krakow,Operations,L3,M,36,Permanent,Hybrid,1.0,36750,31900,1.152,11,11,4,90
E03062,2021-02-15,,,,ES,Barcelona,Tech,L4,F,48,Permanent,Onsite,1.0,64750,65600,0.987,64,18,4,72
E03063,2023-02-15,,,,DE,Munich,Customer Service,L4,M,34,Permanent,Hybrid,1.0,65400,71800,0.911,40,8,1,57
E03064,2025-09-11,,,,PL,Krakow,Operations,L1,F,40,Permanent,Hybrid,1.0,16900,20000,0.845,9,9,3,56
E03065,2025-01-09,,,,IT,Milan,Finance,L3,F,34,Fixed-term,Hybrid,1.0,49600,45800,1.083,17,2,2,71
E03066,2025-08-24,2026-02-27,Voluntary,Work-life balance,PL,Krakow,Operations,L4,F,23,Fixed-term,Onsite,1.0,32450,41900,0.774,6,6,2,38
E03067,2025-09-11,2025-10-27,Voluntary,Work-life balance,DE,Munich,Customer Service,L4,M,34,Permanent,Hybrid,1.0,61750,71800,0.86,1,1,2,54
E03068,2025-02-22,2025-07-06,Voluntary,Work-life balance,DE,Munich,Operations,L2,M,33,Permanent,Hybrid,1.0,42100,45100,0.933,5,0,3,65
E03069,2020-11-17,,,,PL,Krakow,Operations,L2,M,22,Permanent,Hybrid,1.0,25700,24900,1.032,67,67,4,63
E03070,2022-01-02,,,,IT,Milan,Sales,L1,F,25,Permanent,Hybrid,1.0,26800,27300,0.982,53,8,3,69
E03071,2025-04-04,2025-08-20,Voluntary,Personal reasons,IT,Milan,Customer Service,L2,M,37,Permanent,Onsite,1.0,25550,29200,0.875,4,0,3,49
E03072,2024-03-21,,,,PL,Krakow,Tech,L1,F,35,Permanent,Remote,0.8,23950,26200,0.914,27,14,4,53
E03073,2023-11-13,,,,DE,Munich,Customer Service,L2,M,33,Fixed-term,Onsite,1.0,42350,42800,0.989,31,26,4,57
E03074,2025-11-04,,,,PL,Krakow,Tech,L1,M,37,Permanent,Hybrid,1.0,28300,26200,1.08,7,7,2,86
E03075,2025-08-24,,,,DE,Munich,Sales,L3,M,31,Fixed-term,Onsite,1.0,60100,63800,0.942,10,10,3,63
E03076,2026-03-31,,,,IT,Milan,Customer Service,L4,F,34,Permanent,Hybrid,1.0,44850,49100,0.913,3,3,3,63
E03077,2023-04-18,,,,PL,Krakow,Customer Service,L5,M,40,Permanent,Hybrid,1.0,52700,54800,0.962,38,21,4,77
E03078,2019-04-16,,,,IT,Milan,Tech,L2,M,33,Permanent,Onsite,1.0,46100,40600,1.135,86,86,3,60
E03079,2023-06-10,,,,IT,Milan,Tech,L1,M,45,Permanent,Hybrid,1.0,30700,32500,0.945,36,5,3,62
E03080,2018-08-22,,,,ES,Barcelona,Tech,L1,M,41,Permanent,Onsite,1.0,33400,31200,1.071,94,34,3,53
E03081,2024-09-30,2025-10-21,Voluntary,Compensation,PL,Krakow,Finance,L3,M,37,Permanent,Hybrid,1.0,37150,37000,1.004,13,4,3,80
E03082,2026-02-28,,,,PL,Krakow,Tech,L5,M,33,Permanent,Onsite,1.0,79700,76100,1.047,4,4,4,73
E03083,2023-10-02,,,,IT,Milan,HR,L1,F,28,Permanent,Onsite,1.0,24450,26000,0.94,32,32,2,52
E03084,2026-01-17,,,,DE,Munich,Operations,L2,M,29,Permanent,Onsite,1.0,43550,45100,0.966,5,5,3,62
E03085,2024-07-07,,,,PL,Krakow,Operations,L5,M,37,Permanent,Remote,1.0,53550,57900,0.925,23,15,4,80
E03086,2017-03-31,,,,PL,Krakow,Tech,L1,F,45,Permanent,Onsite,1.0,24650,26200,0.941,111,15,3,67
E03087,2024-11-25,,,,PL,Krakow,Operations,L3,M,36,Permanent,Remote,1.0,29100,31900,0.912,19,16,3,59
E03088,2023-11-19,,,,PL,Krakow,Customer Service,L2,M,20,Permanent,Onsite,1.0,24850,23600,1.053,31,20,3,71
E03089,2024-12-23,,,,PL,Krakow,Operations,L2,M,34,Permanent,Hybrid,1.0,26900,24900,1.08,18,14,4,66
E03090,2025-10-02,,,,ES,Barcelona,Customer Service,L4,F,28,Permanent,Remote,1.0,51200,47200,1.085,8,8,3,63
E03091,2025-06-02,,,,ES,Barcelona,Tech,L1,M,30,Permanent,Hybrid,1.0,27650,31200,0.886,12,12,3,55
E03092,2023-08-06,,,,PL,Krakow,Operations,L4,F,37,Permanent,Hybrid,1.0,44750,41900,1.068,34,34,3,60
E03093,2024-08-05,,,,ES,Barcelona,Customer Service,L1,M,20,Permanent,Hybrid,0.8,19750,22500,0.878,22,22,2,52
E03094,2025-12-16,2026-03-19,Involuntary,Restructuring,IT,Milan,Customer Service,L2,F,38,Fixed-term,Onsite,1.0,22500,29200,0.771,3,3,4,69
E03095,2021-08-23,,,,DE,Munich,Sales,L2,F,35,Permanent,Remote,1.0,51050,49900,1.023,58,58,5,70
E03096,2024-03-12,,,,ES,Barcelona,Customer Service,L2,M,34,Permanent,Onsite,1.0,30100,28100,1.071,27,27,1,51
E03097,2018-01-30,,,,ES,Barcelona,Customer Service,L2,M,40,Permanent,Onsite,1.0,31850,28100,1.133,101,17,3,46
E03098,2022-06-14,,,,IT,Milan,Customer Service,L1,F,39,Permanent,Hybrid,1.0,25000,23400,1.068,48,24,3,69
E03099,2023-04-05,,,,DE,Munich,Operations,L2,M,24,Permanent,Onsite,1.0,48700,45100,1.08,38,15,2,68
E03100,2024-08-30,,,,DE,Munich,Operations,L4,F,34,Permanent,Onsite,1.0,77650,75800,1.024,22,22,3,61
E03101,2025-12-11,,,,ES,Barcelona,Operations,L2,M,27,Permanent,Hybrid,1.0,26650,29700,0.897,6,6,3,55
E03102,2025-07-15,,,,DE,Munich,Customer Service,L1,M,20,Permanent,Remote,1.0,33100,34200,0.968,11,11,2,62
E03103,2025-12-31,2026-06-06,Voluntary,Personal reasons,IT,Milan,Operations,L2,F,26,Fixed-term,Onsite,1.0,27250,30900,0.882,6,6,3,44
E03104,2025-02-13,,,,IT,Milan,Customer Service,L3,F,20,Permanent,Hybrid,1.0,40750,37400,1.09,16,16,4,63
E03105,2022-11-06,,,,PL,Krakow,Customer Service,L2,M,22,Permanent,Onsite,1.0,23800,23600,1.008,43,22,3,51
E03106,2026-05-06,,,,ES,Barcelona,Tech,L1,F,29,Fixed-term,Remote,1.0,24900,31200,0.798,1,1,3,56
E03107,2021-06-03,,,,PL,Krakow,Tech,L1,M,25,Permanent,Hybrid,1.0,28750,26200,1.097,60,60,4,49
E03108,2023-09-30,,,,IT,Milan,Customer Service,L5,F,38,Permanent,Hybrid,1.0,71200,67900,1.049,33,17,3,69
E03109,2021-07-01,,,,IT,Milan,Finance,L3,F,42,Permanent,Onsite,0.8,47500,45800,1.037,59,34,2,54
E03110,2025-02-10,,,,DE,Munich,HR,L4,F,28,Permanent,Hybrid,1.0,72450,79800,0.908,16,11,3,64
E03111,2026-02-24,,,,ES,Barcelona,Tech,L2,F,25,Fixed-term,Hybrid,0.8,29100,39100,0.744,4,4,4,67
E03112,2013-04-13,,,,ES,Barcelona,Operations,L1,M,41,Permanent,Onsite,1.0,27750,23800,1.166,158,20,3,66
E03113,2024-07-02,,,,IT,Milan,Customer Service,L2,M,34,Permanent,Hybrid,1.0,31250,29200,1.07,23,19,5,68
E03114,2025-08-12,,,,DE,Munich,Operations,L5,M,33,Permanent,Remote,1.0,114400,104700,1.093,10,10,2,55
E03115,2023-12-16,,,,IT,Milan,Customer Service,L1,F,46,Permanent,Remote,1.0,22200,23400,0.949,30,30,4,52
E03116,2025-02-01,,,,PL,Krakow,Operations,L1,F,24,Permanent,Hybrid,1.0,15000,20000,0.75,16,14,3,61
E03117,2023-12-15,,,,PL,Krakow,Operations,L1,F,20,Permanent,Remote,1.0,20100,20000,1.005,30,19,4,75
E03118,2026-02-01,,,,PL,Krakow,Tech,L2,F,25,Permanent,Hybrid,1.0,32150,32800,0.98,4,4,4,62
E03119,2022-03-23,,,,DE,Munich,Sales,L3,M,33,Permanent,Hybrid,1.0,68700,63800,1.077,51,27,4,77
E03120,2020-09-08,,,,DE,Munich,Customer Service,L1,M,27,Permanent,Hybrid,1.0,33100,34200,0.968,69,69,4,58
E03121,2019-12-24,,,,DE,Munich,Customer Service,L1,M,44,Permanent,Remote,1.0,31800,34200,0.93,78,4,2,64
E03122,2023-02-02,2025-07-17,Voluntary,Personal reasons,PL,Krakow,Tech,L2,F,36,Fixed-term,Hybrid,1.0,34550,32800,1.053,29,9,3,66
E03123,2018-05-24,,,,DE,Munich,HR,L2,F,51,Permanent,Onsite,1.0,51200,47500,1.078,97,15,3,64
E03124,2023-10-14,,,,PL,Krakow,HR,L1,F,39,Permanent,Onsite,1.0,17950,21000,0.855,32,32,4,39
E03125,2012-08-03,,,,PL,Krakow,Customer Service,L1,M,50,Permanent,Hybrid,1.0,19300,18900,1.021,166,166,3,68
E03126,2020-11-13,,,,IT,Milan,Customer Service,L4,F,36,Permanent,Remote,1.0,48350,49100,0.985,67,13,3,57
E03127,2024-09-10,,,,PL,Krakow,Customer Service,L3,F,40,Fixed-term,Hybrid,1.0,31100,30200,1.03,21,14,3,61
E03128,2016-08-04,,,,PL,Krakow,Operations,L5,M,55,Permanent,Hybrid,1.0,51550,57900,0.89,118,13,4,69
E03129,2016-12-10,,,,IT,Milan,Operations,L2,F,34,Permanent,Hybrid,1.0,31350,30900,1.015,114,114,4,50
E03130,2022-12-08,2026-02-17,Involuntary,Performance,ES,Barcelona,Finance,L1,F,32,Permanent,Onsite,1.0,27450,27500,0.998,38,8,3,58
E03131,2024-06-11,,,,IT,Milan,Customer Service,L1,M,23,Permanent,Remote,1.0,22450,23400,0.959,24,16,4,63
E03132,2021-10-09,,,,DE,Munich,Operations,L3,M,39,Permanent,Hybrid,1.0,55850,57800,0.966,56,22,3,89
E03133,2024-08-06,,,,IT,Milan,Tech,L2,F,26,Permanent,Onsite,1.0,45550,40600,1.122,22,22,3,72
E03134,2025-03-02,,,,DE,Munich,Operations,L3,M,41,Fixed-term,Remote,1.0,54350,57800,0.94,15,15,3,69
E03135,2021-07-30,,,,ES,Barcelona,Operations,L3,M,38,Permanent,Hybrid,1.0,36300,38000,0.955,59,19,4,83
E03136,2025-07-06,2026-06-02,Voluntary,Manager / leadership,PL,Krakow,Operations,L2,M,20,Permanent,Onsite,1.0,20150,24900,0.809,11,11,5,45
E03137,2021-03-03,,,,IT,Milan,Tech,L2,F,27,Permanent,Onsite,1.0,41350,40600,1.018,63,22,2,55
E03138,2021-05-21,,,,IT,Milan,Tech,L5,M,46,Permanent,Onsite,1.0,102550,94200,1.089,61,28,3,59
E03139,2017-09-30,,,,DE,Munich,Operations,L6,M,25,Permanent,Hybrid,1.0,142050,144400,0.984,105,27,5,74
E03140,2022-01-22,,,,DE,Munich,Operations,L3,M,34,Permanent,Hybrid,1.0,56100,57800,0.971,53,53,3,56
E03141,2022-10-03,,,,IT,Milan,Finance,L3,M,38,Permanent,Hybrid,1.0,50950,45800,1.112,44,5,3,67
E03142,2021-03-14,,,,PL,Krakow,Finance,L4,M,39,Permanent,Onsite,0.8,54450,48500,1.123,63,63,2,56
E03143,2020-03-27,,,,DE,Munich,Tech,L1,F,38,Permanent,Onsite,1.0,46950,47500,0.988,75,44,3,68
E03144,2024-02-07,,,,DE,Munich,Customer Service,L1,F,39,Permanent,Onsite,1.0,29650,34200,0.867,28,25,3,25
E03145,2023-05-25,,,,IT,Milan,Tech,L1,M,39,Permanent,Hybrid,1.0,32000,32500,0.985,37,16,5,70
E03146,2026-02-19,,,,ES,Barcelona,Customer Service,L1,F,20,Fixed-term,Hybrid,1.0,20200,22500,0.898,4,4,3,38
E03147,2023-11-09,,,,IT,Milan,Finance,L6,M,38,Permanent,Hybrid,1.0,111500,114400,0.975,31,13,3,72
E03148,2023-01-24,,,,PL,Krakow,Customer Service,L1,F,44,Permanent,Hybrid,1.0,17400,18900,0.921,41,16,3,63
E03149,2022-10-25,,,,PL,Krakow,Tech,L1,F,32,Permanent,Hybrid,1.0,28000,26200,1.069,44,21,2,66
E03150,2021-09-24,,,,ES,Barcelona,Sales,L6,M,54,Permanent,Onsite,1.0,106400,105000,1.013,57,23,3,68
E03151,2026-05-12,,,,PL,Krakow,Tech,L2,M,32,Permanent,Hybrid,1.0,28950,32800,0.883,1,1,3,45
E03152,2017-10-21,,,,IT,Milan,Sales,L3,F,48,Permanent,Hybrid,1.0,42400,43700,0.97,104,9,3,63
E03153,2023-04-05,,,,DE,Munich,Finance,L2,F,44,Permanent,Hybrid,1.0,54900,52300,1.05,38,26,3,58
E03154,2023-01-20,,,,PL,Krakow,Sales,L3,F,27,Permanent,Hybrid,1.0,31350,35300,0.888,41,41,3,32
E03155,2024-03-20,,,,DE,Munich,Finance,L1,M,44,Permanent,Onsite,1.0,40750,41800,0.975,27,27,5,58
E03156,2025-07-30,2025-11-01,Voluntary,Career progression,PL,Krakow,Customer Service,L2,F,34,Fixed-term,Hybrid,1.0,23400,23600,0.992,4,4,3,46
E03157,2022-08-08,,,,PL,Krakow,Customer Service,L5,F,44,Fixed-term,Onsite,1.0,52150,54800,0.952,46,20,3,62
E03158,2023-06-06,,,,IT,Milan,Finance,L4,M,21,Permanent,Remote,1.0,56100,60100,0.933,36,36,3,55
E03159,2023-02-01,,,,IT,Milan,Finance,L1,M,35,Permanent,Hybrid,1.0,29650,28600,1.037,40,28,4,70
E03160,2025-06-16,2025-08-11,Involuntary,Conduct,IT,Milan,Customer Service,L3,M,28,Fixed-term,Hybrid,1.0,33150,37400,0.886,2,2,3,47
E03161,2025-09-20,2026-06-23,Involuntary,Performance,PL,Krakow,Customer Service,L3,F,39,Fixed-term,Onsite,1.0,29500,30200,0.977,9,9,3,74
E03162,2018-07-23,,,,DE,Munich,Customer Service,L5,M,50,Permanent,Hybrid,1.0,101400,99200,1.022,95,13,2,72
E03163,2020-10-26,,,,IT,Milan,Finance,L5,M,33,Permanent,Remote,1.0,83550,82900,1.008,68,20,3,65
E03164,2023-10-02,,,,PL,Krakow,Sales,L2,M,37,Permanent,Onsite,1.0,27900,27600,1.011,32,13,3,70
E03165,2018-06-03,,,,IT,Milan,Operations,L1,M,49,Fixed-term,Hybrid,1.0,23250,24700,0.941,96,43,4,75
E03166,2022-10-23,,,,IT,Milan,Operations,L3,M,42,Permanent,Hybrid,1.0,39800,39500,1.008,44,44,1,61
E03167,2019-02-07,,,,PL,Krakow,HR,L2,F,38,Permanent,Onsite,0.8,29750,26200,1.135,88,28,2,69
E03168,2024-08-30,,,,IT,Milan,Finance,L2,F,23,Permanent,Remote,1.0,35900,35800,1.003,22,22,4,58
E03169,2025-04-08,,,,PL,Krakow,Customer Service,L6,M,30,Permanent,Hybrid,1.0,68950,75600,0.912,14,12,3,38
E03170,2025-01-31,,,,PL,Krakow,Customer Service,L2,F,42,Fixed-term,Onsite,1.0,23000,23600,0.975,17,10,4,70
E03171,2023-03-26,,,,PL,Krakow,Operations,L4,M,44,Permanent,Hybrid,1.0,44400,41900,1.06,39,39,3,55
E03172,2019-11-21,,,,ES,Barcelona,Customer Service,L1,M,38,Permanent,Onsite,0.8,19400,22500,0.862,79,79,3,22
E03173,2023-10-21,,,,PL,Krakow,Operations,L2,F,32,Permanent,Hybrid,1.0,22950,24900,0.922,32,32,4,73
E03174,2026-01-02,2026-04-23,Voluntary,Career progression,DE,Munich,Finance,L3,F,39,Fixed-term,Hybrid,1.0,61900,66900,0.925,3,3,4,62
E03175,2021-07-27,,,,PL,Krakow,Customer Service,L1,M,43,Permanent,Onsite,1.0,18150,18900,0.96,59,59,2,63
E03176,2024-01-25,,,,PL,Krakow,Operations,L5,F,41,Permanent,Remote,0.8,54150,57900,0.935,29,29,5,53
E03177,2019-09-06,2025-11-22,Voluntary,Work-life balance,IT,Milan,Tech,L2,M,35,Permanent,Remote,1.0,40150,40600,0.989,74,74,5,61
E03178,2017-10-20,,,,PL,Krakow,Sales,L3,M,38,Permanent,Hybrid,1.0,32200,35300,0.912,104,104,3,39
E03179,2025-04-13,,,,IT,Milan,Operations,L1,M,39,Permanent,Remote,1.0,22750,24700,0.921,14,7,3,66
E03180,2026-06-10,,,,IT,Milan,HR,L2,M,38,Fixed-term,Hybrid,1.0,33450,32500,1.029,0,0,3,80
E03181,2025-05-06,,,,DE,Munich,Sales,L2,F,25,Fixed-term,Hybrid,0.8,56400,49900,1.13,13,13,2,77
E03182,2024-08-13,,,,PL,Krakow,Customer Service,L3,F,30,Permanent,Hybrid,1.0,29900,30200,0.99,22,16,4,76
E03183,2024-12-25,2026-01-17,Voluntary,Compensation,ES,Barcelona,HR,L3,F,38,Permanent,Onsite,1.0,35750,40000,0.894,13,13,3,61
E03184,2023-10-26,,,,ES,Barcelona,Tech,L2,M,24,Permanent,Hybrid,1.0,40550,39100,1.037,32,32,3,46
E03185,2025-10-27,,,,ES,Barcelona,Sales,L3,M,20,Permanent,Hybrid,1.0,38350,42000,0.913,8,8,4,75
E03186,2025-03-01,2026-02-01,Involuntary,Conduct,IT,Milan,Operations,L2,M,26,Fixed-term,Hybrid,1.0,27950,30900,0.905,11,11,3,55
E03187,2022-01-14,,,,DE,Munich,Customer Service,L1,F,44,Permanent,Onsite,1.0,29150,34200,0.852,53,21,2,33
E03188,2025-05-04,,,,ES,Barcelona,Customer Service,L1,M,33,Fixed-term,Hybrid,1.0,16600,22500,0.738,13,13,3,43
E03189,2024-09-16,,,,DE,Munich,Operations,L3,M,26,Permanent,Hybrid,1.0,67100,57800,1.161,21,6,3,54
E03190,2022-12-11,,,,IT,Milan,Tech,L5,M,24,Permanent,Hybrid,1.0,87700,94200,0.931,42,42,4,56
E03191,2018-07-19,,,,PL,Krakow,Operations,L2,F,32,Fixed-term,Remote,1.0,26900,24900,1.08,95,28,3,70
E03192,2025-05-20,2025-12-14,Voluntary,Work-life balance,ES,Barcelona,Operations,L1,F,31,Fixed-term,Hybrid,1.0,21200,23800,0.891,7,7,4,59
E03193,2016-05-15,,,,IT,Milan,Customer Service,L2,M,40,Permanent,Hybrid,1.0,31700,29200,1.086,121,9,1,70
E03194,2025-04-17,,,,PL,Krakow,Operations,L2,F,35,Permanent,Hybrid,1.0,21900,24900,0.88,14,14,3,48
E03195,2022-02-25,2026-04-04,Voluntary,Manager / leadership,PL,Krakow,Sales,L3,F,43,Permanent,Onsite,0.8,29450,35300,0.834,50,38,4,47
E03196,2025-10-14,2026-01-19,Voluntary,Better external offer,IT,Milan,Operations,L1,M,48,Permanent,Hybrid,1.0,19900,24700,0.806,3,3,4,60
E03197,2020-12-03,,,,IT,Milan,HR,L3,F,43,Permanent,Hybrid,1.0,44700,41600,1.075,66,27,2,62
E03198,2022-08-16,,,,PL,Krakow,HR,L1,M,42,Permanent,Onsite,1.0,22600,21000,1.076,46,46,3,55
E03199,2024-05-18,,,,PL,Krakow,Finance,L1,F,28,Permanent,Remote,1.0,23550,23100,1.019,25,25,3,46
E03200,2026-04-13,2026-05-25,Voluntary,Personal reasons,PL,Krakow,Finance,L2,M,30,Permanent,Onsite,1.0,30400,28900,1.052,1,1,3,64
E03201,2023-04-13,,,,ES,Barcelona,Finance,L4,M,40,Permanent,Remote,1.0,55150,57800,0.954,38,38,4,70
E03202,2025-11-30,,,,PL,Krakow,Tech,L2,M,26,Fixed-term,Hybrid,1.0,28050,32800,0.855,7,7,2,64
E03203,2020-08-30,2025-09-09,Involuntary,Restructuring,PL,Krakow,Customer Service,L2,M,47,Permanent,Hybrid,1.0,22900,23600,0.97,61,32,3,47
E03204,2024-08-04,,,,ES,Barcelona,Customer Service,L2,F,45,Permanent,Hybrid,1.0,27600,28100,0.982,22,8,3,60
E03205,2024-05-05,,,,PL,Krakow,Customer Service,L3,F,32,Permanent,Remote,1.0,32350,30200,1.071,25,14,3,63
E03206,2025-08-18,,,,DE,Munich,Customer Service,L3,M,22,Permanent,Remote,1.0,53700,54700,0.982,10,10,3,54
E03207,2026-02-09,,,,ES,Barcelona,Tech,L3,M,33,Fixed-term,Hybrid,1.0,51750,50000,1.035,4,4,3,61
E03208,2022-11-21,,,,DE,Munich,Finance,L4,F,27,Fixed-term,Hybrid,1.0,86400,87800,0.984,43,5,2,76
E03209,2022-10-22,,,,ES,Barcelona,Customer Service,L1,F,34,Permanent,Hybrid,1.0,21400,22500,0.951,44,44,2,55
E03210,2025-09-30,,,,ES,Barcelona,Tech,L2,M,26,Permanent,Hybrid,1.0,42850,39100,1.096,9,9,3,77
E03211,2021-11-12,,,,DE,Munich,Customer Service,L3,F,29,Permanent,Onsite,1.0,52750,54700,0.964,55,55,2,44
E03212,2025-05-09,,,,ES,Barcelona,Customer Service,L5,M,37,Fixed-term,Onsite,1.0,58050,65200,0.89,13,13,4,47
E03213,2023-01-16,,,,IT,Milan,Tech,L4,F,26,Permanent,Hybrid,1.0,67150,68200,0.985,41,41,3,63
E03214,2014-12-16,,,,PL,Krakow,Operations,L5,F,40,Permanent,Hybrid,1.0,68800,57900,1.188,138,21,4,76
E03215,2023-09-09,,,,DE,Munich,Sales,L2,M,31,Fixed-term,Onsite,1.0,40600,49900,0.814,33,6,3,42
E03216,2018-03-26,2026-02-12,Voluntary,Career progression,IT,Milan,HR,L1,F,30,Permanent,Onsite,1.0,22350,26000,0.86,95,21,3,54
E03217,2025-12-27,,,,DE,Munich,HR,L4,M,38,Permanent,Onsite,1.0,73100,79800,0.916,6,6,3,53
E03218,2022-10-10,,,,ES,Barcelona,Finance,L1,F,35,Permanent,Onsite,1.0,27850,27500,1.013,44,44,3,63
E03219,2023-12-08,2025-09-26,Voluntary,Compensation,IT,Milan,Customer Service,L1,M,42,Fixed-term,Hybrid,0.8,21250,23400,0.908,21,21,3,28
E03220,2024-04-07,,,,PL,Krakow,Operations,L6,F,20,Permanent,Hybrid,0.8,73650,79800,0.923,26,26,4,76
E03221,2025-03-17,,,,ES,Barcelona,Tech,L1,M,37,Permanent,Onsite,1.0,28800,31200,0.923,15,15,4,81
E03222,2024-09-04,2025-08-05,Voluntary,Manager / leadership,PL,Krakow,Sales,L1,M,36,Permanent,Hybrid,1.0,23700,22000,1.077,11,11,2,68
E03223,2023-08-22,,,,DE,Munich,HR,L2,F,21,Permanent,Hybrid,1.0,53600,47500,1.128,34,10,3,91
E03224,2025-12-01,2026-01-14,Voluntary,Compensation,DE,Munich,Operations,L2,M,44,Fixed-term,Onsite,1.0,39700,45100,0.88,1,1,2,52
E03225,2024-06-20,,,,IT,Milan,Operations,L1,F,28,Permanent,Hybrid,0.8,24700,24700,1.0,24,7,2,71
E03226,2023-01-18,,,,IT,Milan,Finance,L2,M,31,Fixed-term,Hybrid,1.0,34200,35800,0.955,41,14,3,62
E03227,2024-11-06,,,,ES,Barcelona,HR,L3,M,26,Permanent,Onsite,1.0,38200,40000,0.955,19,13,4,67
E03228,2016-12-11,,,,IT,Milan,Customer Service,L4,M,53,Permanent,Remote,1.0,52450,49100,1.068,114,26,3,50
E03229,2025-03-18,,,,IT,Milan,Operations,L4,M,30,Permanent,Hybrid,1.0,54400,51900,1.048,15,12,3,71
E03230,2025-07-07,,,,ES,Barcelona,Sales,L3,F,20,Permanent,Onsite,1.0,43700,42000,1.04,11,11,1,60
E03231,2021-06-09,,,,IT,Milan,Customer Service,L3,F,33,Permanent,Hybrid,1.0,42300,37400,1.131,60,60,3,59
E03232,2025-10-15,,,,IT,Milan,Finance,L1,F,37,Fixed-term,Onsite,1.0,23850,28600,0.834,8,8,4,45
E03233,2026-02-20,,,,IT,Milan,Customer Service,L2,F,39,Fixed-term,Hybrid,1.0,26300,29200,0.901,4,4,3,59
E03234,2026-02-25,,,,ES,Barcelona,Finance,L3,F,25,Fixed-term,Remote,1.0,40000,44000,0.909,4,4,3,44
E03235,2023-10-12,,,,PL,Krakow,Operations,L3,M,30,Permanent,Onsite,1.0,31300,31900,0.981,32,32,3,60
E03236,2012-07-24,,,,PL,Krakow,Tech,L3,M,52,Fixed-term,Hybrid,1.0,46050,42000,1.096,167,12,3,82
E03237,2022-04-04,,,,PL,Krakow,Operations,L1,F,44,Permanent,Hybrid,1.0,20750,20000,1.038,50,25,3,53
E03238,2025-09-14,2026-04-22,Voluntary,Better external offer,PL,Krakow,Sales,L2,M,32,Permanent,Onsite,1.0,23600,27600,0.855,7,7,2,43
E03239,2024-05-04,,,,PL,Krakow,Tech,L2,F,37,Fixed-term,Onsite,1.0,35200,32800,1.073,25,25,3,57
E03240,2025-04-20,,,,ES,Barcelona,Sales,L1,F,37,Permanent,Remote,1.0,26350,26200,1.006,14,14,3,77
E03241,2022-03-12,,,,IT,Milan,Customer Service,L2,F,37,Permanent,Hybrid,1.0,30550,29200,1.046,51,51,3,60
E03242,2021-03-26,,,,ES,Barcelona,HR,L1,M,31,Permanent,Hybrid,1.0,22350,25000,0.894,63,63,4,47
E03243,2018-08-15,,,,PL,Krakow,Sales,L2,M,37,Permanent,Hybrid,1.0,27050,27600,0.98,94,94,4,62
E03244,2023-02-16,,,,IT,Milan,HR,L1,M,27,Permanent,Remote,1.0,24900,26000,0.958,40,7,3,60
E03245,2026-02-16,,,,IT,Milan,Operations,L2,F,31,Permanent,Hybrid,1.0,26250,30900,0.85,4,4,3,56
E03246,2025-05-22,2025-11-10,Voluntary,Better external offer,IT,Milan,HR,L2,F,28,Fixed-term,Remote,0.8,29850,32500,0.918,6,6,3,55
E03247,2024-03-18,,,,PL,Krakow,Operations,L3,M,32,Permanent,Onsite,1.0,32950,31900,1.033,27,27,2,55
E03248,2024-12-04,2025-09-05,Voluntary,Career progression,DE,Munich,Customer Service,L4,M,31,Permanent,Remote,1.0,81150,71800,1.13,9,9,5,79
E03249,2024-11-26,,,,PL,Krakow,Sales,L2,M,28,Permanent,Onsite,0.8,26550,27600,0.962,19,17,4,64
E03250,2025-03-20,,,,PL,Krakow,Customer Service,L2,F,27,Permanent,Remote,1.0,24450,23600,1.036,15,4,2,73
E03251,2016-08-26,2025-12-04,Involuntary,End of fixed-term contract,DE,Munich,Customer Service,L4,M,32,Fixed-term,Remote,1.0,68450,71800,0.953,112,19,4,48
E03252,2021-05-12,,,,DE,Munich,Finance,L2,F,40,Permanent,Hybrid,1.0,51100,52300,0.977,61,18,3,65
E03253,2025-07-14,,,,PL,Krakow,Customer Service,L1,F,33,Permanent,Remote,1.0,14650,18900,0.775,11,11,4,48
E03254,2022-06-15,,,,ES,Barcelona,HR,L3,F,34,Permanent,Remote,1.0,40700,40000,1.018,48,21,3,59
E03255,2017-05-04,,,,IT,Milan,Tech,L1,F,32,Permanent,Remote,1.0,32850,32500,1.011,109,4,4,66
E03256,2025-10-27,,,,PL,Krakow,Operations,L2,M,23,Permanent,Hybrid,1.0,25000,24900,1.004,8,8,3,79
E03257,2020-04-17,2026-03-07,Voluntary,Better external offer,PL,Krakow,Tech,L4,F,31,Fixed-term,Onsite,1.0,61850,55100,1.123,71,20,2,60
E03258,2017-03-20,,,,PL,Krakow,Operations,L1,F,45,Permanent,Onsite,1.0,20000,20000,1.0,111,19,3,73
E03259,2023-05-14,,,,IT,Milan,Tech,L1,M,30,Permanent,Remote,1.0,35900,32500,1.105,37,18,4,65
E03260,2018-01-23,,,,IT,Milan,Tech,L1,M,41,Permanent,Hybrid,0.8,34450,32500,1.06,101,101,4,63
E03261,2019-04-12,,,,IT,Milan,Tech,L4,M,35,Permanent,Hybrid,1.0,73450,68200,1.077,86,29,4,70
E03262,2024-06-08,,,,PL,Krakow,Customer Service,L2,F,20,Permanent,Remote,1.0,20900,23600,0.886,24,24,3,41
E03263,2024-12-25,,,,IT,Milan,Operations,L2,F,45,Fixed-term,Hybrid,1.0,31300,30900,1.013,18,13,4,70
E03264,2026-03-22,2026-06-02,Voluntary,Better external offer,PL,Krakow,Operations,L2,F,30,Permanent,Hybrid,1.0,23250,24900,0.934,3,3,3,60
E03265,2018-12-30,,,,DE,Munich,Tech,L1,M,48,Permanent,Remote,1.0,47250,47500,0.995,90,16,2,80
E03266,2026-05-23,,,,DE,Munich,Customer Service,L5,M,21,Fixed-term,Hybrid,1.0,93650,99200,0.944,1,1,3,84
E03267,2025-11-11,,,,IT,Milan,Tech,L3,M,32,Fixed-term,Hybrid,1.0,50700,52000,0.975,7,7,3,74
E03268,2023-01-20,,,,PL,Krakow,Tech,L1,M,25,Permanent,Hybrid,1.0,26050,26200,0.994,41,41,2,56
E03269,2025-11-30,,,,DE,Munich,Tech,L4,M,25,Permanent,Onsite,1.0,106000,99800,1.062,7,7,3,60
E03270,2025-09-08,,,,IT,Milan,Customer Service,L3,M,24,Fixed-term,Hybrid,1.0,31050,37400,0.83,9,9,2,46
E03271,2026-03-07,,,,DE,Munich,Customer Service,L5,M,33,Fixed-term,Onsite,1.0,98000,99200,0.988,3,3,3,65
E03272,2026-04-03,,,,DE,Munich,Operations,L4,M,27,Permanent,Onsite,0.8,69150,75800,0.912,2,2,4,56
E03273,2018-04-18,,,,IT,Milan,Operations,L2,F,42,Permanent,Onsite,1.0,30000,30900,0.971,98,98,5,64
E03274,2024-05-15,,,,PL,Krakow,Customer Service,L3,F,39,Permanent,Remote,1.0,31050,30200,1.028,25,16,5,69
E03275,2023-01-04,,,,DE,Munich,Operations,L4,M,37,Permanent,Remote,1.0,89900,75800,1.186,41,41,4,72
E03276,2019-01-11,,,,PL,Krakow,Tech,L3,F,41,Permanent,Hybrid,1.0,46750,42000,1.113,89,12,4,87
E03277,2025-03-01,,,,IT,Milan,Customer Service,L1,F,38,Permanent,Hybrid,1.0,22700,23400,0.97,15,10,3,68
E03278,2025-10-31,,,,IT,Milan,Operations,L2,M,33,Fixed-term,Hybrid,0.8,26600,30900,0.861,8,8,4,58
E03279,2023-04-21,,,,DE,Munich,Sales,L2,M,24,Permanent,Onsite,1.0,53750,49900,1.077,38,29,4,60
E03280,2021-12-12,,,,ES,Barcelona,Tech,L1,F,29,Permanent,Hybrid,1.0,34150,31200,1.095,54,54,4,70
E03281,2025-06-17,,,,IT,Milan,Operations,L1,F,24,Permanent,Onsite,1.0,20150,24700,0.816,12,12,4,42
E03282,2025-06-06,,,,IT,Milan,Customer Service,L4,M,23,Permanent,Hybrid,1.0,45600,49100,0.929,12,12,3,85
E03283,2024-02-17,,,,PL,Krakow,Finance,L2,M,26,Permanent,Hybrid,1.0,26850,28900,0.929,28,8,3,73
E03284,2021-02-01,,,,PL,Krakow,Operations,L2,M,22,Fixed-term,Hybrid,1.0,25050,24900,1.006,64,21,3,83
E03285,2025-10-08,,,,DE,Munich,Sales,L2,F,32,Fixed-term,Onsite,1.0,51650,49900,1.035,8,8,1,68
E03286,2025-04-01,,,,PL,Krakow,HR,L4,M,35,Permanent,Hybrid,1.0,36800,44100,0.834,14,12,3,58
E03287,2015-12-17,,,,IT,Milan,Finance,L5,F,34,Permanent,Hybrid,0.8,85950,82900,1.037,126,126,3,48
E03288,2013-06-26,,,,ES,Barcelona,HR,L4,F,50,Permanent,Onsite,1.0,68850,52500,1.311,156,156,3,44
E03289,2022-10-30,,,,DE,Munich,Operations,L3,F,26,Permanent,Onsite,0.8,50450,57800,0.873,44,44,4,41
E03290,2026-04-07,,,,DE,Munich,Operations,L4,M,45,Fixed-term,Remote,1.0,65550,75800,0.865,2,2,4,39
E03291,2024-11-05,,,,IT,Milan,Operations,L5,M,41,Permanent,Hybrid,1.0,71700,71600,1.001,19,13,2,77
E03292,2013-07-06,,,,ES,Barcelona,Sales,L6,M,56,Permanent,Hybrid,1.0,96300,105000,0.917,155,155,2,52
E03293,2025-05-25,,,,PL,Krakow,Operations,L2,F,31,Fixed-term,Hybrid,1.0,23500,24900,0.944,13,13,3,77
E03294,2024-06-10,,,,IT,Milan,Finance,L3,M,32,Fixed-term,Onsite,1.0,51300,45800,1.12,24,24,3,75
E03295,2026-05-19,,,,IT,Milan,Operations,L2,M,29,Fixed-term,Hybrid,1.0,30250,30900,0.979,1,1,1,65
E03296,2025-07-06,2026-01-20,Voluntary,Personal reasons,DE,Munich,Finance,L2,F,35,Fixed-term,Hybrid,1.0,48000,52300,0.918,6,6,3,63
E03297,2023-08-17,2026-02-19,Voluntary,Manager / leadership,PL,Krakow,Tech,L2,F,37,Permanent,Remote,1.0,27750,32800,0.846,30,27,3,44
E03298,2017-11-08,,,,PL,Krakow,Tech,L4,M,28,Permanent,Hybrid,0.8,48700,55100,0.884,103,22,3,51
E03299,2019-04-25,2026-05-16,Voluntary,Manager / leadership,IT,Milan,Customer Service,L2,F,35,Fixed-term,Hybrid,1.0,31650,29200,1.084,85,12,3,56
E03300,2019-10-17,,,,PL,Krakow,Tech,L6,F,40,Permanent,Hybrid,1.0,122300,105000,1.165,80,25,3,59
E03301,2024-10-06,,,,ES,Barcelona,Tech,L3,M,26,Fixed-term,Remote,1.0,55050,50000,1.101,20,20,3,73
E03302,2025-10-12,,,,DE,Munich,Sales,L4,F,46,Fixed-term,Hybrid,1.0,73750,83800,0.88,8,8,3,54
E03303,2025-10-20,2026-03-25,Involuntary,Restructuring,PL,Krakow,Finance,L1,M,47,Permanent,Onsite,1.0,21150,23100,0.916,5,5,1,51
E03304,2023-11-02,,,,IT,Milan,Operations,L3,F,24,Permanent,Hybrid,1.0,45000,39500,1.139,31,18,4,88
E03305,2014-11-10,,,,ES,Barcelona,Sales,L1,F,45,Permanent,Onsite,1.0,27000,26200,1.031,139,20,4,75
E03306,2017-12-04,,,,DE,Munich,Finance,L3,M,35,Permanent,Hybrid,1.0,65500,66900,0.979,102,102,4,79
E03307,2025-02-07,,,,IT,Milan,HR,L6,M,24,Permanent,Hybrid,1.0,110750,104000,1.065,16,12,3,75
E03308,2025-12-04,,,,DE,Munich,Customer Service,L2,F,31,Permanent,Hybrid,1.0,39300,42800,0.918,6,6,3,54
E03309,2025-07-30,,,,IT,Milan,Customer Service,L1,F,41,Permanent,Onsite,1.0,25650,23400,1.096,11,11,3,64
E03310,2022-03-15,,,,DE,Munich,HR,L1,F,33,Permanent,Hybrid,1.0,43450,38000,1.143,51,21,4,89
E03311,2025-06-19,2025-11-20,Voluntary,Compensation,PL,Krakow,HR,L2,F,31,Fixed-term,Remote,1.0,23950,26200,0.914,5,5,4,67
E03312,2021-04-12,2025-08-01,Involuntary,Conduct,IT,Milan,Customer Service,L2,F,33,Permanent,Onsite,1.0,24850,29200,0.851,52,52,4,32
E03313,2023-07-10,,,,PL,Krakow,Customer Service,L2,M,46,Permanent,Hybrid,1.0,23650,23600,1.002,35,17,3,78
E03314,2025-08-26,,,,DE,Munich,Customer Service,L5,M,26,Permanent,Hybrid,1.0,95950,99200,0.967,10,10,3,66
E03315,2024-11-14,,,,PL,Krakow,Customer Service,L6,F,37,Fixed-term,Onsite,1.0,76550,75600,1.013,19,19,3,67
E03316,2024-09-15,,,,IT,Milan,Customer Service,L1,F,20,Permanent,Hybrid,0.8,19400,23400,0.829,21,21,3,62
E03317,2023-02-26,,,,PL,Krakow,Finance,L5,F,28,Fixed-term,Remote,1.0,60950,67000,0.91,40,13,3,60
E03318,2025-05-21,,,,IT,Milan,Customer Service,L6,M,29,Fixed-term,Hybrid,1.0,90900,93600,0.971,13,13,3,47
E03319,2023-04-15,,,,ES,Barcelona,HR,L3,M,24,Permanent,Hybrid,1.0,39700,40000,0.993,38,38,4,49
E03320,2024-07-17,,,,PL,Krakow,HR,L4,M,31,Permanent,Hybrid,0.8,43450,44100,0.985,23,23,4,85
E03321,2022-11-07,,,,PL,Krakow,HR,L1,F,35,Permanent,Hybrid,0.8,24850,21000,1.183,43,43,3,57
E03322,2023-09-03,,,,DE,Munich,Operations,L1,M,41,Permanent,Hybrid,1.0,37600,36100,1.042,33,33,3,68
E03323,2024-09-10,,,,ES,Barcelona,Customer Service,L1,F,25,Permanent,Onsite,1.0,24100,22500,1.071,21,17,4,67
E03324,2023-12-26,,,,DE,Munich,Customer Service,L2,F,30,Permanent,Hybrid,1.0,41600,42800,0.972,30,9,4,64
E03325,2023-10-12,,,,PL,Krakow,Tech,L1,M,26,Permanent,Hybrid,1.0,28850,26200,1.101,32,17,2,77
E03326,2025-09-26,2026-06-19,Voluntary,Compensation,PL,Krakow,Operations,L1,F,26,Fixed-term,Onsite,0.8,18150,20000,0.907,9,9,1,51
E03327,2026-01-03,,,,DE,Munich,Sales,L2,F,20,Permanent,Hybrid,1.0,39250,49900,0.787,5,5,4,68
E03328,2018-03-02,,,,ES,Barcelona,Customer Service,L4,F,45,Permanent,Hybrid,1.0,46700,47200,0.989,99,24,3,66
E03329,2021-04-15,,,,IT,Milan,Customer Service,L2,M,45,Permanent,Hybrid,1.0,28100,29200,0.962,62,29,3,66
E03330,2023-12-06,,,,PL,Krakow,Tech,L4,F,42,Permanent,Hybrid,1.0,58600,55100,1.064,30,9,3,80
E03331,2025-07-09,,,,IT,Milan,Customer Service,L3,M,33,Permanent,Hybrid,1.0,36900,37400,0.987,11,11,4,71
E03332,2025-11-15,,,,IT,Milan,Sales,L1,F,31,Permanent,Hybrid,0.8,22800,27300,0.835,7,7,5,59
E03333,2024-12-21,,,,DE,Munich,HR,L1,F,32,Permanent,Onsite,1.0,34550,38000,0.909,18,10,1,55
E03334,2025-08-14,,,,IT,Milan,Finance,L1,M,23,Fixed-term,Hybrid,1.0,27150,28600,0.949,10,10,3,88
E03335,2025-08-23,,,,DE,Munich,HR,L3,M,36,Fixed-term,Hybrid,1.0,54050,60800,0.889,10,10,4,64
E03336,2016-09-24,,,,ES,Barcelona,Operations,L3,F,32,Permanent,Hybrid,1.0,32750,38000,0.862,117,15,2,58
E03337,2019-01-20,,,,ES,Barcelona,Operations,L2,M,46,Permanent,Hybrid,1.0,29550,29700,0.995,89,24,3,80
E03338,2025-06-15,,,,ES,Barcelona,Customer Service,L3,M,30,Permanent,Onsite,1.0,39250,36000,1.09,12,12,1,61
E03339,2022-12-25,,,,DE,Munich,Sales,L3,M,32,Permanent,Hybrid,1.0,71950,63800,1.128,42,18,5,70
E03340,2022-05-15,,,,IT,Milan,Operations,L2,M,35,Permanent,Onsite,1.0,29950,30900,0.969,49,18,4,72
E03341,2020-04-15,,,,PL,Krakow,Customer Service,L5,M,28,Permanent,Remote,1.0,50950,54800,0.93,74,16,3,49
E03342,2022-12-21,,,,DE,Munich,Tech,L1,M,48,Permanent,Hybrid,1.0,39400,47500,0.829,42,6,4,64
E03343,2015-08-08,,,,ES,Barcelona,Operations,L2,F,45,Fixed-term,Onsite,1.0,36950,29700,1.244,130,130,3,61
E03344,2025-04-19,,,,DE,Munich,Tech,L2,F,32,Fixed-term,Onsite,1.0,56800,59400,0.956,14,14,2,76
E03345,2016-10-06,,,,ES,Barcelona,Customer Service,L2,F,25,Permanent,Hybrid,1.0,27150,28100,0.966,116,15,3,54
E03346,2020-12-22,,,,PL,Krakow,Finance,L5,F,32,Permanent,Onsite,1.0,68850,67000,1.028,66,18,3,72
E03347,2018-10-11,,,,ES,Barcelona,Operations,L2,M,30,Permanent,Hybrid,1.0,30700,29700,1.034,92,92,4,78
E03348,2021-11-03,,,,IT,Milan,Operations,L3,F,25,Fixed-term,Hybrid,1.0,39200,39500,0.992,55,28,3,58
E03349,2015-10-14,,,,DE,Munich,Finance,L5,M,33,Permanent,Onsite,1.0,121300,121200,1.001,128,2,3,68
E03350,2023-11-13,2026-01-26,Voluntary,Better external offer,ES,Barcelona,Tech,L3,M,36,Permanent,Onsite,1.0,48650,50000,0.973,26,23,3,63
E03351,2012-07-27,,,,PL,Krakow,Sales,L1,M,54,Fixed-term,Hybrid,1.0,23200,22000,1.055,167,30,2,60
E03352,2025-05-30,,,,DE,Munich,Operations,L1,F,45,Permanent,Remote,1.0,37350,36100,1.035,13,13,4,75
E03353,2022-12-12,,,,PL,Krakow,HR,L3,M,37,Fixed-term,Hybrid,1.0,34600,33600,1.03,42,24,3,67
E03354,2025-01-30,2025-10-19,Voluntary,Personal reasons,IT,Milan,Customer Service,L2,M,28,Fixed-term,Onsite,1.0,31250,29200,1.07,9,1,3,53
E03355,2026-03-11,,,,IT,Milan,Customer Service,L6,M,32,Permanent,Onsite,1.0,90550,93600,0.967,3,3,5,65
E03356,2016-08-19,,,,IT,Milan,Operations,L3,F,53,Permanent,Onsite,1.0,44500,39500,1.127,118,30,2,59
E03357,2025-09-08,,,,DE,Munich,Finance,L1,F,21,Permanent,Hybrid,1.0,41600,41800,0.995,9,9,3,82
E03358,2020-07-02,2026-01-11,Voluntary,Personal reasons,IT,Milan,HR,L2,M,32,Permanent,Hybrid,1.0,32400,32500,0.997,66,66,2,66
E03359,2022-06-21,,,,PL,Krakow,Customer Service,L3,M,28,Fixed-term,Hybrid,1.0,29700,30200,0.983,48,48,3,40
E03360,2026-06-04,,,,DE,Munich,Finance,L3,M,23,Fixed-term,Onsite,1.0,58850,66900,0.88,0,0,2,54
E03361,2022-01-23,,,,DE,Munich,Tech,L1,F,30,Permanent,Hybrid,1.0,44600,47500,0.939,53,43,3,55
E03362,2024-11-11,,,,PL,Krakow,Sales,L4,M,20,Permanent,Hybrid,1.0,46500,46300,1.004,19,4,3,90
E03363,2025-01-10,,,,PL,Krakow,Sales,L3,M,26,Fixed-term,Onsite,1.0,36650,35300,1.038,17,14,3,64
E03364,2025-08-03,,,,DE,Munich,Sales,L5,M,20,Permanent,Hybrid,1.0,116450,115700,1.006,10,10,3,84
E03365,2024-12-26,2025-09-14,Voluntary,Manager / leadership,PL,Krakow,Customer Service,L2,F,28,Permanent,Onsite,1.0,21900,23600,0.928,9,0,3,62
E03366,2023-12-31,,,,PL,Krakow,Customer Service,L2,F,35,Permanent,Hybrid,0.8,23750,23600,1.006,30,30,3,53
E03367,2024-11-12,,,,ES,Barcelona,Customer Service,L2,M,47,Permanent,Hybrid,1.0,28600,28100,1.018,19,7,4,65
E03368,2021-03-11,,,,IT,Milan,Customer Service,L4,F,28,Permanent,Onsite,1.0,47100,49100,0.959,63,12,3,59
E03369,2026-02-19,2026-06-27,Voluntary,Compensation,PL,Krakow,Finance,L1,M,33,Fixed-term,Hybrid,1.0,21200,23100,0.918,4,4,3,58
E03370,2025-12-13,,,,ES,Barcelona,Sales,L3,M,24,Fixed-term,Hybrid,1.0,45500,42000,1.083,6,6,3,69
E03371,2026-01-25,,,,PL,Krakow,Customer Service,L1,F,33,Fixed-term,Hybrid,1.0,17500,18900,0.926,5,5,3,69
E03372,2013-10-05,,,,IT,Milan,Customer Service,L4,M,45,Permanent,Hybrid,1.0,56750,49100,1.156,152,10,3,60
E03373,2021-07-26,,,,PL,Krakow,Tech,L5,M,39,Permanent,Hybrid,1.0,79900,76100,1.05,59,15,3,81
E03374,2026-01-20,,,,IT,Milan,Finance,L1,F,28,Fixed-term,Hybrid,0.8,31950,28600,1.117,5,5,2,73
E03375,2024-12-16,,,,IT,Milan,Tech,L2,M,27,Fixed-term,Remote,1.0,39650,40600,0.977,18,5,3,65
E03376,2025-12-31,,,,PL,Krakow,HR,L1,M,33,Permanent,Hybrid,1.0,20450,21000,0.974,6,6,3,76
E03377,2023-11-16,,,,IT,Milan,Tech,L2,F,31,Permanent,Hybrid,1.0,44400,40600,1.094,31,31,3,50
E03378,2024-06-25,,,,IT,Milan,Tech,L3,F,42,Fixed-term,Hybrid,1.0,57650,52000,1.109,24,24,3,57
E03379,2023-12-12,,,,IT,Milan,Customer Service,L3,F,34,Permanent,Remote,1.0,38850,37400,1.039,30,30,4,51
E03380,2023-08-23,,,,ES,Barcelona,Customer Service,L2,F,31,Permanent,Remote,1.0,27450,28100,0.977,34,4,3,59
E03381,2017-04-20,,,,IT,Milan,Customer Service,L1,F,42,Permanent,Hybrid,1.0,27050,23400,1.156,110,34,4,53
E03382,2025-07-19,,,,PL,Krakow,Operations,L4,F,38,Permanent,Hybrid,1.0,38100,41900,0.909,11,11,4,61
E03383,2015-12-23,,,,PL,Krakow,Tech,L3,M,53,Permanent,Hybrid,1.0,46950,42000,1.118,126,12,2,68
E03384,2022-02-05,,,,IT,Milan,Sales,L4,M,26,Permanent,Hybrid,1.0,56450,57300,0.985,52,23,3,72
E03385,2019-11-09,,,,IT,Milan,Operations,L1,M,43,Permanent,Remote,1.0,26150,24700,1.059,79,10,2,43
E03386,2024-09-22,,,,DE,Munich,Tech,L2,F,32,Permanent,Onsite,1.0,59450,59400,1.001,21,10,2,80
E03387,2025-07-04,,,,DE,Munich,Customer Service,L1,M,40,Permanent,Onsite,1.0,29000,34200,0.848,11,11,4,48
E03388,2022-05-05,,,,DE,Munich,Customer Service,L4,M,34,Permanent,Hybrid,1.0,77350,71800,1.077,49,13,4,67
E03389,2017-02-04,,,,DE,Munich,Operations,L2,F,39,Permanent,Hybrid,1.0,42650,45100,0.946,112,23,3,54
E03390,2023-09-04,,,,IT,Milan,Finance,L2,M,43,Permanent,Hybrid,1.0,33950,35800,0.948,33,19,3,83
E03391,2025-07-30,,,,DE,Munich,Operations,L4,M,25,Permanent,Remote,1.0,75200,75800,0.992,11,11,3,71
E03392,2018-12-20,2025-11-21,Voluntary,Manager / leadership,DE,Munich,Customer Service,L4,F,34,Permanent,Hybrid,1.0,74300,71800,1.035,83,83,3,58
E03393,2025-10-14,,,,IT,Milan,Finance,L2,M,32,Fixed-term,Hybrid,1.0,31000,35800,0.866,8,8,4,60
E03394,2021-09-13,,,,PL,Krakow,Customer Service,L2,F,33,Fixed-term,Hybrid,1.0,23950,23600,1.015,57,37,4,59
E03395,2025-02-17,,,,DE,Munich,Operations,L2,M,25,Permanent,Hybrid,1.0,50100,45100,1.111,16,16,3,87
E03396,2020-06-02,,,,DE,Munich,Customer Service,L1,F,36,Permanent,Remote,1.0,32350,34200,0.946,72,72,1,58
E03397,2025-08-15,2025-09-06,Voluntary,Work-life balance,DE,Munich,Customer Service,L2,F,43,Fixed-term,Hybrid,1.0,36550,42800,0.854,1,1,3,42
E03398,2025-01-31,,,,DE,Munich,Customer Service,L3,M,29,Fixed-term,Onsite,1.0,51900,54700,0.949,17,15,3,60
E03399,2026-06-07,,,,IT,Milan,Finance,L4,F,33,Permanent,Hybrid,1.0,48700,60100,0.81,0,0,3,42
E03400,2017-07-24,,,,DE,Munich,Customer Service,L3,F,45,Permanent,Hybrid,1.0,57150,54700,1.045,107,107,2,51
E03401,2025-02-02,,,,DE,Munich,Customer Service,L1,F,26,Permanent,Onsite,1.0,28800,34200,0.842,16,16,4,58
E03402,2023-08-21,,,,ES,Barcelona,Tech,L3,M,57,Permanent,Onsite,1.0,48900,50000,0.978,34,24,3,61
E03403,2023-07-20,,,,PL,Krakow,Operations,L3,F,30,Permanent,Remote,1.0,26700,31900,0.837,35,19,3,50
E03404,2022-11-24,2026-05-26,Voluntary,Manager / leadership,PL,Krakow,Finance,L2,F,31,Permanent,Hybrid,0.8,28300,28900,0.979,42,26,3,43
E03405,2026-04-06,,,,ES,Barcelona,HR,L2,F,41,Fixed-term,Hybrid,1.0,18500,31200,0.593,2,2,3,54
E03406,2024-03-20,,,,IT,Milan,Operations,L1,F,28,Permanent,Remote,1.0,23200,24700,0.939,27,20,2,70
E03407,2015-06-17,,,,ES,Barcelona,Customer Service,L3,F,41,Permanent,Hybrid,1.0,31750,36000,0.882,132,27,2,46
E03408,2026-01-16,,,,PL,Krakow,Tech,L4,M,25,Permanent,Onsite,1.0,42250,55100,0.767,5,5,3,54
E03409,2022-07-24,,,,PL,Krakow,HR,L4,M,33,Permanent,Onsite,1.0,48500,44100,1.1,47,20,2,80
E03410,2024-04-06,,,,IT,Milan,Tech,L3,F,31,Permanent,Onsite,1.0,51950,52000,0.999,26,26,3,45
E03411,2025-01-08,,,,IT,Milan,HR,L2,M,34,Fixed-term,Onsite,1.0,31850,32500,0.98,17,11,3,72
E03412,2024-01-22,,,,ES,Barcelona,Operations,L1,F,25,Permanent,Hybrid,1.0,25500,23800,1.071,29,19,4,69
E03413,2025-06-13,2026-01-09,Voluntary,Compensation,DE,Munich,HR,L1,F,28,Permanent,Hybrid,1.0,32250,38000,0.849,7,7,3,56
E03414,2020-08-05,,,,IT,Milan,Tech,L2,M,36,Permanent,Hybrid,1.0,43150,40600,1.063,70,46,4,71
E03415,2025-03-27,,,,PL,Krakow,Tech,L3,M,27,Permanent,Hybrid,1.0,38600,42000,0.919,15,15,1,47
E03416,2022-12-07,,,,ES,Barcelona,Operations,L2,F,42,Permanent,Onsite,1.0,30400,29700,1.024,42,42,1,61
E03417,2024-12-11,,,,PL,Krakow,Customer Service,L5,M,33,Permanent,Remote,1.0,58500,54800,1.068,18,18,4,65
E03418,2021-12-24,,,,PL,Krakow,Customer Service,L2,M,35,Permanent,Hybrid,1.0,24700,23600,1.047,54,15,4,81
E03419,2026-01-23,,,,DE,Munich,Customer Service,L4,M,28,Permanent,Hybrid,0.8,59150,71800,0.824,5,5,3,48
E03420,2025-12-10,,,,ES,Barcelona,Operations,L2,F,35,Fixed-term,Hybrid,1.0,26150,29700,0.88,6,6,3,37
E03421,2014-12-31,,,,IT,Milan,Tech,L4,M,40,Permanent,Onsite,1.0,71650,68200,1.051,138,138,3,58
E03422,2015-04-01,,,,IT,Milan,Finance,L4,M,53,Permanent,Hybrid,1.0,60650,60100,1.009,134,21,3,75
E03423,2021-04-19,,,,DE,Munich,Operations,L4,M,47,Permanent,Hybrid,1.0,75450,75800,0.995,62,62,2,58
E03424,2014-05-12,,,,ES,Barcelona,Customer Service,L4,F,59,Permanent,Hybrid,1.0,46850,47200,0.993,145,145,5,55
E03425,2023-12-09,,,,IT,Milan,Tech,L5,M,32,Permanent,Hybrid,1.0,93350,94200,0.991,30,18,4,78
E03426,2025-09-12,,,,IT,Milan,Operations,L2,F,47,Permanent,Hybrid,0.8,28300,30900,0.916,9,9,2,58
E03427,2022-11-01,,,,IT,Milan,Operations,L3,F,32,Permanent,Remote,0.8,34950,39500,0.885,43,33,5,42
E03428,2020-10-25,,,,DE,Munich,Customer Service,L1,M,37,Permanent,Hybrid,1.0,34650,34200,1.013,68,27,4,51
E03429,2014-03-23,,,,ES,Barcelona,Operations,L2,F,62,Permanent,Hybrid,1.0,27650,29700,0.931,147,16,2,78
E03430,2023-02-05,2025-08-16,Voluntary,Relocation,ES,Barcelona,Sales,L1,F,53,Permanent,Remote,1.0,24550,26200,0.937,30,30,3,70
E03431,2025-11-26,,,,PL,Krakow,HR,L3,F,35,Permanent,Hybrid,1.0,36600,33600,1.089,7,7,3,74
E03432,2020-07-07,,,,IT,Milan,Tech,L1,F,39,Permanent,Hybrid,1.0,35650,32500,1.097,71,71,5,57
E03433,2021-08-19,,,,IT,Milan,Customer Service,L5,M,35,Permanent,Hybrid,1.0,68900,67900,1.015,58,43,3,54
E03434,2020-06-24,,,,PL,Krakow,Finance,L1,M,47,Permanent,Remote,1.0,25200,23100,1.091,72,42,2,44
E03435,2022-10-08,2026-04-02,Involuntary,Conduct,PL,Krakow,Operations,L5,M,33,Permanent,Remote,1.0,48550,57900,0.839,42,9,3,46
E03436,2023-10-18,,,,IT,Milan,HR,L2,M,38,Permanent,Hybrid,1.0,34100,32500,1.049,32,32,3,79
E03437,2025-05-22,,,,ES,Barcelona,Operations,L6,M,34,Permanent,Hybrid,1.0,86000,95000,0.905,13,13,3,76
E03438,2023-09-13,,,,ES,Barcelona,HR,L3,M,23,Permanent,Onsite,1.0,38500,40000,0.963,33,33,3,50
E03439,2016-02-23,,,,PL,Krakow,Operations,L2,M,39,Fixed-term,Remote,1.0,29750,24900,1.195,124,124,3,53
E03440,2022-07-21,,,,DE,Munich,Finance,L1,F,35,Permanent,Onsite,1.0,40600,41800,0.971,47,47,2,51
E03441,2022-01-21,,,,PL,Krakow,Tech,L5,F,39,Permanent,Hybrid,1.0,81950,76100,1.077,53,42,2,72
E03442,2024-12-05,,,,ES,Barcelona,Operations,L2,F,27,Permanent,Onsite,1.0,26150,29700,0.88,18,18,3,51
E03443,2024-06-16,2025-09-21,Involuntary,Conduct,DE,Munich,Customer Service,L3,M,26,Permanent,Hybrid,0.8,60050,54700,1.098,15,4,3,75
E03444,2015-07-31,,,,IT,Milan,Operations,L3,M,36,Fixed-term,Hybrid,1.0,44350,39500,1.123,131,19,4,81
E03445,2021-01-20,,,,PL,Krakow,Tech,L1,F,44,Fixed-term,Hybrid,1.0,30400,26200,1.16,65,14,2,58
E03446,2025-09-10,2026-05-24,Voluntary,Work-life balance,PL,Krakow,Customer Service,L5,M,27,Permanent,Onsite,1.0,59450,54800,1.085,8,8,4,49
E03447,2021-12-27,,,,IT,Milan,Customer Service,L5,F,44,Permanent,Onsite,0.8,65250,67900,0.961,54,54,5,63
E03448,2025-11-06,,,,DE,Munich,Customer Service,L2,M,43,Permanent,Hybrid,1.0,41700,42800,0.974,7,7,3,76
E03449,2018-02-02,,,,DE,Munich,Customer Service,L1,F,44,Permanent,Onsite,1.0,30650,34200,0.896,100,11,3,53
E03450,2022-03-20,,,,PL,Krakow,Operations,L3,M,42,Permanent,Hybrid,1.0,40700,31900,1.276,51,16,2,51
E03451,2025-05-20,,,,PL,Krakow,HR,L3,M,29,Fixed-term,Hybrid,1.0,31450,33600,0.936,13,13,2,74
E03452,2023-03-14,,,,ES,Barcelona,Sales,L4,M,40,Permanent,Remote,1.0,55350,55100,1.005,39,39,5,62
E03453,2017-09-06,,,,IT,Milan,Customer Service,L2,M,31,Permanent,Remote,1.0,30000,29200,1.027,105,22,1,63
E03454,2022-02-13,,,,ES,Barcelona,Sales,L3,M,43,Permanent,Hybrid,1.0,43400,42000,1.033,52,18,3,82
E03455,2021-10-22,,,,PL,Krakow,Operations,L5,M,33,Permanent,Remote,0.8,59850,57900,1.034,56,28,3,55
E03456,2013-06-01,,,,DE,Munich,Sales,L2,F,60,Permanent,Hybrid,1.0,54850,49900,1.099,156,156,4,68
E03457,2025-04-09,,,,DE,Munich,Sales,L2,F,37,Permanent,Onsite,1.0,42500,49900,0.852,14,3,3,63
E03458,2020-02-10,,,,DE,Munich,Customer Service,L4,M,39,Permanent,Hybrid,1.0,78950,71800,1.1,76,30,3,51
E03459,2025-01-20,,,,ES,Barcelona,HR,L4,M,33,Fixed-term,Hybrid,0.8,48000,52500,0.914,17,17,2,55
E03460,2023-12-10,,,,DE,Munich,Tech,L3,M,20,Permanent,Remote,1.0,80950,76000,1.065,30,30,2,50
E03461,2017-11-14,,,,PL,Krakow,HR,L2,F,44,Fixed-term,Hybrid,0.8,29600,26200,1.13,103,30,3,60
E03462,2012-07-07,,,,PL,Krakow,Customer Service,L3,F,53,Permanent,Onsite,1.0,28650,30200,0.949,167,167,4,57
E03463,2025-02-17,,,,DE,Munich,Customer Service,L1,M,33,Fixed-term,Hybrid,1.0,33950,34200,0.993,16,16,4,73
E03464,2025-10-03,,,,IT,Milan,Sales,L4,F,33,Fixed-term,Onsite,1.0,56100,57300,0.979,8,8,4,74
E03465,2020-08-17,,,,IT,Milan,Finance,L1,M,46,Permanent,Remote,1.0,32350,28600,1.131,70,10,5,74
E03466,2024-10-22,2025-11-01,Voluntary,Better external offer,IT,Milan,Customer Service,L5,M,26,Permanent,Onsite,1.0,60650,67900,0.893,13,0,3,48
E03467,2020-07-27,,,,IT,Milan,Finance,L5,M,33,Permanent,Onsite,1.0,88600,82900,1.069,71,10,4,77
E03468,2020-04-25,,,,IT,Milan,Operations,L1,F,45,Fixed-term,Onsite,1.0,26000,24700,1.053,74,29,5,63
E03469,2020-06-25,2026-03-24,Involuntary,Restructuring,IT,Milan,HR,L2,M,32,Fixed-term,Onsite,1.0,36000,32500,1.108,69,69,1,55
E03470,2023-07-14,,,,IT,Milan,Sales,L1,M,39,Permanent,Onsite,1.0,27800,27300,1.018,35,14,3,57
E03471,2025-08-18,,,,DE,Munich,Operations,L4,M,28,Fixed-term,Hybrid,1.0,72900,75800,0.962,10,10,2,65
E03472,2022-09-16,2025-09-16,Voluntary,Career progression,PL,Krakow,Tech,L2,F,27,Permanent,Hybrid,1.0,32150,32800,0.98,36,36,3,59
E03473,2025-04-03,,,,ES,Barcelona,Sales,L1,M,40,Permanent,Hybrid,1.0,27650,26200,1.055,14,5,4,73
E03474,2026-05-20,,,,PL,Krakow,Operations,L3,F,24,Permanent,Hybrid,1.0,27050,31900,0.848,1,1,3,62
E03475,2023-08-25,,,,IT,Milan,Operations,L3,F,28,Permanent,Onsite,1.0,51750,39500,1.31,34,4,3,73
E03476,2021-06-09,,,,IT,Milan,Customer Service,L6,F,44,Permanent,Onsite,1.0,96450,93600,1.03,60,60,3,60
E03477,2020-04-21,,,,PL,Krakow,Sales,L4,F,31,Permanent,Remote,1.0,44500,46300,0.961,74,74,3,48
E03478,2021-08-10,,,,DE,Munich,Sales,L3,M,24,Permanent,Onsite,1.0,75350,63800,1.181,58,58,4,45
E03479,2025-09-06,,,,IT,Milan,Finance,L2,F,23,Permanent,Remote,1.0,30850,35800,0.862,9,9,5,44
E03480,2024-10-30,2025-10-08,Voluntary,Better external offer,PL,Krakow,Customer Service,L4,M,34,Permanent,Onsite,1.0,36500,39700,0.919,12,12,3,44
E03481,2012-07-18,,,,IT,Milan,Tech,L1,M,50,Permanent,Remote,1.0,34850,32500,1.072,167,38,3,60
E03482,2024-05-13,,,,ES,Barcelona,Operations,L4,M,51,Permanent,Onsite,1.0,50550,49900,1.013,25,25,3,55
E03483,2019-11-21,,,,DE,Munich,Customer Service,L3,M,37,Fixed-term,Remote,1.0,58350,54700,1.067,79,51,3,50
E03484,2021-03-08,,,,DE,Munich,Finance,L2,F,38,Permanent,Hybrid,1.0,50900,52300,0.973,63,19,3,81
E03485,2026-01-31,,,,PL,Krakow,Customer Service,L2,F,32,Permanent,Remote,1.0,19300,23600,0.818,5,5,4,41
E03486,2025-02-04,,,,IT,Milan,Operations,L5,M,36,Permanent,Onsite,1.0,76450,71600,1.068,16,16,4,78
E03487,2024-06-20,,,,IT,Milan,Customer Service,L2,F,29,Permanent,Hybrid,1.0,32850,29200,1.125,24,18,4,77
E03488,2022-10-20,,,,DE,Munich,HR,L3,M,46,Permanent,Onsite,1.0,68950,60800,1.134,44,16,5,67
E03489,2024-06-20,,,,PL,Krakow,Operations,L4,F,27,Permanent,Hybrid,1.0,45700,41900,1.091,24,20,5,83
E03490,2012-07-21,,,,DE,Munich,Operations,L2,F,59,Permanent,Onsite,1.0,46750,45100,1.037,167,41,3,66
E03491,2020-06-14,2025-08-08,Voluntary,Compensation,ES,Barcelona,Operations,L2,F,38,Permanent,Hybrid,1.0,30250,29700,1.019,62,17,5,60
E03492,2025-05-02,,,,DE,Munich,Sales,L2,F,29,Fixed-term,Hybrid,1.0,53450,49900,1.071,13,13,3,71
E03493,2025-05-24,,,,ES,Barcelona,Operations,L4,M,29,Fixed-term,Hybrid,1.0,47750,49900,0.957,13,13,3,74
E03494,2025-12-17,,,,DE,Munich,Finance,L1,M,40,Permanent,Onsite,0.8,40400,41800,0.967,6,6,3,65
E03495,2019-01-05,,,,IT,Milan,HR,L4,M,40,Permanent,Onsite,1.0,55300,54600,1.013,89,9,3,76
E03496,2023-11-12,,,,IT,Milan,Sales,L2,F,32,Fixed-term,Hybrid,1.0,29700,34100,0.871,31,3,3,53
E03497,2023-12-08,,,,IT,Milan,Finance,L3,M,39,Permanent,Hybrid,1.0,45250,45800,0.988,30,21,3,69
E03498,2022-05-17,,,,IT,Milan,Tech,L3,M,46,Permanent,Onsite,1.0,49350,52000,0.949,49,13,2,75
E03499,2024-04-25,,,,PL,Krakow,Sales,L3,M,29,Permanent,Hybrid,1.0,32850,35300,0.931,26,26,2,56
E03500,2025-03-06,,,,PL,Krakow,Operations,L4,M,32,Permanent,Onsite,1.0,39300,41900,0.938,15,10,4,71
E03501,2012-07-19,,,,DE,Munich,Finance,L1,F,44,Permanent,Hybrid,0.8,38600,41800,0.923,167,14,5,82
E03502,2025-05-30,,,,ES,Barcelona,Operations,L3,M,33,Permanent,Onsite,1.0,40500,38000,1.066,13,13,2,76
E03503,2026-03-18,,,,PL,Krakow,Sales,L4,M,31,Permanent,Hybrid,1.0,42400,46300,0.916,3,3,3,68
E03504,2016-09-12,,,,DE,Munich,Sales,L2,M,55,Fixed-term,Onsite,1.0,56900,49900,1.14,117,14,1,65
E03505,2025-11-11,,,,DE,Munich,Finance,L3,F,26,Fixed-term,Remote,0.8,62950,66900,0.941,7,7,3,66
E03506,2023-10-23,2026-04-24,Voluntary,Work-life balance,DE,Munich,Customer Service,L1,F,37,Fixed-term,Onsite,1.0,34600,34200,1.012,30,23,3,45
E03507,2020-10-15,2025-09-02,Voluntary,Compensation,IT,Milan,Customer Service,L4,M,34,Fixed-term,Onsite,1.0,50050,49100,1.019,59,9,4,65
E03508,2024-01-06,,,,PL,Krakow,Tech,L1,F,48,Permanent,Hybrid,1.0,25400,26200,0.969,29,10,3,71
E03509,2024-12-05,2025-11-11,Voluntary,Work-life balance,DE,Munich,Customer Service,L2,M,27,Fixed-term,Onsite,0.8,45200,42800,1.056,11,11,2,79
E03510,2022-10-16,,,,DE,Munich,Tech,L2,M,37,Permanent,Onsite,1.0,71450,59400,1.203,44,33,1,50
E03511,2023-08-11,,,,IT,Milan,Tech,L3,M,33,Permanent,Hybrid,1.0,48950,52000,0.941,34,12,3,69
E03512,2018-12-09,,,,DE,Munich,Operations,L3,M,40,Permanent,Onsite,1.0,56400,57800,0.976,90,90,4,78
E03513,2024-08-07,,,,PL,Krakow,Finance,L1,M,38,Permanent,Onsite,1.0,18200,23100,0.788,22,11,3,47
E03514,2025-11-16,,,,PL,Krakow,Operations,L1,F,28,Permanent,Hybrid,1.0,19150,20000,0.958,7,7,3,66
E03515,2016-09-11,,,,DE,Munich,Sales,L4,F,36,Permanent,Remote,0.8,84600,83800,1.01,117,32,5,49
E03516,2019-10-31,2025-07-02,Voluntary,Relocation,PL,Krakow,Customer Service,L1,M,36,Permanent,Onsite,1.0,16000,18900,0.847,69,19,3,46
E03517,2025-08-02,,,,PL,Krakow,Finance,L2,M,24,Permanent,Hybrid,1.0,26000,28900,0.9,10,10,3,49
E03518,2023-03-06,,,,IT,Milan,Sales,L2,F,30,Permanent,Onsite,1.0,34750,34100,1.019,39,18,3,69
E03519,2025-04-30,,,,IT,Milan,Tech,L1,F,27,Permanent,Hybrid,1.0,28600,32500,0.88,14,14,3,37
E03520,2023-02-18,,,,DE,Munich,Sales,L1,F,42,Permanent,Hybrid,1.0,37250,39900,0.934,40,40,3,59
E03521,2023-09-11,,,,PL,Krakow,Customer Service,L2,M,28,Permanent,Remote,1.0,22050,23600,0.934,33,33,3,50
E03522,2025-01-12,,,,DE,Munich,Customer Service,L3,M,37,Permanent,Onsite,1.0,47200,54700,0.863,17,12,3,60
E03523,2024-10-09,,,,PL,Krakow,Finance,L5,M,36,Permanent,Hybrid,1.0,66400,67000,0.991,20,12,3,75
E03524,2025-02-19,,,,IT,Milan,Operations,L2,F,25,Fixed-term,Hybrid,1.0,28650,30900,0.927,16,14,4,81
E03525,2023-03-09,,,,ES,Barcelona,Tech,L4,M,45,Permanent,Onsite,1.0,65300,65600,0.995,39,39,3,67
E03526,2020-07-08,,,,IT,Milan,Operations,L6,M,42,Fixed-term,Hybrid,1.0,97350,98800,0.985,71,71,4,77
E03527,2024-11-10,,,,IT,Milan,Customer Service,L1,F,36,Permanent,Remote,1.0,22400,23400,0.957,19,19,2,72
E03528,2024-03-08,,,,DE,Munich,HR,L3,M,24,Permanent,Onsite,0.8,65900,60800,1.084,27,27,3,54
E03529,2013-09-14,,,,IT,Milan,Finance,L5,M,43,Fixed-term,Remote,1.0,97650,82900,1.178,153,153,3,47
E03530,2019-10-17,,,,PL,Krakow,HR,L2,M,45,Permanent,Onsite,1.0,25700,26200,0.981,80,21,4,76
E03531,2020-11-12,,,,ES,Barcelona,Operations,L1,F,28,Permanent,Hybrid,1.0,22650,23800,0.952,67,24,3,80
E03532,2025-04-24,,,,IT,Milan,Customer Service,L5,M,21,Permanent,Hybrid,1.0,63300,67900,0.932,14,14,3,62
E03533,2025-11-12,2026-06-05,Voluntary,Compensation,IT,Milan,Tech,L2,M,33,Permanent,Hybrid,1.0,37200,40600,0.916,7,7,4,62
E03534,2023-11-03,,,,IT,Milan,Customer Service,L3,M,38,Permanent,Onsite,1.0,38850,37400,1.039,31,9,3,71
E03535,2024-12-08,,,,PL,Krakow,Customer Service,L1,M,37,Permanent,Onsite,1.0,17000,18900,0.899,18,17,5,58
E03536,2023-05-11,,,,PL,Krakow,Tech,L2,F,41,Permanent,Remote,1.0,35800,32800,1.091,37,37,3,58
E03537,2024-02-05,,,,IT,Milan,Tech,L4,M,34,Permanent,Hybrid,1.0,74600,68200,1.094,28,17,3,82
E03538,2024-10-25,2025-11-13,Voluntary,Relocation,PL,Krakow,Sales,L4,M,31,Permanent,Hybrid,1.0,42450,46300,0.917,13,13,3,59
E03539,2021-12-19,,,,PL,Krakow,Sales,L1,M,41,Permanent,Remote,1.0,23550,22000,1.07,54,23,3,77
E03540,2015-08-08,,,,DE,Munich,Finance,L1,M,40,Fixed-term,Hybrid,1.0,41850,41800,1.001,130,130,3,49
E03541,2023-05-03,,,,ES,Barcelona,Customer Service,L1,F,37,Permanent,Hybrid,0.8,26200,22500,1.164,37,20,3,60
E03542,2023-12-09,,,,PL,Krakow,Sales,L6,M,44,Fixed-term,Hybrid,1.0,94050,88200,1.066,30,11,5,68
E03543,2025-03-26,,,,DE,Munich,Customer Service,L1,M,34,Fixed-term,Hybrid,1.0,30250,34200,0.885,15,8,2,69
E03544,2025-02-08,,,,DE,Munich,Customer Service,L4,F,32,Permanent,Hybrid,1.0,77900,71800,1.085,16,12,3,72
E03545,2025-12-01,2026-02-20,Voluntary,Compensation,DE,Munich,Customer Service,L5,M,25,Fixed-term,Onsite,1.0,88150,99200,0.889,2,2,3,47
E03546,2024-02-20,2025-11-12,Involuntary,End of fixed-term contract,DE,Munich,Customer Service,L3,M,31,Permanent,Remote,1.0,48900,54700,0.894,21,21,5,43
E03547,2024-06-13,,,,DE,Munich,Tech,L1,M,44,Permanent,Remote,1.0,49000,47500,1.032,24,12,4,61
E03548,2022-05-14,2026-01-20,Voluntary,Compensation,ES,Barcelona,Sales,L2,F,33,Permanent,Hybrid,1.0,29950,32800,0.913,44,11,3,54
E03549,2020-03-27,,,,PL,Krakow,Tech,L1,M,43,Permanent,Hybrid,1.0,26450,26200,1.01,75,75,3,64
E03550,2022-01-26,,,,PL,Krakow,Customer Service,L3,M,29,Permanent,Hybrid,1.0,26050,30200,0.863,53,28,2,52
E03551,2024-10-05,,,,IT,Milan,Finance,L2,F,20,Permanent,Onsite,1.0,36550,35800,1.021,20,8,5,67
E03552,2026-03-04,,,,PL,Krakow,HR,L2,F,35,Fixed-term,Hybrid,0.8,23900,26200,0.912,3,3,4,56
E03553,2025-12-20,,,,IT,Milan,Operations,L4,M,30,Fixed-term,Onsite,1.0,49900,51900,0.961,6,6,4,76
E03554,2025-06-22,,,,IT,Milan,Customer Service,L4,F,37,Permanent,Onsite,1.0,47550,49100,0.968,12,12,3,63
E03555,2019-03-22,,,,IT,Milan,Sales,L4,M,39,Permanent,Hybrid,1.0,61500,57300,1.073,87,87,5,59
E03556,2026-02-17,,,,PL,Krakow,HR,L1,F,24,Permanent,Remote,1.0,18150,21000,0.864,4,4,4,59
E03557,2021-01-14,,,,IT,Milan,Customer Service,L2,F,33,Permanent,Hybrid,1.0,29850,29200,1.022,65,23,3,66
E03558,2017-05-19,,,,PL,Krakow,Customer Service,L2,F,39,Permanent,Remote,1.0,26500,23600,1.123,109,16,3,50
E03559,2025-07-26,,,,IT,Milan,Operations,L1,M,36,Permanent,Remote,1.0,24100,24700,0.976,11,11,2,67
E03560,2024-03-04,,,,PL,Krakow,Customer Service,L4,F,36,Permanent,Hybrid,1.0,40000,39700,1.008,27,11,4,73
E03561,2019-09-18,,,,DE,Munich,Operations,L3,M,42,Permanent,Remote,0.8,59750,57800,1.034,81,24,4,67
E03562,2024-11-08,,,,DE,Munich,Operations,L2,F,41,Permanent,Onsite,1.0,45400,45100,1.007,19,19,3,64
E03563,2022-05-26,,,,DE,Munich,Tech,L2,M,35,Permanent,Onsite,1.0,58650,59400,0.987,49,15,2,56
E03564,2022-07-11,,,,DE,Munich,Tech,L2,M,26,Permanent,Remote,1.0,55400,59400,0.933,47,47,2,61
E03565,2025-11-14,2026-01-05,Voluntary,Manager / leadership,ES,Barcelona,Sales,L3,M,34,Permanent,Hybrid,1.0,33950,42000,0.808,2,2,2,58
E03566,2026-01-26,,,,IT,Milan,Operations,L2,M,31,Permanent,Hybrid,0.8,30700,30900,0.994,5,5,3,88
E03567,2024-10-05,,,,PL,Krakow,Customer Service,L4,F,26,Permanent,Hybrid,0.8,37750,39700,0.951,20,3,3,72
E03568,2015-12-04,,,,ES,Barcelona,Finance,L2,M,32,Permanent,Hybrid,1.0,35450,34400,1.031,126,17,3,59
E03569,2024-05-08,,,,PL,Krakow,Operations,L4,M,32,Permanent,Hybrid,1.0,39300,41900,0.938,25,22,4,65
E03570,2020-07-23,,,,IT,Milan,Operations,L2,F,47,Permanent,Hybrid,1.0,31750,30900,1.028,71,20,2,72
E03571,2024-05-01,,,,ES,Barcelona,Finance,L5,M,41,Permanent,Onsite,1.0,75300,79800,0.944,25,14,3,74
E03572,2026-01-13,2026-03-20,Involuntary,Restructuring,PL,Krakow,HR,L1,F,21,Permanent,Onsite,1.0,21550,21000,1.026,2,2,3,57
E03573,2023-04-15,,,,PL,Krakow,Customer Service,L4,M,36,Permanent,Remote,1.0,40800,39700,1.028,38,38,3,46
E03574,2023-09-24,,,,PL,Krakow,Operations,L2,F,41,Fixed-term,Hybrid,1.0,21350,24900,0.857,33,15,2,67
E03575,2022-03-05,,,,PL,Krakow,Customer Service,L1,F,43,Permanent,Onsite,0.8,18300,18900,0.968,51,51,4,64
E03576,2022-12-01,,,,ES,Barcelona,Operations,L3,M,28,Permanent,Hybrid,1.0,40250,38000,1.059,42,14,3,58
E03577,2024-01-16,,,,PL,Krakow,Sales,L1,F,26,Permanent,Hybrid,1.0,24650,22000,1.12,29,29,5,55
E03578,2024-04-23,,,,PL,Krakow,Customer Service,L2,M,32,Permanent,Onsite,1.0,26300,23600,1.114,26,26,3,52
E03579,2025-01-16,,,,IT,Milan,Operations,L1,F,38,Fixed-term,Hybrid,1.0,21700,24700,0.879,17,10,3,65
E03580,2022-08-17,,,,ES,Barcelona,Operations,L1,F,40,Permanent,Remote,1.0,25450,23800,1.069,46,46,3,71
E03581,2024-03-09,2026-06-02,Voluntary,Manager / leadership,IT,Milan,Customer Service,L3,M,21,Fixed-term,Onsite,1.0,43000,37400,1.15,27,27,3,44
E03582,2025-04-21,,,,PL,Krakow,Customer Service,L6,M,41,Fixed-term,Hybrid,1.0,82850,75600,1.096,14,6,4,77
E03583,2022-02-12,,,,DE,Munich,Customer Service,L2,M,39,Permanent,Onsite,1.0,41750,42800,0.975,52,13,3,73
E03584,2024-10-08,,,,IT,Milan,Operations,L5,M,40,Permanent,Remote,1.0,68050,71600,0.95,20,4,2,51
E03585,2013-07-08,,,,PL,Krakow,Operations,L2,M,41,Permanent,Hybrid,1.0,23500,24900,0.944,155,15,2,71
E03586,2024-12-03,,,,ES,Barcelona,HR,L5,M,32,Fixed-term,Hybrid,1.0,72150,72500,0.995,18,18,2,66
E03587,2024-02-03,,,,PL,Krakow,Tech,L3,F,31,Permanent,Onsite,1.0,40400,42000,0.962,28,12,3,77
E03588,2025-01-20,,,,PL,Krakow,Tech,L3,M,37,Permanent,Hybrid,1.0,39700,42000,0.945,17,17,3,64
E03589,2025-12-12,2026-01-04,Voluntary,Work-life balance,PL,Krakow,Operations,L2,F,35,Permanent,Hybrid,0.8,18600,24900,0.747,1,1,2,57
E03590,2012-07-03,,,,IT,Milan,Customer Service,L2,F,60,Permanent,Remote,1.0,28700,29200,0.983,167,167,3,52
E03591,2016-08-25,,,,PL,Krakow,Customer Service,L1,M,44,Fixed-term,Hybrid,1.0,20300,18900,1.074,118,27,3,53
E03592,2022-05-08,,,,DE,Munich,Operations,L1,M,40,Permanent,Hybrid,1.0,36200,36100,1.003,49,49,2,53
E03593,2022-12-12,,,,ES,Barcelona,Tech,L2,M,37,Fixed-term,Hybrid,1.0,42350,39100,1.083,42,29,2,72
E03594,2025-10-24,,,,ES,Barcelona,Tech,L1,M,33,Fixed-term,Onsite,1.0,27500,31200,0.881,8,8,2,39
E03595,2020-06-18,,,,PL,Krakow,Operations,L2,M,29,Permanent,Onsite,1.0,25450,24900,1.022,72,30,3,56
E03596,2022-11-10,,,,ES,Barcelona,Customer Service,L1,M,35,Permanent,Hybrid,1.0,23250,22500,1.033,43,43,4,71
E03597,2023-01-13,,,,PL,Krakow,Sales,L4,M,37,Permanent,Hybrid,1.0,44900,46300,0.97,41,14,3,86
E03598,2025-06-05,,,,DE,Munich,HR,L2,F,37,Permanent,Remote,1.0,47100,47500,0.992,12,12,3,62
E03599,2025-09-11,,,,IT,Milan,HR,L1,M,37,Permanent,Hybrid,0.8,27350,26000,1.052,9,9,3,61
E03600,2022-08-06,2025-09-20,Voluntary,Career progression,PL,Krakow,Finance,L2,F,41,Permanent,Hybrid,1.0,27450,28900,0.95,37,20,3,65
E03601,2025-06-06,,,,IT,Milan,Sales,L3,F,32,Permanent,Hybrid,1.0,38950,43700,0.891,12,12,5,70
E03602,2014-12-12,,,,IT,Milan,Customer Service,L2,M,52,Permanent,Hybrid,1.0,27800,29200,0.952,138,138,4,60
E03603,2023-02-26,,,,IT,Milan,HR,L2,F,41,Permanent,Hybrid,1.0,31800,32500,0.978,40,14,4,84
E03604,2025-11-17,,,,ES,Barcelona,Operations,L3,M,33,Fixed-term,Onsite,1.0,34150,38000,0.899,7,7,4,51
E03605,2016-10-12,,,,IT,Milan,Sales,L1,F,48,Permanent,Onsite,1.0,26000,27300,0.952,116,116,4,54
E03606,2026-04-22,,,,PL,Krakow,Operations,L3,F,33,Fixed-term,Onsite,1.0,24200,31900,0.759,2,2,2,44
E03607,2023-12-14,,,,PL,Krakow,Tech,L2,F,29,Permanent,Onsite,1.0,35750,32800,1.09,30,22,3,65
E03608,2018-09-10,,,,IT,Milan,HR,L3,F,28,Permanent,Hybrid,1.0,41400,41600,0.995,93,93,3,77
E03609,2026-02-01,2026-06-02,Voluntary,Compensation,PL,Krakow,Finance,L1,M,37,Fixed-term,Remote,0.8,20400,23100,0.883,4,4,3,60
E03610,2024-12-13,,,,DE,Munich,Sales,L1,F,42,Permanent,Hybrid,1.0,34600,39900,0.867,18,3,4,53
E03611,2017-11-06,,,,DE,Munich,HR,L4,F,45,Permanent,Hybrid,1.0,82450,79800,1.033,103,37,4,63
E03612,2025-02-23,2025-07-18,Involuntary,Restructuring,PL,Krakow,Sales,L1,F,30,Permanent,Hybrid,1.0,19550,22000,0.889,5,5,2,38
E03613,2025-06-14,2026-03-06,Voluntary,Compensation,PL,Krakow,Customer Service,L2,M,39,Permanent,Remote,1.0,17750,23600,0.752,9,9,3,45
E03614,2024-07-15,,,,DE,Munich,Operations,L3,M,35,Permanent,Hybrid,0.8,66050,57800,1.143,23,14,3,68
E03615,2026-04-25,,,,DE,Munich,Sales,L3,M,25,Fixed-term,Hybrid,1.0,57600,63800,0.903,2,2,4,56
E03616,2020-01-03,,,,IT,Milan,HR,L1,F,34,Permanent,Hybrid,1.0,26600,26000,1.023,77,13,1,78
E03617,2023-01-02,,,,PL,Krakow,Operations,L3,F,34,Permanent,Hybrid,1.0,33850,31900,1.061,41,19,3,71
E03618,2024-04-30,,,,IT,Milan,Sales,L2,F,42,Permanent,Onsite,1.0,38400,34100,1.126,26,17,3,65
E03619,2025-10-25,,,,PL,Krakow,HR,L3,F,28,Permanent,Onsite,1.0,33650,33600,1.001,8,8,3,71
E03620,2015-07-14,,,,PL,Krakow,Finance,L5,F,33,Permanent,Onsite,1.0,75850,67000,1.132,131,131,3,48
E03621,2026-04-20,,,,IT,Milan,Operations,L2,F,29,Fixed-term,Onsite,1.0,33450,30900,1.083,2,2,3,70
E03622,2019-03-20,,,,IT,Milan,Customer Service,L3,F,45,Permanent,Hybrid,0.8,38850,37400,1.039,87,87,3,55
E03623,2025-05-25,,,,ES,Barcelona,Customer Service,L3,F,30,Fixed-term,Hybrid,1.0,33500,36000,0.931,13,13,4,68
E03624,2026-02-25,,,,PL,Krakow,Finance,L3,F,28,Permanent,Onsite,1.0,34300,37000,0.927,4,4,4,74
E03625,2020-07-21,,,,PL,Krakow,Sales,L2,M,43,Permanent,Hybrid,1.0,26000,27600,0.942,71,71,3,56
E03626,2021-02-03,,,,IT,Milan,Customer Service,L1,M,20,Permanent,Hybrid,1.0,25550,23400,1.092,64,64,1,55
E03627,2024-03-06,,,,IT,Milan,Tech,L1,F,31,Fixed-term,Remote,1.0,31050,32500,0.955,27,23,5,66
E03628,2023-01-14,,,,IT,Milan,Customer Service,L5,F,29,Permanent,Onsite,1.0,72750,67900,1.071,41,41,2,41
E03629,2024-08-09,,,,PL,Krakow,Tech,L2,F,33,Permanent,Onsite,1.0,33100,32800,1.009,22,22,3,62
E03630,2024-03-04,,,,PL,Krakow,Operations,L1,M,38,Permanent,Hybrid,1.0,24050,20000,1.202,27,21,2,63
E03631,2024-07-13,,,,ES,Barcelona,Customer Service,L3,M,38,Permanent,Hybrid,1.0,36500,36000,1.014,23,19,3,78
E03632,2023-10-07,,,,IT,Milan,Customer Service,L2,M,29,Permanent,Onsite,1.0,27650,29200,0.947,32,7,3,60
E03633,2024-09-02,,,,PL,Krakow,Customer Service,L2,F,22,Permanent,Hybrid,1.0,23600,23600,1.0,21,9,2,56
E03634,2012-10-14,,,,IT,Milan,Customer Service,L3,M,50,Permanent,Onsite,1.0,39650,37400,1.06,164,15,3,57
E03635,2024-09-24,,,,IT,Milan,Operations,L2,F,26,Permanent,Onsite,1.0,29650,30900,0.96,21,14,4,64
E03636,2026-04-11,,,,PL,Krakow,Tech,L3,M,22,Fixed-term,Hybrid,1.0,41600,42000,0.99,2,2,3,81
E03637,2020-06-04,2026-01-20,Voluntary,Career progression,DE,Munich,Customer Service,L2,F,48,Permanent,Hybrid,1.0,35600,42800,0.832,67,67,3,45
E03638,2022-11-11,,,,PL,Krakow,Tech,L4,M,27,Permanent,Hybrid,1.0,61800,55100,1.122,43,10,4,75
E03639,2022-10-11,,,,IT,Milan,Customer Service,L1,M,41,Permanent,Remote,1.0,23200,23400,0.991,44,22,3,72
E03640,2025-07-16,,,,IT,Milan,Sales,L6,M,20,Fixed-term,Hybrid,1.0,102800,109200,0.941,11,11,3,69
E03641,2019-12-11,2026-01-06,Voluntary,Personal reasons,PL,Krakow,Customer Service,L1,M,39,Permanent,Hybrid,1.0,22200,18900,1.175,73,30,3,51
E03642,2020-10-05,,,,PL,Krakow,Operations,L3,F,29,Permanent,Hybrid,1.0,30200,31900,0.947,68,14,3,67
E03643,2025-07-16,,,,IT,Milan,Customer Service,L3,M,36,Permanent,Hybrid,1.0,36750,37400,0.983,11,11,3,72
E03644,2025-12-15,,,,IT,Milan,Customer Service,L1,M,26,Permanent,Hybrid,1.0,18900,23400,0.808,6,6,2,55
E03645,2020-07-14,,,,DE,Munich,HR,L1,F,38,Permanent,Hybrid,1.0,41800,38000,1.1,71,71,3,53
E03646,2024-03-20,,,,PL,Krakow,Finance,L3,F,24,Permanent,Hybrid,1.0,39600,37000,1.07,27,3,4,87
E03647,2022-03-10,,,,IT,Milan,Customer Service,L2,F,33,Permanent,Onsite,1.0,30550,29200,1.046,51,51,2,59
E03648,2024-11-06,,,,DE,Munich,Finance,L3,F,31,Fixed-term,Onsite,1.0,65250,66900,0.975,19,19,3,78
E03649,2025-12-01,2026-01-09,Voluntary,Work-life balance,PL,Krakow,Customer Service,L4,M,34,Permanent,Remote,1.0,37200,39700,0.937,1,1,3,58
E03650,2012-07-05,,,,DE,Munich,Sales,L4,M,51,Permanent,Hybrid,1.0,88850,83800,1.06,167,167,3,54
E03651,2022-11-14,,,,DE,Munich,Tech,L3,M,36,Permanent,Remote,1.0,68400,76000,0.9,43,43,3,49
E03652,2023-04-26,,,,IT,Milan,HR,L1,F,39,Permanent,Remote,1.0,29450,26000,1.133,38,11,2,65
E03653,2023-05-21,,,,IT,Milan,Operations,L3,F,26,Permanent,Hybrid,1.0,44050,39500,1.115,37,37,4,73
E03654,2025-12-05,,,,IT,Milan,Sales,L4,M,42,Fixed-term,Hybrid,1.0,48200,57300,0.841,6,6,3,61
E03655,2024-10-26,,,,PL,Krakow,HR,L4,M,47,Permanent,Remote,1.0,44150,44100,1.001,20,8,3,70
E03656,2014-11-06,2025-09-17,Voluntary,Manager / leadership,DE,Munich,Operations,L4,M,51,Fixed-term,Remote,1.0,68550,75800,0.904,130,16,3,36
E03657,2012-07-19,,,,ES,Barcelona,Customer Service,L3,F,41,Permanent,Hybrid,1.0,37500,36000,1.042,167,167,3,55
E03658,2019-07-18,,,,PL,Krakow,Tech,L4,M,40,Permanent,Remote,1.0,57700,55100,1.047,83,83,3,45
E03659,2023-09-22,,,,IT,Milan,Sales,L1,F,37,Permanent,Hybrid,1.0,32750,27300,1.2,33,28,5,64
E03660,2025-08-31,,,,ES,Barcelona,Customer Service,L2,F,24,Permanent,Onsite,1.0,25700,28100,0.915,10,10,4,49
E03661,2021-09-25,,,,IT,Milan,Operations,L1,F,49,Fixed-term,Onsite,1.0,25650,24700,1.038,57,57,3,51
E03662,2023-01-22,,,,PL,Krakow,Tech,L2,F,35,Permanent,Remote,1.0,33800,32800,1.03,41,41,4,53
E03663,2023-04-24,,,,IT,Milan,Tech,L3,F,28,Fixed-term,Hybrid,1.0,46050,52000,0.886,38,38,3,51
E03664,2024-05-02,,,,PL,Krakow,Tech,L2,M,30,Permanent,Onsite,1.0,36550,32800,1.114,25,11,4,68
E03665,2017-02-12,,,,IT,Milan,Finance,L1,M,43,Permanent,Hybrid,1.0,31200,28600,1.091,112,29,5,64
E03666,2025-09-15,2026-06-22,Voluntary,Compensation,DE,Munich,Tech,L5,F,40,Fixed-term,Hybrid,1.0,109000,137800,0.791,9,9,3,46
E03667,2022-04-13,,,,IT,Milan,Sales,L2,F,46,Permanent,Hybrid,1.0,36500,34100,1.07,50,50,3,52
E03668,2020-07-26,2026-01-07,Involuntary,Performance,ES,Barcelona,Finance,L1,F,37,Permanent,Onsite,1.0,28950,27500,1.053,66,22,3,49
E03669,2025-07-13,,,,PL,Krakow,Finance,L4,M,33,Permanent,Hybrid,1.0,39250,48500,0.809,11,11,5,73
E03670,2025-04-16,,,,IT,Milan,Customer Service,L2,F,24,Permanent,Hybrid,1.0,25500,29200,0.873,14,14,5,64
E03671,2020-12-20,,,,DE,Munich,HR,L1,F,38,Permanent,Hybrid,1.0,36300,38000,0.955,66,21,4,72
E03672,2020-03-08,2026-06-11,Involuntary,Restructuring,IT,Milan,Operations,L2,M,31,Fixed-term,Hybrid,1.0,34150,30900,1.105,75,75,2,50
E03673,2019-06-13,,,,IT,Milan,Customer Service,L2,M,47,Permanent,Remote,1.0,28000,29200,0.959,84,36,4,44
E03674,2025-04-17,,,,IT,Milan,Sales,L3,M,40,Permanent,Hybrid,1.0,44100,43700,1.009,14,13,2,75
E03675,2026-04-21,,,,DE,Munich,Operations,L6,M,20,Permanent,Onsite,1.0,132200,144400,0.916,2,2,3,55
E03676,2024-10-13,,,,IT,Milan,Sales,L2,M,35,Permanent,Hybrid,1.0,30650,34100,0.899,20,20,3,49
E03677,2021-12-12,,,,IT,Milan,Customer Service,L6,M,31,Permanent,Onsite,1.0,88450,93600,0.945,54,16,3,58
E03678,2018-01-03,,,,IT,Milan,Customer Service,L1,F,45,Permanent,Hybrid,1.0,22750,23400,0.972,101,17,3,66
E03679,2024-06-17,,,,DE,Munich,Customer Service,L2,F,36,Permanent,Hybrid,1.0,42400,42800,0.991,24,24,4,86
E03680,2025-11-12,,,,IT,Milan,HR,L4,F,29,Fixed-term,Remote,1.0,54700,54600,1.002,7,7,2,60
E03681,2023-07-01,,,,DE,Munich,Tech,L6,M,37,Permanent,Hybrid,1.0,198700,190000,1.046,35,14,2,72
E03682,2025-05-17,,,,PL,Krakow,Operations,L3,M,31,Permanent,Remote,1.0,31800,31900,0.997,13,13,4,77
E03683,2025-09-24,,,,PL,Krakow,Operations,L1,M,23,Fixed-term,Remote,1.0,19450,20000,0.973,9,9,4,77
E03684,2026-04-03,,,,PL,Krakow,Customer Service,L5,M,20,Permanent,Remote,1.0,38450,54800,0.702,2,2,3,52
E03685,2012-07-09,,,,DE,Munich,Sales,L4,M,49,Permanent,Hybrid,1.0,77500,83800,0.925,167,27,3,65
E03686,2023-02-11,2025-12-18,Voluntary,Career progression,ES,Barcelona,Finance,L1,F,35,Fixed-term,Hybrid,1.0,25100,27500,0.913,34,34,3,45
E03687,2025-04-18,2025-11-24,Voluntary,Compensation,PL,Krakow,Operations,L1,F,28,Permanent,Onsite,1.0,18950,20000,0.948,7,5,3,58
E03688,2026-03-22,,,,IT,Milan,Customer Service,L1,F,20,Permanent,Hybrid,1.0,23400,23400,1.0,3,3,3,72
E03689,2018-07-25,2025-12-21,Voluntary,Compensation,PL,Krakow,Customer Service,L3,F,44,Permanent,Hybrid,1.0,25550,30200,0.846,89,89,3,38
E03690,2025-10-02,,,,DE,Munich,Tech,L1,F,29,Fixed-term,Hybrid,1.0,50500,47500,1.063,8,8,3,69
E03691,2023-09-22,2025-09-12,Voluntary,Compensation,ES,Barcelona,Operations,L2,M,34,Fixed-term,Onsite,1.0,30400,29700,1.024,24,3,3,75
E03692,2019-12-12,2026-01-24,Involuntary,Performance,ES,Barcelona,HR,L3,M,39,Permanent,Onsite,1.0,42450,40000,1.061,73,73,2,63
E03693,2023-02-16,,,,PL,Krakow,Customer Service,L2,F,40,Fixed-term,Remote,1.0,23650,23600,1.002,40,20,3,58
E03694,2024-06-08,,,,ES,Barcelona,Sales,L1,F,42,Permanent,Onsite,1.0,24700,26200,0.943,24,24,4,72
E03695,2025-03-23,2026-01-03,Voluntary,Work-life balance,DE,Munich,Tech,L2,M,35,Fixed-term,Hybrid,1.0,52100,59400,0.877,10,0,4,66
E03696,2022-09-15,,,,PL,Krakow,Customer Service,L4,M,47,Permanent,Remote,1.0,42050,39700,1.059,45,45,4,70
E03697,2024-04-26,,,,IT,Milan,Sales,L3,F,31,Permanent,Hybrid,1.0,39450,43700,0.903,26,16,3,52
E03698,2024-12-01,,,,IT,Milan,Sales,L5,F,34,Permanent,Remote,0.8,76550,79200,0.967,18,14,2,56
E03699,2026-05-27,,,,IT,Milan,Finance,L1,F,34,Permanent,Onsite,1.0,28050,28600,0.981,1,1,3,56
E03700,2022-10-15,,,,IT,Milan,Customer Service,L1,M,43,Permanent,Hybrid,1.0,22450,23400,0.959,44,44,5,65
E03701,2021-01-24,,,,PL,Krakow,HR,L1,M,41,Permanent,Remote,1.0,21150,21000,1.007,65,45,2,52
E03702,2025-05-15,,,,ES,Barcelona,Sales,L4,M,24,Permanent,Onsite,1.0,54850,55100,0.995,13,13,3,75
E03703,2012-07-02,,,,ES,Barcelona,Tech,L5,F,57,Permanent,Onsite,1.0,97500,90600,1.076,167,167,2,54
E03704,2024-07-03,,,,DE,Munich,Customer Service,L2,M,37,Permanent,Hybrid,1.0,48500,42800,1.133,23,23,4,71
E03705,2025-07-02,,,,IT,Milan,Tech,L3,M,20,Permanent,Hybrid,0.8,50050,52000,0.963,11,11,3,76
E03706,2017-07-13,,,,PL,Krakow,Customer Service,L3,M,50,Permanent,Hybrid,0.8,29350,30200,0.972,107,37,3,62
E03707,2023-08-05,,,,IT,Milan,Finance,L2,M,31,Permanent,Onsite,1.0,38500,35800,1.075,34,14,3,76
E03708,2024-06-10,,,,IT,Milan,Operations,L6,F,31,Permanent,Onsite,1.0,98500,98800,0.997,24,11,2,83
E03709,2026-01-07,,,,DE,Munich,Customer Service,L1,M,21,Permanent,Remote,1.0,34400,34200,1.006,5,5,3,66
E03710,2021-12-06,2026-01-26,Involuntary,Restructuring,IT,Milan,Operations,L1,M,33,Permanent,Onsite,1.0,22100,24700,0.895,49,27,4,39
E03711,2020-11-17,,,,ES,Barcelona,Sales,L4,M,46,Permanent,Hybrid,1.0,52600,55100,0.955,67,67,2,55
E03712,2021-07-01,,,,IT,Milan,Sales,L4,M,27,Permanent,Hybrid,1.0,65800,57300,1.148,59,12,2,65
E03713,2022-03-27,,,,IT,Milan,Operations,L2,F,37,Fixed-term,Hybrid,1.0,30350,30900,0.982,51,15,3,83
E03714,2021-04-12,2025-12-11,Voluntary,Compensation,DE,Munich,Customer Service,L2,M,44,Permanent,Onsite,1.0,45250,42800,1.057,56,56,3,65
E03715,2024-10-10,,,,IT,Milan,Operations,L2,F,29,Permanent,Onsite,1.0,27650,30900,0.895,20,5,4,61
E03716,2024-10-24,,,,DE,Munich,Tech,L4,M,43,Permanent,Hybrid,1.0,107500,99800,1.077,20,16,4,87
E03717,2017-06-19,,,,IT,Milan,Finance,L3,F,42,Permanent,Onsite,1.0,48000,45800,1.048,108,36,2,56
E03718,2024-02-03,,,,PL,Krakow,Sales,L1,F,50,Fixed-term,Hybrid,1.0,25400,22000,1.155,28,21,3,64
E03719,2025-02-16,,,,IT,Milan,Customer Service,L2,F,49,Permanent,Remote,1.0,29800,29200,1.021,16,16,4,57
E03720,2013-05-24,,,,IT,Milan,Finance,L3,M,42,Permanent,Remote,1.0,51250,45800,1.119,157,39,4,66
E03721,2024-05-05,,,,PL,Krakow,Customer Service,L4,F,33,Permanent,Hybrid,0.8,38550,39700,0.971,25,25,2,72
E03722,2018-10-01,,,,PL,Krakow,Operations,L1,M,49,Permanent,Onsite,1.0,21850,20000,1.093,92,92,3,50
E03723,2025-08-15,,,,PL,Krakow,Tech,L2,M,28,Permanent,Hybrid,1.0,30900,32800,0.942,10,10,3,79
E03724,2018-06-13,2026-01-15,Involuntary,Conduct,PL,Krakow,Finance,L3,M,36,Permanent,Remote,1.0,40100,37000,1.084,91,91,3,68
E03725,2026-02-09,,,,PL,Krakow,Tech,L3,M,32,Permanent,Remote,0.8,40300,42000,0.96,4,4,4,69
E03726,2025-03-17,2026-01-17,Voluntary,Career progression,IT,Milan,Customer Service,L2,F,37,Permanent,Onsite,1.0,25050,29200,0.858,10,10,3,57
E03727,2022-04-23,,,,PL,Krakow,Finance,L5,M,40,Permanent,Onsite,1.0,69950,67000,1.044,50,7,4,69
E03728,2025-05-11,2025-09-19,Voluntary,Personal reasons,PL,Krakow,Sales,L3,F,30,Fixed-term,Remote,1.0,32750,35300,0.928,4,4,3,49
E03729,2023-12-06,,,,PL,Krakow,Operations,L3,M,39,Permanent,Onsite,1.0,38500,31900,1.207,30,15,3,70
E03730,2024-02-06,,,,PL,Krakow,Operations,L2,M,35,Permanent,Onsite,1.0,26700,24900,1.072,28,28,3,45
E03731,2019-06-08,2026-01-06,Voluntary,Personal reasons,ES,Barcelona,Sales,L2,F,28,Permanent,Hybrid,1.0,34600,32800,1.055,79,79,3,52
E03732,2025-03-14,2025-10-18,Voluntary,Relocation,DE,Munich,Customer Service,L3,M,38,Permanent,Onsite,1.0,47950,54700,0.877,7,3,3,51
E03733,2024-02-18,,,,DE,Munich,Tech,L3,F,20,Permanent,Hybrid,1.0,82150,76000,1.081,28,15,3,68
E03734,2023-08-10,,,,IT,Milan,Tech,L2,M,36,Permanent,Remote,1.0,43650,40600,1.075,34,8,3,67
E03735,2021-08-07,,,,ES,Barcelona,Tech,L3,M,27,Permanent,Hybrid,0.8,48900,50000,0.978,58,58,3,60
E03736,2017-11-26,,,,PL,Krakow,Finance,L3,M,28,Permanent,Onsite,0.8,36750,37000,0.993,103,103,4,59
E03737,2022-08-03,,,,PL,Krakow,Sales,L3,F,36,Permanent,Onsite,1.0,40400,35300,1.144,46,46,4,57
E03738,2022-01-25,,,,DE,Munich,Customer Service,L1,M,24,Permanent,Onsite,1.0,34250,34200,1.001,53,53,3,34
E03739,2026-01-30,,,,IT,Milan,Customer Service,L1,F,40,Permanent,Hybrid,1.0,21850,23400,0.934,5,5,2,59
E03740,2025-08-20,,,,IT,Milan,Customer Service,L2,F,32,Fixed-term,Hybrid,1.0,23250,29200,0.796,10,10,3,57
E03741,2022-01-12,,,,PL,Krakow,Finance,L2,F,29,Permanent,Hybrid,1.0,32550,28900,1.126,53,18,2,57
E03742,2024-02-20,,,,DE,Munich,Operations,L2,F,34,Permanent,Hybrid,1.0,39450,45100,0.875,28,28,2,39
E03743,2022-05-16,2026-04-22,Voluntary,Better external offer,DE,Munich,Customer Service,L1,M,40,Permanent,Onsite,1.0,33500,34200,0.98,47,25,5,59
E03744,2022-05-01,,,,DE,Munich,Customer Service,L2,F,33,Permanent,Hybrid,1.0,40250,42800,0.94,49,49,3,45
E03745,2021-06-05,2026-02-25,Involuntary,Conduct,IT,Milan,Tech,L1,F,33,Permanent,Remote,1.0,33500,32500,1.031,56,56,4,58
E03746,2023-01-30,,,,ES,Barcelona,Customer Service,L1,F,40,Permanent,Onsite,1.0,24750,22500,1.1,41,18,4,59
E03747,2020-08-05,,,,IT,Milan,Customer Service,L4,F,39,Permanent,Hybrid,1.0,52450,49100,1.068,70,70,3,73
E03748,2022-05-04,,,,PL,Krakow,Operations,L2,M,31,Permanent,Hybrid,0.8,27750,24900,1.114,49,24,3,72
E03749,2025-09-18,,,,PL,Krakow,Sales,L3,F,32,Permanent,Hybrid,1.0,37050,35300,1.05,9,9,2,75
E03750,2021-06-04,,,,IT,Milan,Operations,L3,F,28,Permanent,Onsite,1.0,40300,39500,1.02,60,37,3,48
E03751,2021-05-24,,,,PL,Krakow,Finance,L3,F,20,Permanent,Hybrid,1.0,36400,37000,0.984,61,23,1,88
E03752,2022-10-08,,,,PL,Krakow,Finance,L4,M,43,Fixed-term,Remote,1.0,48600,48500,1.002,44,18,3,58
E03753,2022-04-19,2026-03-15,Involuntary,Performance,PL,Krakow,Sales,L2,F,26,Permanent,Hybrid,0.8,24350,27600,0.882,47,22,4,50
E03754,2021-10-17,,,,PL,Krakow,Customer Service,L3,M,36,Permanent,Remote,1.0,33300,30200,1.103,56,12,2,67
E03755,2025-07-02,,,,IT,Milan,Sales,L2,M,20,Fixed-term,Onsite,1.0,26800,34100,0.786,11,11,4,63
E03756,2024-01-07,,,,ES,Barcelona,Operations,L4,M,40,Fixed-term,Remote,1.0,51800,49900,1.038,29,13,3,71
E03757,2024-08-13,,,,ES,Barcelona,Customer Service,L3,M,43,Permanent,Hybrid,1.0,34650,36000,0.963,22,22,4,71
E03758,2022-10-25,,,,PL,Krakow,Operations,L5,F,41,Permanent,Hybrid,1.0,68150,57900,1.177,44,18,1,67
E03759,2025-09-16,,,,IT,Milan,Tech,L4,F,42,Permanent,Onsite,1.0,69150,68200,1.014,9,9,3,73
E03760,2025-07-21,2026-05-21,Voluntary,Compensation,ES,Barcelona,Tech,L2,M,38,Fixed-term,Hybrid,1.0,35800,39100,0.916,10,10,4,58
E03761,2026-03-16,,,,IT,Milan,Sales,L3,F,41,Fixed-term,Onsite,1.0,39300,43700,0.899,3,3,3,53
E03762,2014-11-06,,,,PL,Krakow,Tech,L2,M,49,Permanent,Onsite,1.0,34200,32800,1.043,139,31,3,52
E03763,2023-11-06,,,,IT,Milan,HR,L1,M,26,Fixed-term,Hybrid,1.0,26500,26000,1.019,31,21,4,72
E03764,2023-03-10,,,,IT,Milan,HR,L2,F,32,Permanent,Remote,1.0,35100,32500,1.08,39,6,3,74
E03765,2022-08-20,,,,PL,Krakow,Customer Service,L4,M,38,Permanent,Hybrid,1.0,40600,39700,1.023,46,18,3,62
E03766,2024-06-06,,,,PL,Krakow,Customer Service,L1,F,38,Fixed-term,Remote,0.8,20350,18900,1.077,24,15,2,66
E03767,2025-12-23,,,,PL,Krakow,Tech,L4,M,26,Permanent,Remote,1.0,38150,55100,0.692,6,6,3,52
E03768,2022-02-18,,,,IT,Milan,Customer Service,L1,F,37,Permanent,Hybrid,1.0,21100,23400,0.902,52,25,3,31
E03769,2024-11-20,,,,PL,Krakow,Sales,L1,F,27,Permanent,Onsite,1.0,23900,22000,1.086,19,14,3,65
E03770,2023-03-20,,,,PL,Krakow,Operations,L2,M,40,Permanent,Onsite,1.0,25450,24900,1.022,39,20,4,67
E03771,2014-11-13,,,,IT,Milan,Customer Service,L3,M,57,Permanent,Onsite,1.0,33700,37400,0.901,139,11,3,46
E03772,2024-10-14,,,,DE,Munich,Tech,L4,M,34,Permanent,Remote,1.0,88400,99800,0.886,20,20,4,57
E03773,2023-09-15,,,,PL,Krakow,Operations,L1,M,26,Permanent,Hybrid,1.0,20650,20000,1.032,33,13,3,77
E03774,2025-04-23,,,,PL,Krakow,Customer Service,L1,M,22,Fixed-term,Remote,1.0,18650,18900,0.987,14,14,2,68
E03775,2021-12-03,,,,PL,Krakow,Customer Service,L2,F,24,Permanent,Hybrid,1.0,24250,23600,1.028,54,54,4,60
E03776,2025-11-08,,,,IT,Milan,Operations,L2,F,31,Fixed-term,Hybrid,1.0,28450,30900,0.921,7,7,1,84
E03777,2024-01-30,2026-06-17,Voluntary,Compensation,PL,Krakow,Operations,L6,F,34,Permanent,Onsite,0.8,91350,79800,1.145,29,18,3,62
E03778,2024-09-30,,,,PL,Krakow,Customer Service,L3,F,37,Permanent,Onsite,1.0,32950,30200,1.091,21,11,3,58
E03779,2025-10-19,2026-04-16,Voluntary,Career progression,ES,Barcelona,Finance,L4,M,20,Fixed-term,Onsite,1.0,51350,57800,0.888,6,6,3,51
E03780,2024-03-27,,,,PL,Krakow,Customer Service,L2,F,31,Permanent,Onsite,1.0,24400,23600,1.034,27,18,2,68
E03781,2026-02-05,,,,IT,Milan,HR,L3,M,38,Permanent,Hybrid,1.0,37150,41600,0.893,4,4,3,70
E03782,2023-09-05,,,,ES,Barcelona,Customer Service,L1,F,44,Permanent,Hybrid,1.0,26350,22500,1.171,33,17,1,61
E03783,2020-06-06,,,,PL,Krakow,Sales,L2,F,41,Permanent,Onsite,1.0,29050,27600,1.053,72,72,5,45
E03784,2020-04-09,,,,PL,Krakow,Finance,L1,F,28,Permanent,Onsite,1.0,24050,23100,1.041,74,17,3,71
E03785,2017-03-25,2026-02-14,Involuntary,Conduct,PL,Krakow,Operations,L2,F,56,Permanent,Hybrid,1.0,26000,24900,1.044,107,107,2,62
E03786,2021-04-22,,,,IT,Milan,Sales,L1,F,31,Permanent,Onsite,0.8,24700,27300,0.905,62,23,5,52
E03787,2025-01-26,,,,IT,Milan,Tech,L2,F,46,Fixed-term,Remote,1.0,40050,40600,0.986,17,10,3,60
E03788,2025-07-15,,,,PL,Krakow,Customer Service,L1,F,23,Fixed-term,Onsite,1.0,18300,18900,0.968,11,11,4,65
E03789,2022-03-02,,,,DE,Munich,HR,L4,F,34,Permanent,Hybrid,1.0,63650,79800,0.798,51,30,3,54
E03790,2024-03-22,,,,IT,Milan,Customer Service,L4,F,23,Permanent,Remote,1.0,50250,49100,1.023,27,10,2,64
E03791,2025-11-03,2026-04-14,Voluntary,Compensation,PL,Krakow,Customer Service,L2,M,28,Permanent,Onsite,1.0,20750,23600,0.879,5,5,5,37
E03792,2026-01-18,,,,PL,Krakow,Sales,L2,F,26,Permanent,Remote,1.0,24000,27600,0.87,5,5,5,65
E03793,2018-08-14,,,,IT,Milan,Operations,L4,M,38,Permanent,Remote,1.0,48800,51900,0.94,94,32,3,66
E03794,2024-12-04,,,,ES,Barcelona,Customer Service,L1,F,37,Permanent,Hybrid,1.0,21000,22500,0.933,18,15,3,73
E03795,2016-07-11,,,,PL,Krakow,Operations,L5,M,36,Permanent,Remote,0.8,63450,57900,1.096,119,15,2,74
E03796,2021-05-05,,,,DE,Munich,Finance,L4,F,39,Permanent,Hybrid,1.0,84100,87800,0.958,61,61,4,41
E03797,2023-02-14,,,,ES,Barcelona,Finance,L3,F,40,Permanent,Onsite,1.0,47650,44000,1.083,40,24,5,68
E03798,2025-12-13,,,,DE,Munich,Finance,L4,F,35,Permanent,Hybrid,0.8,81400,87800,0.927,6,6,4,65
E03799,2024-05-14,,,,IT,Milan,Operations,L2,F,34,Permanent,Hybrid,1.0,31500,30900,1.019,25,25,4,72
E03800,2025-04-12,2025-11-23,Voluntary,Better external offer,IT,Milan,Sales,L3,F,27,Fixed-term,Hybrid,1.0,41100,43700,0.941,7,3,3,60
E03801,2020-09-18,,,,IT,Milan,Tech,L5,F,38,Permanent,Onsite,1.0,83350,94200,0.885,69,69,3,47
E03802,2026-01-03,2026-03-02,Voluntary,Compensation,ES,Barcelona,Tech,L1,M,20,Fixed-term,Hybrid,1.0,27400,31200,0.878,2,2,3,61
E03803,2014-10-21,,,,DE,Munich,Customer Service,L5,M,53,Permanent,Remote,1.0,114250,99200,1.152,140,140,4,58
E03804,2025-06-01,,,,PL,Krakow,Finance,L1,M,21,Permanent,Hybrid,1.0,21100,23100,0.913,12,12,3,62
E03805,2023-10-21,,,,ES,Barcelona,Operations,L1,F,37,Permanent,Hybrid,1.0,21600,23800,0.908,32,32,4,54
E03806,2023-08-02,,,,IT,Milan,Finance,L2,F,20,Permanent,Hybrid,1.0,42950,35800,1.2,34,16,3,72
E03807,2024-02-19,,,,PL,Krakow,Operations,L6,F,32,Permanent,Remote,1.0,87150,79800,1.092,28,28,3,48
E03808,2022-10-06,,,,PL,Krakow,Customer Service,L2,F,34,Permanent,Onsite,1.0,23350,23600,0.989,44,29,3,48
E03809,2025-12-04,,,,IT,Milan,Customer Service,L2,F,20,Permanent,Hybrid,0.8,25600,29200,0.877,6,6,2,59
E03810,2021-05-04,2026-02-13,Voluntary,Manager / leadership,IT,Milan,Customer Service,L1,F,34,Permanent,Onsite,1.0,24400,23400,1.043,57,57,1,52
E03811,2019-04-02,,,,DE,Munich,Customer Service,L3,F,43,Permanent,Hybrid,0.8,60150,54700,1.1,86,86,3,69
E03812,2018-09-15,,,,PL,Krakow,Tech,L2,M,44,Permanent,Hybrid,1.0,36300,32800,1.107,93,93,3,53
E03813,2021-02-12,,,,DE,Munich,HR,L2,F,36,Fixed-term,Hybrid,1.0,42750,47500,0.9,64,64,3,34
E03814,2022-03-13,,,,PL,Krakow,Customer Service,L5,F,43,Permanent,Hybrid,1.0,63850,54800,1.165,51,25,3,55
E03815,2025-02-01,,,,ES,Barcelona,HR,L2,F,32,Permanent,Hybrid,1.0,28300,31200,0.907,16,6,4,62
E03816,2026-03-11,,,,DE,Munich,Operations,L2,M,31,Fixed-term,Onsite,1.0,36350,45100,0.806,3,3,3,51
E03817,2022-10-15,,,,PL,Krakow,Operations,L2,F,28,Fixed-term,Hybrid,1.0,22250,24900,0.894,44,20,4,57
E03818,2025-10-06,,,,IT,Milan,Operations,L3,F,28,Permanent,Onsite,1.0,33800,39500,0.856,8,8,2,49
E03819,2019-04-02,,,,IT,Milan,Sales,L1,M,45,Permanent,Onsite,1.0,27350,27300,1.002,86,36,5,58
E03820,2023-10-09,,,,ES,Barcelona,Finance,L1,M,37,Permanent,Onsite,1.0,32050,27500,1.165,32,11,3,62
E03821,2019-11-20,,,,ES,Barcelona,Operations,L1,F,39,Permanent,Hybrid,1.0,26300,23800,1.105,79,79,4,66
E03822,2019-07-25,,,,PL,Krakow,Tech,L4,M,52,Permanent,Hybrid,1.0,52100,55100,0.946,83,29,3,64
E03823,2025-02-17,,,,PL,Krakow,Tech,L1,M,35,Fixed-term,Hybrid,1.0,26200,26200,1.0,16,13,3,76
E03824,2025-09-06,,,,DE,Munich,Operations,L3,F,39,Fixed-term,Hybrid,1.0,49550,57800,0.857,9,9,3,51
E03825,2025-04-16,,,,PL,Krakow,Sales,L2,M,32,Fixed-term,Onsite,1.0,26300,27600,0.953,14,14,4,72
E03826,2024-09-26,,,,PL,Krakow,Tech,L2,F,36,Permanent,Hybrid,1.0,37400,32800,1.14,21,18,4,72
E03827,2026-04-01,,,,IT,Milan,Tech,L1,M,22,Fixed-term,Hybrid,1.0,26700,32500,0.822,2,2,2,57
E03828,2018-10-20,,,,PL,Krakow,Sales,L2,F,30,Permanent,Onsite,1.0,29300,27600,1.062,92,13,3,65
E03829,2025-08-18,,,,ES,Barcelona,Sales,L2,M,40,Fixed-term,Hybrid,1.0,27350,32800,0.834,10,10,3,73
E03830,2026-04-10,,,,DE,Munich,HR,L2,F,37,Permanent,Hybrid,0.8,46100,47500,0.971,2,2,4,69
E03831,2025-09-07,,,,IT,Milan,HR,L1,F,45,Permanent,Hybrid,0.8,22000,26000,0.846,9,9,4,53
E03832,2019-04-02,,,,DE,Munich,Tech,L2,F,28,Permanent,Hybrid,1.0,62450,59400,1.051,86,86,4,50
E03833,2024-02-24,,,,IT,Milan,Finance,L3,F,31,Permanent,Hybrid,1.0,51550,45800,1.126,28,18,3,60
E03834,2024-11-22,,,,PL,Krakow,Tech,L2,M,20,Permanent,Onsite,1.0,35350,32800,1.078,19,13,3,68
E03835,2025-09-21,,,,ES,Barcelona,Operations,L3,M,38,Permanent,Onsite,1.0,38800,38000,1.021,9,9,4,75
E03836,2026-06-17,,,,DE,Munich,Tech,L1,F,37,Fixed-term,Onsite,1.0,37150,47500,0.782,0,0,3,51
E03837,2015-04-15,,,,IT,Milan,Operations,L3,M,42,Permanent,Hybrid,1.0,36150,39500,0.915,134,134,2,54
E03838,2025-12-12,,,,DE,Munich,Operations,L2,M,23,Fixed-term,Remote,1.0,44450,45100,0.986,6,6,3,64
E03839,2026-02-22,,,,ES,Barcelona,HR,L2,F,30,Permanent,Onsite,1.0,31250,31200,1.002,4,4,4,74
E03840,2016-12-03,2026-02-03,Voluntary,Compensation,IT,Milan,Sales,L3,F,45,Permanent,Remote,1.0,39600,43700,0.906,110,27,2,36
E03841,2025-01-10,,,,PL,Krakow,Sales,L4,M,44,Permanent,Hybrid,1.0,52700,46300,1.138,17,12,4,81
E03842,2026-01-09,,,,DE,Munich,HR,L3,F,45,Fixed-term,Hybrid,1.0,48250,60800,0.794,5,5,4,61
E03843,2023-02-26,,,,ES,Barcelona,Tech,L4,M,43,Permanent,Remote,1.0,62650,65600,0.955,40,22,3,73
E03844,2021-03-06,,,,PL,Krakow,Operations,L2,M,37,Permanent,Hybrid,1.0,27900,24900,1.12,63,13,5,77
E03845,2024-02-18,,,,PL,Krakow,Customer Service,L3,M,40,Permanent,Hybrid,1.0,33600,30200,1.113,28,13,1,74
E03846,2025-05-15,,,,PL,Krakow,Tech,L1,F,36,Permanent,Hybrid,1.0,24250,26200,0.926,13,13,4,70
E03847,2022-07-18,,,,ES,Barcelona,Sales,L1,F,37,Permanent,Onsite,1.0,23850,26200,0.91,47,32,3,33
E03848,2012-07-08,,,,IT,Milan,Tech,L4,M,43,Permanent,Onsite,1.0,76900,68200,1.128,167,35,3,52
E03849,2022-10-14,2025-12-20,Voluntary,Better external offer,ES,Barcelona,Tech,L1,F,45,Permanent,Remote,1.0,33100,31200,1.061,38,7,1,62
E03850,2024-05-06,,,,ES,Barcelona,Customer Service,L1,M,45,Permanent,Hybrid,1.0,24000,22500,1.067,25,25,4,57
E03851,2025-04-19,,,,IT,Milan,Operations,L1,M,32,Fixed-term,Onsite,1.0,26750,24700,1.083,14,5,4,85
E03852,2021-05-07,,,,IT,Milan,Sales,L2,M,44,Permanent,Onsite,1.0,35150,34100,1.031,61,61,3,61
E03853,2021-04-13,,,,ES,Barcelona,Customer Service,L3,F,26,Permanent,Hybrid,1.0,32050,36000,0.89,62,32,3,40
E03854,2024-03-08,2026-01-19,Involuntary,Performance,PL,Krakow,Customer Service,L5,F,37,Permanent,Hybrid,1.0,50150,54800,0.915,22,16,4,58
E03855,2025-12-14,,,,DE,Munich,Customer Service,L6,M,36,Fixed-term,Hybrid,1.0,112000,136800,0.819,6,6,3,61
E03856,2026-04-11,2026-05-24,Voluntary,Better external offer,PL,Krakow,Customer Service,L2,F,33,Fixed-term,Onsite,1.0,21600,23600,0.915,1,1,3,55
E03857,2019-06-05,,,,PL,Krakow,Finance,L2,M,50,Permanent,Hybrid,1.0,30550,28900,1.057,84,16,3,71
E03858,2025-10-01,,,,IT,Milan,HR,L1,M,38,Permanent,Hybrid,1.0,27600,26000,1.062,8,8,3,74
E03859,2023-09-16,,,,PL,Krakow,Finance,L1,F,33,Permanent,Hybrid,1.0,25500,23100,1.104,33,16,3,58
E03860,2024-05-24,,,,DE,Munich,Customer Service,L3,F,32,Permanent,Onsite,1.0,49750,54700,0.91,25,20,3,56
E03861,2026-05-21,,,,ES,Barcelona,Customer Service,L2,F,28,Permanent,Onsite,0.8,23500,28100,0.836,1,1,3,41
E03862,2026-03-21,,,,DE,Munich,Customer Service,L1,F,23,Permanent,Hybrid,1.0,31500,34200,0.921,3,3,3,71
E03863,2022-09-19,,,,DE,Munich,Finance,L4,M,35,Permanent,Hybrid,1.0,86100,87800,0.981,45,45,3,59
E03864,2025-12-22,,,,IT,Milan,Operations,L3,F,24,Fixed-term,Onsite,1.0,35650,39500,0.903,6,6,3,48
E03865,2024-12-01,,,,DE,Munich,Customer Service,L5,F,27,Permanent,Hybrid,0.8,90500,99200,0.912,18,13,4,56
E03866,2025-11-16,,,,PL,Krakow,Customer Service,L4,M,25,Permanent,Hybrid,1.0,38700,39700,0.975,7,7,3,73
E03867,2023-08-20,,,,IT,Milan,Operations,L3,M,23,Permanent,Onsite,1.0,41850,39500,1.059,34,34,2,67
E03868,2026-02-03,,,,DE,Munich,Operations,L2,F,30,Permanent,Onsite,0.8,46050,45100,1.021,4,4,4,74
E03869,2022-05-12,,,,PL,Krakow,Sales,L3,M,39,Permanent,Hybrid,1.0,33800,35300,0.958,49,8,3,63
E03870,2026-02-11,,,,IT,Milan,Operations,L2,F,22,Fixed-term,Hybrid,1.0,23600,30900,0.764,4,4,5,61
E03871,2018-01-09,,,,DE,Munich,Tech,L1,F,44,Permanent,Hybrid,1.0,49250,47500,1.037,101,30,3,67
E03872,2023-11-14,,,,DE,Munich,HR,L1,F,30,Permanent,Remote,1.0,41950,38000,1.104,31,31,3,66
E03873,2018-12-07,,,,DE,Munich,Operations,L5,F,38,Permanent,Remote,1.0,109950,104700,1.05,90,90,4,52
E03874,2022-08-07,,,,IT,Milan,Customer Service,L2,F,35,Permanent,Onsite,1.0,24650,29200,0.844,46,20,2,38
E03875,2023-10-13,,,,PL,Krakow,Operations,L2,F,37,Permanent,Hybrid,1.0,27650,24900,1.11,32,32,3,60
E03876,2023-07-21,,,,ES,Barcelona,Operations,L1,F,20,Permanent,Remote,0.8,25200,23800,1.059,35,35,4,66
E03877,2024-06-01,,,,PL,Krakow,Operations,L1,M,29,Permanent,Hybrid,1.0,21450,20000,1.073,24,24,4,61
E03878,2025-02-20,,,,PL,Krakow,Tech,L2,M,42,Fixed-term,Remote,0.8,31900,32800,0.973,16,16,4,56
E03879,2026-02-19,,,,IT,Milan,Operations,L4,M,23,Fixed-term,Hybrid,0.8,45550,51900,0.878,4,4,4,69
E03880,2024-08-12,,,,PL,Krakow,Operations,L1,F,39,Permanent,Hybrid,1.0,18950,20000,0.948,22,22,5,81
E03881,2022-12-14,,,,IT,Milan,Operations,L1,F,40,Fixed-term,Hybrid,1.0,23000,24700,0.931,42,10,3,75
E03882,2016-12-19,,,,PL,Krakow,Operations,L1,F,44,Fixed-term,Hybrid,1.0,21450,20000,1.073,114,114,3,61
E03883,2025-01-16,,,,IT,Milan,Tech,L2,F,26,Permanent,Onsite,1.0,41950,40600,1.033,17,17,3,76
E03884,2025-06-19,,,,IT,Milan,Customer Service,L4,F,26,Permanent,Hybrid,1.0,41800,49100,0.851,12,12,3,49
E03885,2023-03-19,,,,PL,Krakow,HR,L4,F,25,Permanent,Hybrid,1.0,47450,44100,1.076,39,39,4,71
E03886,2025-06-16,,,,PL,Krakow,Customer Service,L2,M,31,Permanent,Onsite,1.0,20100,23600,0.852,12,12,3,62
E03887,2014-12-17,,,,PL,Krakow,Tech,L1,F,48,Permanent,Remote,1.0,22050,26200,0.842,138,19,3,44
E03888,2016-01-20,,,,IT,Milan,HR,L1,F,52,Permanent,Onsite,1.0,24200,26000,0.931,125,125,2,66
E03889,2023-10-26,,,,DE,Munich,Finance,L2,F,36,Permanent,Onsite,1.0,54550,52300,1.043,32,32,3,59
E03890,2016-05-11,,,,IT,Milan,Customer Service,L1,M,45,Permanent,Onsite,1.0,21950,23400,0.938,121,121,5,44
E03891,2025-02-19,,,,DE,Munich,Customer Service,L1,F,21,Fixed-term,Onsite,1.0,29700,34200,0.868,16,16,2,62
E03892,2025-05-07,,,,PL,Krakow,Tech,L1,M,39,Permanent,Hybrid,1.0,24600,26200,0.939,13,13,3,69
E03893,2025-10-26,2025-12-02,Voluntary,Work-life balance,DE,Munich,Customer Service,L3,M,41,Fixed-term,Onsite,1.0,47200,54700,0.863,2,2,3,55
E03894,2025-04-13,,,,ES,Barcelona,Customer Service,L3,F,32,Fixed-term,Hybrid,1.0,34750,36000,0.965,14,12,3,59
E03895,2026-06-06,,,,PL,Krakow,Operations,L6,F,37,Permanent,Hybrid,1.0,68800,79800,0.862,0,0,3,46
E03896,2015-07-27,,,,IT,Milan,Finance,L3,F,44,Permanent,Onsite,1.0,44350,45800,0.968,131,131,3,52
E03897,2016-04-19,,,,IT,Milan,Customer Service,L4,M,48,Permanent,Hybrid,1.0,51000,49100,1.039,122,21,2,67
E03898,2023-03-13,,,,IT,Milan,Tech,L3,M,21,Permanent,Hybrid,1.0,55250,52000,1.062,39,39,4,85
E03899,2018-10-18,,,,DE,Munich,Sales,L2,F,31,Permanent,Hybrid,1.0,49000,49900,0.982,92,30,3,63
E03900,2017-06-11,,,,DE,Munich,Finance,L3,F,39,Permanent,Hybrid,0.8,68050,66900,1.017,108,108,3,60
E03901,2025-01-05,,,,PL,Krakow,Customer Service,L1,M,27,Permanent,Onsite,1.0,18450,18900,0.976,17,17,3,66
E03902,2025-11-06,,,,IT,Milan,Operations,L5,M,23,Permanent,Remote,1.0,48600,71600,0.679,7,7,3,54
E03903,2025-05-08,2025-09-20,Voluntary,Compensation,PL,Krakow,HR,L1,F,43,Permanent,Remote,1.0,19900,21000,0.948,4,4,3,70
E03904,2014-06-21,,,,PL,Krakow,Tech,L3,F,48,Permanent,Onsite,1.0,38450,42000,0.915,144,31,3,55
E03905,2022-06-04,,,,PL,Krakow,Sales,L4,F,38,Permanent,Hybrid,1.0,44500,46300,0.961,48,24,3,62
E03906,2024-06-14,,,,DE,Munich,Finance,L2,M,41,Fixed-term,Hybrid,1.0,60550,52300,1.158,24,24,3,59
E03907,2022-07-08,,,,ES,Barcelona,Tech,L2,M,29,Permanent,Onsite,1.0,39000,39100,0.997,47,21,3,65
E03908,2020-12-10,2026-03-14,Voluntary,Relocation,PL,Krakow,Customer Service,L2,F,42,Permanent,Hybrid,1.0,25850,23600,1.095,63,11,3,48
E03909,2022-05-11,,,,IT,Milan,Tech,L2,M,35,Permanent,Hybrid,1.0,48850,40600,1.203,49,49,3,62
E03910,2024-03-23,,,,IT,Milan,Sales,L1,M,28,Permanent,Hybrid,0.8,28350,27300,1.038,27,4,5,78
E03911,2025-05-21,,,,ES,Barcelona,Operations,L4,F,27,Permanent,Hybrid,1.0,50350,49900,1.009,13,13,3,69
E03912,2025-02-01,,,,PL,Krakow,Tech,L2,M,31,Fixed-term,Hybrid,1.0,31850,32800,0.971,16,10,3,82
E03913,2020-03-17,,,,IT,Milan,Sales,L3,M,26,Permanent,Remote,1.0,47550,43700,1.088,75,21,3,73
E03914,2020-03-11,,,,DE,Munich,Tech,L1,M,34,Fixed-term,Remote,1.0,39850,47500,0.839,75,26,3,48
E03915,2024-01-13,,,,PL,Krakow,Operations,L5,F,21,Permanent,Hybrid,1.0,61050,57900,1.054,29,29,4,62
E03916,2026-01-03,,,,PL,Krakow,Tech,L3,M,36,Permanent,Remote,1.0,37700,42000,0.898,5,5,3,46
E03917,2022-07-04,,,,DE,Munich,Operations,L3,F,24,Permanent,Hybrid,1.0,53650,57800,0.928,47,15,3,75
E03918,2021-07-03,,,,IT,Milan,Finance,L1,M,31,Permanent,Hybrid,1.0,32300,28600,1.129,59,30,4,59
E03919,2026-01-23,,,,IT,Milan,Customer Service,L1,M,38,Fixed-term,Remote,1.0,18750,23400,0.801,5,5,3,51
E03920,2024-03-20,,,,ES,Barcelona,HR,L2,F,22,Permanent,Hybrid,1.0,29450,31200,0.944,27,7,4,73
E03921,2015-09-21,,,,PL,Krakow,Customer Service,L2,M,56,Permanent,Onsite,0.8,26800,23600,1.136,129,6,2,75
E03922,2025-11-20,2026-05-25,Voluntary,Career progression,IT,Milan,Customer Service,L2,F,34,Permanent,Onsite,1.0,25800,29200,0.884,6,6,2,50
E03923,2023-10-05,,,,DE,Munich,Tech,L2,M,28,Permanent,Hybrid,1.0,57000,59400,0.96,32,32,3,58
E03924,2024-09-23,,,,PL,Krakow,Operations,L1,M,38,Permanent,Hybrid,1.0,19450,20000,0.973,21,14,3,61
E03925,2025-12-26,,,,DE,Munich,Operations,L5,M,38,Permanent,Remote,1.0,92400,104700,0.883,6,6,4,59
E03926,2023-11-24,,,,DE,Munich,Operations,L4,F,44,Permanent,Remote,1.0,71450,75800,0.943,31,31,3,55
E03927,2024-04-09,,,,DE,Munich,Customer Service,L2,M,39,Permanent,Onsite,1.0,46950,42800,1.097,26,26,4,52
E03928,2025-05-18,,,,PL,Krakow,Operations,L4,M,33,Fixed-term,Onsite,1.0,40850,41900,0.975,13,13,5,87
E03929,2015-01-23,,,,DE,Munich,Customer Service,L2,F,43,Permanent,Hybrid,1.0,42650,42800,0.996,137,137,3,65
E03930,2025-12-19,,,,IT,Milan,Sales,L6,M,42,Fixed-term,Onsite,1.0,106250,109200,0.973,6,6,1,67
E03931,2024-08-20,,,,PL,Krakow,Sales,L2,F,23,Fixed-term,Hybrid,1.0,28150,27600,1.02,22,22,4,92
E03932,2026-01-22,,,,DE,Munich,Customer Service,L1,F,36,Fixed-term,Onsite,1.0,34200,34200,1.0,5,5,5,62
E03933,2013-08-18,,,,PL,Krakow,Finance,L1,F,50,Permanent,Hybrid,1.0,23250,23100,1.006,154,154,3,44
E03934,2025-07-10,,,,DE,Munich,Customer Service,L3,F,25,Permanent,Hybrid,1.0,50850,54700,0.93,11,11,1,70
E03935,2024-08-24,,,,DE,Munich,Operations,L1,M,20,Permanent,Hybrid,1.0,40150,36100,1.112,22,13,2,63
E03936,2026-02-05,,,,ES,Barcelona,Customer Service,L2,F,22,Permanent,Hybrid,1.0,27650,28100,0.984,4,4,4,51
E03937,2021-12-11,2026-01-01,Voluntary,Better external offer,ES,Barcelona,Tech,L2,F,30,Permanent,Hybrid,1.0,40750,39100,1.042,49,49,3,61
E03938,2024-10-11,,,,IT,Milan,Operations,L5,F,31,Permanent,Onsite,0.8,76550,71600,1.069,20,10,3,85
E03939,2019-04-30,,,,DE,Munich,HR,L2,M,20,Permanent,Hybrid,1.0,47450,47500,0.999,86,22,2,62
E03940,2021-09-17,,,,DE,Munich,Tech,L2,F,32,Permanent,Hybrid,0.8,58400,59400,0.983,57,24,3,60
E03941,2020-07-02,,,,PL,Krakow,Customer Service,L3,F,35,Permanent,Hybrid,1.0,30350,30200,1.005,71,39,3,43
E03942,2025-10-18,2025-11-26,Voluntary,Compensation,IT,Milan,Tech,L3,F,20,Permanent,Remote,1.0,44050,52000,0.847,1,1,2,52
E03943,2024-03-31,,,,DE,Munich,Customer Service,L3,F,32,Permanent,Remote,1.0,62550,54700,1.144,27,27,4,74
E03944,2026-01-18,2026-06-12,Involuntary,Performance,PL,Krakow,Customer Service,L3,M,22,Permanent,Hybrid,1.0,27500,30200,0.911,5,5,3,53
E03945,2024-06-10,,,,IT,Milan,Operations,L1,M,33,Permanent,Remote,1.0,24350,24700,0.986,24,18,3,52
E03946,2025-12-01,,,,DE,Munich,Operations,L4,M,25,Permanent,Onsite,1.0,61700,75800,0.814,6,6,3,50
E03947,2025-02-01,2025-12-23,Voluntary,Manager / leadership,DE,Munich,Operations,L2,F,24,Permanent,Hybrid,1.0,47450,45100,1.052,10,6,3,72
E03948,2025-07-06,2026-06-19,Voluntary,Personal reasons,IT,Milan,Sales,L5,M,38,Fixed-term,Onsite,1.0,75050,79200,0.948,11,11,3,49
E03949,2022-02-28,,,,IT,Milan,Sales,L3,F,43,Permanent,Remote,0.8,45800,43700,1.048,52,29,3,48
E03950,2024-08-09,,,,ES,Barcelona,Customer Service,L2,M,35,Fixed-term,Onsite,1.0,31700,28100,1.128,22,10,3,63
E03951,2026-02-01,,,,DE,Munich,Customer Service,L4,M,23,Fixed-term,Onsite,1.0,54850,71800,0.764,4,4,3,49
E03952,2019-06-03,,,,DE,Munich,Customer Service,L3,F,38,Fixed-term,Onsite,1.0,54000,54700,0.987,84,84,2,40
E03953,2020-12-30,,,,IT,Milan,Tech,L1,M,35,Permanent,Onsite,1.0,31000,32500,0.954,66,19,2,77
E03954,2019-06-01,2025-12-20,Voluntary,Career progression,IT,Milan,Customer Service,L4,M,48,Permanent,Remote,1.0,57400,49100,1.169,78,78,4,58
E03955,2025-05-12,,,,IT,Milan,Operations,L1,F,29,Fixed-term,Hybrid,1.0,23950,24700,0.97,13,13,3,66
E03956,2022-10-07,,,,PL,Krakow,Customer Service,L4,M,44,Permanent,Onsite,0.8,38850,39700,0.979,44,16,3,57
E03957,2021-05-16,,,,IT,Milan,Tech,L2,F,43,Permanent,Hybrid,1.0,39850,40600,0.982,61,25,3,57
E03958,2020-12-06,,,,IT,Milan,Customer Service,L2,F,45,Permanent,Onsite,1.0,29150,29200,0.998,66,66,3,54
E03959,2024-10-31,,,,PL,Krakow,Customer Service,L4,F,30,Permanent,Hybrid,1.0,39900,39700,1.005,20,20,4,67
E03960,2022-10-19,,,,IT,Milan,Customer Service,L3,M,34,Permanent,Onsite,1.0,33900,37400,0.906,44,19,3,54
E03961,2015-07-18,,,,PL,Krakow,Operations,L2,F,45,Permanent,Onsite,1.0,24100,24900,0.968,131,16,3,62
E03962,2023-07-19,,,,PL,Krakow,Operations,L2,M,37,Permanent,Onsite,1.0,26650,24900,1.07,35,35,4,50
E03963,2021-02-24,,,,PL,Krakow,Customer Service,L1,F,25,Permanent,Hybrid,1.0,20100,18900,1.063,64,64,3,62
E03964,2022-09-19,,,,PL,Krakow,Customer Service,L4,F,29,Permanent,Remote,1.0,48850,39700,1.23,45,40,3,53
E03965,2023-04-10,,,,DE,Munich,Sales,L3,M,35,Fixed-term,Hybrid,1.0,58400,63800,0.915,38,17,3,60
E03966,2020-12-03,,,,DE,Munich,HR,L4,M,37,Permanent,Onsite,1.0,86850,79800,1.088,66,66,3,56
E03967,2025-05-15,2025-08-14,Voluntary,Relocation,PL,Krakow,Customer Service,L3,F,20,Fixed-term,Hybrid,1.0,28150,30200,0.932,3,3,2,70
E03968,2024-11-24,,,,ES,Barcelona,HR,L1,F,20,Permanent,Hybrid,1.0,24700,25000,0.988,19,19,3,62
E03969,2024-05-12,,,,ES,Barcelona,Tech,L5,M,32,Permanent,Hybrid,1.0,92300,90600,1.019,25,25,1,55
E03970,2017-06-10,2026-03-13,Voluntary,Relocation,PL,Krakow,Sales,L1,F,34,Permanent,Onsite,1.0,22300,22000,1.014,105,105,3,56
E03971,2023-10-19,,,,PL,Krakow,Sales,L2,F,42,Permanent,Hybrid,1.0,25050,27600,0.908,32,32,3,41
E03972,2024-01-19,,,,DE,Munich,Sales,L2,F,36,Permanent,Onsite,1.0,46200,49900,0.926,29,19,3,61
E03973,2020-10-10,2026-01-09,Voluntary,Career progression,PL,Krakow,Operations,L1,M,48,Permanent,Onsite,1.0,19100,20000,0.955,63,63,4,58
E03974,2023-10-10,,,,DE,Munich,HR,L3,F,34,Permanent,Onsite,1.0,64250,60800,1.057,32,32,3,68
E03975,2025-11-22,,,,IT,Milan,Customer Service,L2,M,23,Permanent,Hybrid,1.0,28100,29200,0.962,7,7,3,73
E03976,2021-03-31,,,,PL,Krakow,Operations,L3,F,43,Permanent,Hybrid,1.0,32000,31900,1.003,63,25,4,54
E03977,2024-12-04,,,,IT,Milan,Operations,L5,M,41,Permanent,Remote,1.0,77000,71600,1.075,18,16,2,71
E03978,2025-01-08,,,,IT,Milan,Sales,L1,M,43,Fixed-term,Remote,1.0,27100,27300,0.993,17,9,3,86
E03979,2021-09-05,,,,DE,Munich,HR,L2,M,30,Permanent,Onsite,1.0,40800,47500,0.859,57,12,4,73
E03980,2016-12-21,2025-08-04,Voluntary,Compensation,PL,Krakow,Tech,L2,M,48,Permanent,Onsite,1.0,29100,32800,0.887,104,104,3,42
E03981,2026-02-02,,,,ES,Barcelona,Operations,L1,F,28,Permanent,Onsite,1.0,22950,23800,0.964,4,4,3,71
E03982,2017-08-14,,,,DE,Munich,Operations,L1,F,47,Permanent,Remote,1.0,36850,36100,1.021,106,24,3,69
E03983,2023-11-07,,,,PL,Krakow,Tech,L3,M,20,Permanent,Hybrid,1.0,49550,42000,1.18,31,31,3,50
E03984,2025-11-07,,,,DE,Munich,Sales,L4,F,33,Fixed-term,Hybrid,1.0,67800,83800,0.809,7,7,3,54
E03985,2016-01-06,,,,PL,Krakow,Finance,L2,F,47,Permanent,Hybrid,1.0,30400,28900,1.052,125,23,3,75
E03986,2019-10-09,,,,PL,Krakow,Customer Service,L2,F,45,Permanent,Onsite,1.0,23100,23600,0.979,80,21,1,83
E03987,2025-07-09,,,,DE,Munich,Finance,L1,M,25,Permanent,Hybrid,1.0,41450,41800,0.992,11,11,2,74
E03988,2024-07-03,,,,ES,Barcelona,Finance,L2,M,27,Permanent,Remote,1.0,39100,34400,1.137,23,10,3,81
E03989,2024-02-05,,,,DE,Munich,Customer Service,L3,M,25,Permanent,Hybrid,1.0,43800,54700,0.801,28,17,4,63
E03990,2020-06-04,,,,PL,Krakow,Tech,L2,F,45,Permanent,Hybrid,1.0,36800,32800,1.122,72,26,3,59
E03991,2024-11-11,,,,ES,Barcelona,Tech,L2,F,26,Permanent,Hybrid,1.0,33550,39100,0.858,19,19,4,69
E03992,2022-12-08,,,,PL,Krakow,Tech,L5,F,35,Permanent,Hybrid,1.0,84250,76100,1.107,42,12,3,63
E03993,2019-02-18,,,,PL,Krakow,Sales,L2,F,53,Permanent,Hybrid,1.0,28350,27600,1.027,88,21,4,78
E03994,2012-07-21,,,,PL,Krakow,Operations,L5,F,43,Permanent,Onsite,1.0,61050,57900,1.054,167,167,3,63
E03995,2025-11-08,,,,PL,Krakow,Sales,L1,M,30,Permanent,Hybrid,1.0,18200,22000,0.827,7,7,4,50
E03996,2017-08-02,2026-02-12,Voluntary,Career progression,PL,Krakow,Tech,L1,M,45,Permanent,Hybrid,1.0,24250,26200,0.926,102,102,3,48
E03997,2023-05-14,,,,DE,Munich,Customer Service,L2,F,40,Permanent,Onsite,1.0,39900,42800,0.932,37,28,3,44
E03998,2022-02-01,2025-12-06,Voluntary,Manager / leadership,IT,Milan,Sales,L3,M,32,Permanent,Hybrid,1.0,38800,43700,0.888,46,46,3,42
E03999,2024-10-10,,,,PL,Krakow,Customer Service,L1,F,35,Permanent,Hybrid,1.0,17200,18900,0.91,20,13,3,50
E04000,2024-04-19,2025-12-19,Voluntary,Career progression,ES,Barcelona,Operations,L1,F,26,Permanent,Onsite,1.0,24400,23800,1.025,20,20,4,60
